sector,yahoo_sector_key,rank,ticker,etf_name,source_url,retrieved_at_utc,screen_language,screen_region,screen_quote_type,screen_type_disp,screen_quote_source_name,screen_triggerable,screen_custom_price_alert_confidence,screen_yield_ttm,screen_pe_ttm,screen_annual_return_nav_y3,screen_annual_return_nav_y5,screen_trailing_annual_dividend_rate,screen_fifty_two_week_change_percent,screen_regular_market_previous_close,screen_message_board_id,screen_ytd_return,screen_trailing_three_month_returns,screen_trailing_three_month_nav_returns,screen_net_assets,screen_market_state,screen_eps_trailing_twelve_months,screen_full_exchange_name,screen_long_name,screen_fifty_day_average_change,screen_currency,screen_fifty_two_week_high_change_percent,screen_regular_market_day_range,screen_regular_market_day_low,screen_regular_market_volume,screen_fifty_day_average_change_percent,screen_two_hundred_day_average,screen_two_hundred_day_average_change,screen_regular_market_time,screen_regular_market_price,screen_regular_market_day_high,screen_price_to_book,screen_source_interval,screen_exchange_data_delayed_by,screen_exchange_timezone_name,screen_exchange_timezone_short_name,screen_fifty_two_week_low_change,screen_has_pre_post_market_data,screen_first_trade_date_milliseconds,screen_trailing_pe,screen_ask_size,screen_market,screen_post_market_time,screen_post_market_change_percent,screen_average_daily_volume10_day,screen_fifty_two_week_low_change_percent,screen_post_market_price,screen_post_market_change,screen_regular_market_change,screen_exchange,screen_fifty_two_week_high,screen_fifty_two_week_low,screen_dividend_yield,screen_financial_currency,screen_regular_market_open,screen_shares_outstanding,screen_book_value,screen_fifty_day_average,screen_trailing_annual_dividend_yield,screen_gmt_off_set_milliseconds,screen_average_daily_volume3_month,screen_esg_populated,screen_tradeable,screen_crypto_tradeable,screen_two_hundred_day_average_change_percent,screen_price_hint,screen_fifty_two_week_high_change,screen_bid_size,screen_fifty_two_week_range,screen_net_expense_ratio,screen_short_name,screen_ask,screen_bid,screen_corporate_actions,screen_regular_market_change_percent,screen_symbol,screen_ipo_expected_date,screen_dividend_date,screen_prev_name,screen_name_change_date,screen_earnings_call_timestamp_start,screen_earnings_call_timestamp_end,screen_is_earnings_date_estimate,screen_earnings_timestamp_start,screen_earnings_timestamp_end
Consumer Discretionary,consumer-cyclical,1,XLY,State Street Consumer Discretionary Select Sector SPDR ETF,https://finance.yahoo.com/research-hub/screener/sec-ind_sec-top-etfs_consumer-cyclical/,2026-07-19T04:19:51+00:00,en-US,US,ETF,ETF,Delayed Quote,False,LOW,0.77,29.949087,39.62849,27.84971,1.17,3.4315944,117.34,finmb_8795473,-1.35526,7.86719,7.86719,22593435600.0,CLOSED,3.9167674,NYSEArca,State Street Consumer Discretionary Select Sector SPDR ETF,-1.8040009,USD,-0.07655387,115.32 - 116.87,115.32,9408225,-0.015386722,117.37995,-1.939949,1784318400,115.44,116.87,0.68718374,15,0,America/New_York,EDT,10.25,True,914337000000,29.473286,200,us_market,1784332526.0,-0.025986468,8585020,0.097442724,115.41,-0.02999878,-1.89999,PCX,125.01,105.19,0.77,USD,115.91,120253000.0,167.99,117.244,0.0099710245,-14400000,8022454,False,False,False,-0.01652709,2,-9.57,800,105.19 - 125.01,0.08,State Street Consumer Discretio,115.48,114.76,[],-1.61922,XLY,,,,,,,,,
Consumer Discretionary,consumer-cyclical,2,JPIE,JPMorgan Income ETF,https://finance.yahoo.com/research-hub/screener/sec-ind_sec-top-etfs_consumer-cyclical/,2026-07-19T04:19:51+00:00,en-US,US,ETF,ETF,Delayed Quote,False,LOW,5.73,20.24701356549909,,,0.0,-0.49837232,45.93,finmb_1673572815,1.86495,1.41476,1.41476,9740692500.0,CLOSED,2.290017,NYSEArca,JPMorgan Income ETF,-0.029800415,USD,-0.014803742,45.91 - 45.96,45.91,1160627,-0.0006485429,46.197765,-0.27776718,1784318400,45.92,45.96,,15,0,America/New_York,EDT,0.14999771,True,1635859800000,20.052254,10700,us_market,1784327326.0,0.043555006,1395820,0.0032772059,45.94,0.020000458,-0.0100021,PCX,46.61,45.77,5.62,,45.94,,,45.9498,0.0,-14400000,1429840,False,False,False,-0.0060125673,2,-0.69000244,5700,45.77 - 46.61,0.39,JPMorgan Income ETF,45.93,45.9,[],-0.0217769,JPIE,,,,,,,,,
Consumer Discretionary,consumer-cyclical,3,VCR,Vanguard Consumer Discretionary Index Fund ETF Shares,https://finance.yahoo.com/research-hub/screener/sec-ind_sec-top-etfs_consumer-cyclical/,2026-07-19T04:19:51+00:00,en-US,US,ETF,ETF,Nasdaq Real Time Price,False,LOW,0.72,26.867276,40.397,24.88164,0.0,5.314827,397.51,finmb_22939068,1.05229,10.56385,10.56385,6827243000.0,CLOSED,14.761825,NYSEArca,Vanguard Consumer Discretionary Index Fund ETF Shares,-0.9642029,USD,-0.0548663,390.975 - 396.1,390.975,45455,-0.002456479,389.0017,2.5482788,1784318400,391.55,396.1,,15,0,America/New_York,EDT,45.069977,True,1075473000000,26.524498,40,us_market,1784327069.0,0.73299086,69070,0.13007958,394.42,2.8700256,-5.96002,PCX,414.28,346.48,0.72,,393.07,,,392.5142,0.0,-14400000,61470,False,False,False,0.0065508164,2,-22.730011,200,346.48 - 414.28,0.09,Vanguard Consumer Discretion ET,391.68,391.55,[],-1.49934,VCR,,,,,,,,,
Consumer Discretionary,consumer-cyclical,4,TSLL,Direxion Daily TSLA Bull 2X Shares,https://finance.yahoo.com/research-hub/screener/sec-ind_sec-top-etfs_consumer-cyclical/,2026-07-19T04:19:51+00:00,en-US,US,ETF,ETF,Nasdaq Real Time Price,False,LOW,6.94,59.988002,,,0.0,-7.664233,12.02,finmb_1793225454,-24.52798,17.78592,17.78592,4930099200.0,CLOSED,0.2360472,NasdaqGM,Direxion Daily TSLA Bull 2X Shares,-2.4681997,USD,-0.5204296,11.16 - 11.68,11.16,39286149,-0.1781682,16.13975,-4.7547493,1784318400,11.385,11.68,,15,0,America/New_York,EDT,1.4750004,True,1660051800000,48.23188,8,us_market,1784332799.0,-0.483974,46218950,0.1488396,11.3299,-0.05510044,-0.635,NGM,23.74,9.91,6.94,,11.445,,,13.8532,0.0,-14400000,73232391,False,False,False,-0.2945987,2,-12.355,1,9.91 - 23.74,0.83,Direxion Daily TSLA Bull 2X ETF,11.39,8.4,[],-5.28286,TSLL,,,,,,,,,
Consumer Discretionary,consumer-cyclical,5,ITB,iShares U.S. Home Construction ETF,https://finance.yahoo.com/research-hub/screener/sec-ind_sec-top-etfs_consumer-cyclical/,2026-07-19T04:19:51+00:00,en-US,US,ETF,ETF,Delayed Quote,False,LOW,0.62,17.082337,68.83016,49.1462,0.0,2.65795,100.19,finmb_27445771,8.94077,15.54897,15.54897,2602911740.0,CLOSED,6.1194563,Cboe US,iShares U.S. Home Construction ETF,1.7444,USD,-0.17516948,97.095 - 101.7454,97.095,1799637,0.01824961,99.39195,-2.0619507,1784318400,97.33,101.7454,,15,0,America/New_York,EDT,12.349998,True,1146835800000,15.905008,200,us_market,1784332006.0,0.1044897,2207240,0.14532828,97.4317,0.10169983,-2.86,BTS,118.0,84.98,0.62,,99.765,,,95.5856,0.0,-14400000,2290553,False,False,False,-0.02074565,2,-20.669998,400,84.98 - 118.0,0.38,iShares U.S. Home Construction ,97.35,96.75,[],-2.85458,ITB,,,,,,,,,
Consumer Discretionary,consumer-cyclical,6,FDIS,Fidelity MSCI Consumer Discretionary Index ETF,https://finance.yahoo.com/research-hub/screener/sec-ind_sec-top-etfs_consumer-cyclical/,2026-07-19T04:19:51+00:00,en-US,US,ETF,ETF,Nasdaq Real Time Price,False,LOW,0.72,26.824034,40.42493,24.34137,0.0,5.262065,103.16,finmb_243638578,1.11461,10.50847,10.50847,1697842820.0,CLOSED,3.8360956,NYSEArca,Fidelity MSCI Consumer Discretionary Index ETF,-0.26999664,USD,-0.054257743,101.47 - 102.8299,101.47,69638,-0.0026498837,100.97415,0.64585114,1784318400,101.62,102.8299,,15,0,America/New_York,EDT,11.670006,True,1382621400000,26.490477,700,us_market,1784329942.0,-0.9348598,65080,0.12973881,100.67,-0.9500046,-1.54,PCX,107.45,89.95,0.72,,102.03,,,101.89,0.0,-14400000,95417,False,False,False,0.006396203,2,-5.829994,500,89.95 - 107.45,0.084,Fidelity MSCI Consumer Discreti,101.62,101.59,[],-1.49283,FDIS,,,,,,,,,
Consumer Discretionary,consumer-cyclical,7,XHB,State Street SPDR S&P Homebuilders ETF,https://finance.yahoo.com/research-hub/screener/sec-ind_sec-top-etfs_consumer-cyclical/,2026-07-19T04:19:51+00:00,en-US,US,ETF,ETF,Nasdaq Real Time Price,False,LOW,0.68,20.648358,60.05722,49.65231,,7.125187,110.8,finmb_26752346,12.78192,17.27764,17.27764,1630054780.0,CLOSED,5.598827,NYSEArca,State Street SPDR S&P Homebuilders ETF,2.2585983,USD,-0.120847866,107.915 - 111.785,107.915,2079733,0.02130926,107.01015,1.2398529,1784318400,108.25,111.785,,15,0,America/New_York,EDT,14.68,True,1139236200000,19.334408,100,us_market,1784331667.0,0.5819836,2386820,0.15688789,108.88,0.62999725,-2.55,PCX,123.13,93.57,0.68,,110.31,,,105.9914,,-14400000,2671079,False,False,False,0.011586311,2,-14.879997,600,93.57 - 123.13,0.35,State Street SPDR S&P Homebuild,108.22,108.2,[],-2.30145,XHB,,,,,,,,,
Consumer Discretionary,consumer-cyclical,8,JSI,Janus Henderson Securitized Income ETF,https://finance.yahoo.com/research-hub/screener/sec-ind_sec-top-etfs_consumer-cyclical/,2026-07-19T04:19:51+00:00,en-US,US,ETF,ETF,Delayed Quote,False,LOW,6.29,27.344818,,,0.0,-2.1842837,51.29,finmb_1853542066,1.25937,0.96313,0.96313,1512502020.0,CLOSED,1.881161,NYSEArca,Janus Henderson Securitized Income ETF,-0.10951996,USD,-0.035277516,51.265 - 51.3399,51.265,92868,-0.0021313804,51.92458,-0.6495781,1784318386,51.275,51.3399,,15,0,America/New_York,EDT,0.18500137,True,1699540200000,27.257105,400,us_market,1784322300.0,0.0,109240,0.0036210876,51.275,0.0,-0.0149994,PCX,53.15,51.09,6.33,,51.31,,,51.38452,0.0,-14400000,139030,False,False,False,-0.0125100305,2,-1.875,300,51.09 - 53.15,0.5,Janus Henderson Securitized Inc,54.21,48.21,[],-0.0292443,JSI,,,,,,,,,
Consumer Discretionary,consumer-cyclical,9,JFLX,JPMorgan Flexible Debt ETF,https://finance.yahoo.com/research-hub/screener/sec-ind_sec-top-etfs_consumer-cyclical/,2026-07-19T04:19:51+00:00,en-US,US,ETF,ETF,Delayed Quote,False,LOW,,,7.20967,0.76844,0.0,-0.39622784,50.08,finmb_117286251,2.37843,2.65026,2.65026,1383792510.0,CLOSED,,NYSEArca,JPMorgan Flexible Debt ETF,-0.10317993,USD,-0.01574027,50.005 - 50.04,50.005,84572,-0.0020583218,50.242466,-0.21746445,1784318372,50.025,50.04,,15,0,America/New_York,EDT,0.63000107,True,1759152600000,,500,us_market,1784322300.0,0.0,105400,0.012754349,50.025,0.0,-0.0550003,PCX,50.825,49.395,4.46,,50.0,,,50.12818,0.0,-14400000,101262,False,False,False,-0.0043283,2,-0.79999924,100,49.395 - 50.825,0.45,JPMorgan Flexible Debt ETF,50.02,50.0,[],-0.109825,JFLX,,,,,,,,,
Consumer Discretionary,consumer-cyclical,10,IYC,iShares US Consumer Discretionary ETF,https://finance.yahoo.com/research-hub/screener/sec-ind_sec-top-etfs_consumer-cyclical/,2026-07-19T04:19:51+00:00,en-US,US,ETF,ETF,Delayed Quote,False,LOW,0.51,26.075619,34.10324,19.62262,0.423,-0.5449295,102.07,finmb_8795981,-1.68863,4.4068,4.4068,1162411780.0,CLOSED,3.8763905,NYSEArca,iShares US Consumer Discretionary ETF,-0.8642044,USD,-0.065014936,100.28 - 101.488,100.28,119296,-0.008535841,102.0366,-1.656601,1784318400,100.38,101.488,1.1965526,15,0,America/New_York,EDT,6.3899994,True,962199000000,25.895224,700,us_market,1784328000.0,0.6176557,99320,0.06798595,101.0,0.62000275,-1.69,PCX,107.36,93.99,0.51,USD,100.88,4500000.0,83.891,101.2442,0.004144215,-14400000,111264,False,False,False,-0.01623536,2,-6.9800034,1000,93.99 - 107.36,0.38,iShares U.S. Consumer Discretio,100.33,100.31,[],-1.65573,IYC,,,,,,,,,
Consumer Discretionary,consumer-cyclical,11,NAIL,Direxion Daily Homebuilders & Supplies Bull 3X Shares,https://finance.yahoo.com/research-hub/screener/sec-ind_sec-top-etfs_consumer-cyclical/,2026-07-19T04:19:51+00:00,en-US,US,ETF,ETF,Nasdaq Real Time Price,False,LOW,0.59,17.173278,259.7134,167.645,0.0,-24.611729,45.13,finmb_206886716,5.31409,37.41385,37.41385,731474240.0,CLOSED,3.0315702,NYSEArca,Direxion Daily Homebuilders & Supplies Bull 3X Shares,-0.008399963,USD,-0.58325756,40.8701 - 47.15,40.8701,1188248,-0.0002035447,52.5447,-11.284702,1784318400,41.26,47.15,,15,0,America/New_York,EDT,11.629999,True,1439991000000,13.610108,200,us_market,1784332739.0,0.14348108,996800,0.39250758,41.3192,0.059200287,-3.87,PCX,99.006,29.63,0.59,,44.58,,,41.2684,0.0,-14400000,1617219,False,False,False,-0.21476385,2,-57.746,400,29.63 - 99.006,0.96,Direxion Daily Homebuilders & S,41.29,41.3,[],-8.57523,NAIL,,,,,,,,,
Consumer Discretionary,consumer-cyclical,12,XRT,State Street SPDR S&P Retail ETF,https://finance.yahoo.com/research-hub/screener/sec-ind_sec-top-etfs_consumer-cyclical/,2026-07-19T04:19:51+00:00,en-US,US,ETF,ETF,Delayed Quote,False,LOW,0.77,16.960651,21.59031,42.74493,0.521,11.232746,90.48,finmb_27776413,3.28875,9.25075,9.25075,381375040.0,CLOSED,5.1688976,NYSEArca,State Street SPDR S&P Retail ETF,4.325798,USD,-0.024331734,89.01 - 91.56,89.01,6322878,0.050835405,84.86165,4.5583496,1784318400,89.42,91.56,0.9899258,15,0,America/New_York,EDT,12.699997,True,1150983000000,17.299627,400,us_market,1784328000.0,0.32431325,3855390,0.16553697,89.71,0.29000092,-1.06001,PCX,91.65,76.72,0.77,USD,89.98,12100200.0,90.33,85.0942,0.005758179,-14400000,5203795,False,False,False,0.053715073,2,-2.2300034,1300,76.72 - 91.65,0.35,State Street SPDR S&P Retail ET,89.43,89.42,[],-1.17154,XRT,,,,,,,,,
Consumer Discretionary,consumer-cyclical,13,AMZU,Direxion Daily AMZN Bull 2X Shares,https://finance.yahoo.com/research-hub/screener/sec-ind_sec-top-etfs_consumer-cyclical/,2026-07-19T04:19:51+00:00,en-US,US,ETF,ETF,Nasdaq Real Time Price,False,LOW,6.06,31.746032,,,0.0,-10.736733,36.32,finmb_1796977772,-3.74328,24.51363,24.51363,323487232.0,CLOSED,1.0477846,NasdaqGM,Direxion Daily AMZN Bull 2X Shares,-2.472599,USD,-0.24692404,34.5 - 36.35,34.5,2636452,-0.06511535,35.30495,0.19504929,1784318401,35.5,36.35,,15,0,America/New_York,EDT,10.959999,True,1662557400000,33.881012,4,us_market,1784332723.0,-0.15352276,3054530,0.44661772,35.4455,-0.05450058,-0.82,NGM,47.14,24.54,6.06,,34.72,,,37.9726,0.0,-14400000,3337443,False,False,False,0.0055247005,2,-11.639999,2,24.54 - 47.14,0.99,Direxion Daily AMZN Bull 2X ETF,35.58,35.45,[],-2.25771,AMZU,,,,,,,,,
Consumer Discretionary,consumer-cyclical,14,RSPD,Invesco S&P 500 Equal Weight Consumer Discretionary ETF,https://finance.yahoo.com/research-hub/screener/sec-ind_sec-top-etfs_consumer-cyclical/,2026-07-19T04:19:51+00:00,en-US,US,ETF,ETF,Delayed Quote,False,LOW,0.88,22.789426,22.54132,28.75693,,0.7628083,56.32,finmb_30119308,-1.24606,4.89646,4.89646,308201344.0,CLOSED,2.4574556,NYSEArca,Invesco S&P 500 Equal Weight Consumer Discretionary ETF,0.6247978,USD,-0.08054359,55.43 - 56.43,55.43,103173,0.011389947,56.22825,-0.74824905,1784318399,55.48,56.43,,15,0,America/New_York,EDT,4.5099983,True,1162909800000,22.576197,100,us_market,1784322300.0,0.0,50340,0.088483386,55.48,0.0,-0.84,PCX,60.34,50.97,0.88,,56.0688,,,54.8552,,-14400000,61050,False,False,False,-0.013307352,2,-4.8600006,300,50.97 - 60.34,0.4,Invesco S&P 500 Equal Weight Co,55.49,55.44,[],-1.49148,RSPD,,,,,,,,,
Consumer Discretionary,consumer-cyclical,15,PEJ,Invesco Dynamic Leisure and Entertainment ETF,https://finance.yahoo.com/research-hub/screener/sec-ind_sec-top-etfs_consumer-cyclical/,2026-07-19T04:19:51+00:00,en-US,US,ETF,ETF,Delayed Quote,False,LOW,0.5,25.726782,15.6637,22.85232,0.074,12.137246,66.24,finmb_22938307,9.12037,15.03196,15.03196,279936288.0,CLOSED,2.587576,NYSEArca,Invesco Dynamic Leisure and Entertainment ETF,2.0692024,USD,-0.03254785,65.63 - 66.125,65.63,15111,0.032523993,60.83125,4.858753,1784318400,65.69,66.125,1.1228485,15,0,America/New_York,EDT,10.030003,True,1119533400000,25.386696,200,us_market,1784326514.0,0.0,41750,0.18020126,65.69,0.0,-0.549995,PCX,67.9,55.66,0.5,USD,66.1,1400000.0,58.503,63.6208,0.0011171498,-14400000,40464,False,False,False,0.07987265,2,-2.209999,200,55.66 - 67.9,0.57,Invesco Leisure and Entertainme,65.83,65.8,[],-0.830307,PEJ,,,,,,,,,
Consumer Discretionary,consumer-cyclical,16,FXD,First Trust Consumer Discretionary AlphaDEX Fund,https://finance.yahoo.com/research-hub/screener/sec-ind_sec-top-etfs_consumer-cyclical/,2026-07-19T04:19:51+00:00,en-US,US,ETF,ETF,Delayed Quote,False,LOW,0.61,14.880952,23.29759,22.67214,0.0,6.3976645,70.1836,finmb_34336592,1.50841,8.34244,8.34244,266491296.0,CLOSED,4.6515837,NYSEArca,First Trust Consumer Discretionary AlphaDEX Fund,1.776001,USD,-0.041730057,69.17 - 69.95,69.17,4154,0.026282314,67.63675,1.7132492,1784317273,69.35,69.95,,15,0,America/New_York,EDT,7.489998,True,1178803800000,14.9089,800,us_market,1784322300.0,0.0,7090,0.121079825,69.35,0.0,-0.833603,PCX,72.37,61.86,0.61,,69.8,,,67.574,0.0,-14400000,8487,False,False,False,0.025330152,2,-3.0200043,2300,61.86 - 72.37,0.6,First Trust Cons. Discret. Alph,69.32,69.21,[],-1.18775,FXD,,,,,,,,,
Consumer Discretionary,consumer-cyclical,17,TSLT,T-Rex 2X Long Tesla Daily Target ETF,https://finance.yahoo.com/research-hub/screener/sec-ind_sec-top-etfs_consumer-cyclical/,2026-07-19T04:19:51+00:00,en-US,US,ETF,ETF,Nasdaq Real Time Price,False,LOW,0.0,59.988002,,,0.0,-5.0595226,16.81,finmb_1837196405,-25.49607,16.92127,16.92127,255455072.0,CLOSED,0.3302327,Cboe US,T-Rex 2X Long Tesla Daily Target ETF,-3.3688002,USD,-0.51710564,15.63 - 16.34,15.63,1760902,-0.17437936,22.322975,-6.3729753,1784318400,15.95,16.34,,15,0,America/New_York,EDT,2.4099998,True,1697722200000,48.299274,800,us_market,1784332693.0,-0.12538874,2170740,0.17799112,15.93,-0.019999504,-0.86,BTS,33.03,13.54,0.0,,16.0,,,19.3188,0.0,-14400000,2942345,False,False,False,-0.28548953,2,-17.079998,600,13.54 - 33.03,1.05,T-REX 2X Long Tesla Daily Targe,15.91,15.95,[],-5.116,TSLT,2023-10-19,,,,,,,,
Consumer Discretionary,consumer-cyclical,18,RXI,iShares Global Consumer Discretionary ETF,https://finance.yahoo.com/research-hub/screener/sec-ind_sec-top-etfs_consumer-cyclical/,2026-07-19T04:19:51+00:00,en-US,US,ETF,ETF,Delayed Quote,False,LOW,1.47,22.050717,27.21544,15.72575,,2.457559,197.922,finmb_29100949,-5.04619,4.31948,4.31948,251662160.0,CLOSED,8.779138,NYSEArca,iShares Global Consumer Discretionary ETF,-1.022995,USD,-0.085325375,195.22 - 196.52,195.22,5349,-0.0052046776,200.9387,-5.4087067,1784318400,195.53,196.52,,15,0,America/New_York,EDT,14.850006,True,1158845400000,22.27212,100,us_market,1784322300.0,0.0,4400,0.082189545,195.53,0.0,-2.39171,PCX,213.77,180.68,1.47,,195.69,,,196.553,,-14400000,7346,False,False,False,-0.026917197,2,-18.240005,500,180.68 - 213.77,0.39,iShares Global Consumer Discret,251.05,195.49,[],-1.20841,RXI,,,,,,,,,
Consumer Discretionary,consumer-cyclical,19,RTH,VanEck Retail ETF,https://finance.yahoo.com/research-hub/screener/sec-ind_sec-top-etfs_consumer-cyclical/,2026-07-19T04:19:51+00:00,en-US,US,ETF,ETF,Nasdaq Real Time Price,False,LOW,0.95,27.87845,20.02086,24.97184,0.0,9.0582485,262.83,finmb_3203450,2.51393,1.86454,1.86454,248402272.0,CLOSED,9.171242,NasdaqGM,VanEck Retail ETF,1.3721924,USD,-0.040362526,260.685 - 266.03,260.685,7425,0.005284793,257.12454,3.8968506,1784318400,261.0214,266.03,,15,0,America/New_York,EDT,24.041397,True,990106200000,28.460855,1,us_market,1784319005.0,0.008196483,4260,0.10144906,261.0214,0.021392822,-1.8085938,NGM,272.0,236.98,0.95,,263.22,,,259.6492,0.0,-14400000,5879,False,False,False,0.015155498,2,-10.978607,1,236.98 - 272.0,0.35,VanEck Retail ETF,261.33,261.1,[],-0.68812305,RTH,,,,,,,,,
Consumer Discretionary,consumer-cyclical,20,EMBX,VanEck Emerging Markets Bond ETF,https://finance.yahoo.com/research-hub/screener/sec-ind_sec-top-etfs_consumer-cyclical/,2026-07-19T04:19:51+00:00,en-US,US,ETF,ETF,Delayed Quote,False,LOW,,,10.97149,-4.30108,0.0,4.6736836,51.1284,finmb_206483625,3.59359,4.53043,4.53043,246183840.0,CLOSED,,NYSEArca,VanEck Emerging Markets Bond ETF,-0.22219849,USD,-0.06536167,51.0 - 51.09,51.0,35114,-0.0043344977,50.96956,0.07104111,1784318259,51.0406,51.09,,15,0,America/New_York,EDT,2.7220154,True,1341840600000,,200,us_market,1784322300.0,0.0,37920,0.05633475,51.0406,0.0,-0.0877991,PCX,54.61,48.318584,5.38,,51.03,,,51.2628,0.0,-14400000,53609,False,False,False,0.0013937948,2,-3.5694008,200,48.318584 - 54.61,0.76,VanEck Emerging Markets Bond ET,55.73,50.75,[],-0.171723,EMBX,,,,,,,,,
Consumer Discretionary,consumer-cyclical,21,INCO,Columbia India Consumer ETF,https://finance.yahoo.com/research-hub/screener/sec-ind_sec-top-etfs_consumer-cyclical/,2026-07-19T04:19:51+00:00,en-US,US,ETF,ETF,Delayed Quote,False,LOW,0.0,38.880249,34.12499,19.69543,0.0,-8.464289,58.57,finmb_139207917,-8.68029,11.5243,11.5243,225889008.0,CLOSED,1.5287968,NYSEArca,Columbia India Consumer ETF,0.15089798,USD,-0.13512935,58.735 - 58.99,58.735,10682,0.0025716454,61.50595,-2.677452,1784316639,58.8285,58.99,,15,0,America/New_York,EDT,5.6385,True,1312983000000,38.48026,200,us_market,1784332616.0,-0.20143257,25360,0.10600677,58.71,-0.118499756,0.258499,PCX,68.02,53.19,0.0,,58.76,,,58.6776,0.0,-14400000,31629,False,False,False,-0.043531593,2,-9.191498,200,53.19 - 68.02,0.75,Columbia India Consumer ETF,58.83,58.74,[],0.441351,INCO,,,,,,,,,
Consumer Discretionary,consumer-cyclical,22,OILK,ProShares K-1 Free Crude Oil ETF,https://finance.yahoo.com/research-hub/screener/sec-ind_sec-top-etfs_consumer-cyclical/,2026-07-19T04:19:51+00:00,en-US,US,ETF,ETF,Delayed Quote,False,LOW,3.09,35.714285714285715,-0.44357,62.27683,0.0,28.221893,51.66,finmb_381531459,35.6461,-6.55969,-6.55969,221043216.0,CLOSED,1.2507601,Cboe US,ProShares K-1 Free Crude Oil ETF,-0.5195999,USD,-0.136964,52.51 - 53.255,52.51,235895,-0.009721306,46.10694,6.823059,1784318401,52.93,53.255,,15,0,America/New_York,EDT,16.8,True,1475069400000,42.318268,1400,us_market,1784331007.0,0.8879675,140530,0.46498752,53.4,0.47000122,1.27,BTS,61.33,36.13,9.89,,52.88,,,53.4496,0.0,-14400000,208166,False,False,False,0.14798334,2,-8.400002,100,36.13 - 61.33,0.69,ProShares K-1 Free Crude Oil ET,53.39,51.0,[],2.45838,OILK,,,,,,,,,
Consumer Discretionary,consumer-cyclical,23,JIII,Janus Henderson Income ETF,https://finance.yahoo.com/research-hub/screener/sec-ind_sec-top-etfs_consumer-cyclical/,2026-07-19T04:19:51+00:00,en-US,US,ETF,ETF,Delayed Quote,False,LOW,7.91,32.733224,,,0.0,-1.9302726,49.84,finmb_1898091379,2.01214,2.31645,2.31645,186406064.0,CLOSED,1.5186404,NYSEArca,Janus Henderson Income ETF,-0.020137787,USD,-0.035824914,49.78 - 49.86,49.78,12464,-0.0004042909,50.362385,-0.5723839,1784318399,49.79,49.86,,15,0,America/New_York,EDT,0.59000015,True,1733927400000,32.785904,600,us_market,1784322300.0,0.0,14300,0.011991872,49.79,0.0,-0.0499992,PCX,51.64,49.2,7.91,,49.71,,,49.81014,0.0,-14400000,15279,False,False,False,-0.011365306,2,-1.8499985,100,49.2 - 51.64,0.54,Janus Henderson Income ETF,62.25,46.81,[],-0.100319,JIII,,,,,,,,,
Consumer Discretionary,consumer-cyclical,24,IDRV,iShares Self-Driving EV and Tech ETF,https://finance.yahoo.com/research-hub/screener/sec-ind_sec-top-etfs_consumer-cyclical/,2026-07-19T04:19:51+00:00,en-US,US,ETF,ETF,Delayed Quote,False,LOW,2.23,12.445550715619165,,,,7.1831346,36.56,finmb_581308181,0.89976,0.03506,0.03506,137356976.0,CLOSED,2.457103,NYSEArca,iShares Self-Driving EV and Tech ETF,-4.6829185,USD,-0.20880803,35.65 - 36.24,35.65,7264,-0.11479734,39.36554,-3.255539,1784318400,36.11,36.24,,15,0,America/New_York,EDT,4.2350006,True,1555594200000,14.696169,200,us_market,1784330839.0,0.24923886,16360,0.13286276,36.2,0.09000015,-0.450001,PCX,45.64,31.875,1.68,,35.69,,,40.79292,,-14400000,28046,False,False,False,-0.08270022,2,-9.529999,200,31.875 - 45.64,0.48,iShares Self-Driving EV and Tec,39.57,29.0,[],-1.23086,IDRV,,,,,,,,,
Consumer Discretionary,consumer-cyclical,25,CHIQ,Global X MSCI China Consumer Discretionary ETF,https://finance.yahoo.com/research-hub/screener/sec-ind_sec-top-etfs_consumer-cyclical/,2026-07-19T04:19:51+00:00,en-US,US,ETF,ETF,Delayed Quote,False,LOW,1.8,11.938873,-10.91915,-27.22703,0.0,-20.036428,17.975,finmb_82308320,-25.61156,-18.37088,-18.37088,112919424.0,CLOSED,1.3267584,NYSEArca,Global X MSCI China Consumer Discretionary ETF,-0.30680084,USD,-0.2882043,17.45 - 17.58,17.45,18241,-0.01717156,20.5567,-2.9967003,1784318400,17.56,17.58,,15,0,America/New_York,EDT,2.08,True,1259677800000,13.235266,800,us_market,1784322300.0,0.0,32700,0.13436693,17.56,0.0,-0.415001,PCX,24.67,15.48,1.8,,17.57,,,17.8668,0.0,-14400000,39488,False,False,False,-0.1457773,2,-7.1100006,800,15.48 - 24.67,0.65,Global X MSCI China Consumer Di,18.0,17.28,[],-2.30877,CHIQ,,,,,,,,,
Consumer Discretionary,consumer-cyclical,26,CGHY,Capital Group High Yield Bond ETF,https://finance.yahoo.com/research-hub/screener/sec-ind_sec-top-etfs_consumer-cyclical/,2026-07-19T04:19:51+00:00,en-US,US,ETF,ETF,Delayed Quote,False,LOW,5.46,28.901734,,,0.0,0.17821789,25.3297,finmb_1934986140,2.22212,2.38026,2.38026,112263264.0,CLOSED,0.876418,NYSEArca,Capital Group High Yield Bond ETF,-0.054000854,USD,-0.045471694,25.29 - 25.32,25.29,14379,-0.0021302951,25.363155,-0.06815529,1784318398,25.295,25.32,,15,0,America/New_York,EDT,0.46500015,True,1750944600000,28.8618,300,us_market,1784322300.0,0.0,39080,0.018727353,25.295,0.0,-0.0347004,PCX,26.5,24.83,5.46,,25.3,,,25.349,0.0,-14400000,54993,False,False,False,-0.002687177,2,-1.2049999,100,24.83 - 26.5,0.39,Capital Group High Yield Bond E,37.93,22.39,[],-0.136995,CGHY,,,,,,,,,
Consumer Discretionary,consumer-cyclical,27,IBUY,Amplify Online Retail ETF,https://finance.yahoo.com/research-hub/screener/sec-ind_sec-top-etfs_consumer-cyclical/,2026-07-19T04:19:51+00:00,en-US,US,ETF,ETF,Delayed Quote,False,LOW,0.11,17.664724,37.71784,-22.95381,0.0,1.758647,72.345,finmb_318888751,-7.0473,11.09581,11.09581,107307680.0,CLOSED,3.912951,NYSEArca,Amplify Online Retail ETF,3.5719147,USD,-0.099740714,70.9517 - 71.82,70.9517,23956,0.05284047,69.78817,1.3818283,1784318400,71.17,71.82,,15,0,America/New_York,EDT,13.089996,True,1461159000000,18.188318,500,us_market,1784322300.0,0.0,6860,0.22537872,71.17,0.0,-1.175,PCX,79.055,58.08,0.11,,71.39,7726000.0,,67.59808,0.0,-14400000,13006,False,False,False,0.019800322,2,-7.885002,100,58.08 - 79.055,0.65,Amplify Online Retail ETF,71.37,71.08,[],-1.62417,IBUY,,,,,,,,,
Consumer Discretionary,consumer-cyclical,28,ONLN,ProShares Online Retail ETF,https://finance.yahoo.com/research-hub/screener/sec-ind_sec-top-etfs_consumer-cyclical/,2026-07-19T04:19:51+00:00,en-US,US,ETF,ETF,Delayed Quote,False,LOW,0.31,21.79599,27.30754,-25.13316,0.0,5.9830666,58.48,finmb_570177538,-7.90213,2.38514,2.38514,62625120.0,CLOSED,2.4984686,NYSEArca,ProShares Online Retail ETF,1.2943993,USD,-0.099624634,57.46 - 57.85,57.46,5493,0.023001075,57.7812,-0.21120071,1784318383,57.57,57.85,,15,0,America/New_York,EDT,6.700001,True,1539869400000,23.042114,100,us_market,1784327060.0,0.0,8970,0.1317083,57.57,0.0,-0.91,PCX,63.94,50.87,0.31,,57.33,,,56.2756,0.0,-14400000,7383,False,False,False,-0.0036551803,2,-6.369999,100,50.87 - 63.94,0.58,ProShares Online Retail ETF,58.09,56.93,[],-1.55609,ONLN,,,,,,,,,
Consumer Discretionary,consumer-cyclical,29,BETZ,Roundhill Sports Betting & iGaming ETF,https://finance.yahoo.com/research-hub/screener/sec-ind_sec-top-etfs_consumer-cyclical/,2026-07-19T04:19:51+00:00,en-US,US,ETF,ETF,Nasdaq Real Time Price,False,LOW,5.11,20.525452,,,0.0,-20.154041,19.37,finmb_664268794,-11.02794,5.71065,5.71065,52619068.0,CLOSED,0.9105768,NYSEArca,Roundhill Sports Betting & iGaming ETF,0.15373993,USD,-0.2472998,19.12 - 19.235,19.12,16549,0.0080809165,19.7674,-0.58860016,1784317433,19.1788,19.235,,15,0,America/New_York,EDT,2.1288013,True,1591277400000,21.062254,100,us_market,1784332376.0,0.0062554604,20640,0.12485639,19.18,0.0011997223,-0.1912,PCX,25.48,17.05,5.11,,19.45,,,19.02506,0.0,-14400000,40619,False,False,False,-0.029776305,2,-6.301199,100,17.05 - 25.48,0.75,Roundhill Sports Betting & iGam,19.19,17.86,[],-0.987095,BETZ,,,,,,,,,
Consumer Discretionary,consumer-cyclical,30,GXPD,Global X Purecap MSCI Consumer Discretionary ETF,https://finance.yahoo.com/research-hub/screener/sec-ind_sec-top-etfs_consumer-cyclical/,2026-07-19T04:19:51+00:00,en-US,US,ETF,ETF,Delayed Quote,False,LOW,,,,,0.0,3.137052,26.29,finmb_1942486173,-1.43498,9.05942,9.05942,47733744.0,CLOSED,0.830648,NYSEArca,Global X Purecap MSCI Consumer Discretionary ETF,-0.40075874,USD,-0.0692501,25.92 - 26.1,25.92,15270,-0.015214396,26.08704,-0.14703941,1784318390,25.94,26.1,,15,0,America/New_York,EDT,3.1000004,True,1753277400000,31.228632,100,us_market,1784322300.0,0.0,14790,0.13572681,25.94,0.0,-0.35,PCX,27.87,22.84,,,26.09,,,26.34076,0.0,-14400000,42987,False,False,False,-0.0056364927,2,-1.9300003,600,22.84 - 27.87,0.15,Global X PureCap MSCI Consumer ,25.93,25.89,[],-1.33131,GXPD,,,,,,,,,
Consumer Discretionary,consumer-cyclical,31,RETL,Direxion Daily Retail Bull 3X Shares,https://finance.yahoo.com/research-hub/screener/sec-ind_sec-top-etfs_consumer-cyclical/,2026-07-19T04:19:51+00:00,en-US,US,ETF,ETF,Delayed Quote,False,LOW,0.56,16.960651,34.1903,101.7556,0.0,11.723328,9.86,finmb_109401310,-1.18638,23.07806,23.07806,35030664.0,CLOSED,0.5353568,NYSEArca,Direxion Daily Retail Bull 3X Shares,1.1413994,USD,-0.15589018,9.39 - 10.21,9.39,643997,0.13606553,8.86275,0.6672497,1784318400,9.53,10.21,,15,0,America/New_York,EDT,3.04,True,1279114200000,17.80121,6500,us_market,1784332211.0,-0.9443878,480520,0.46841297,9.44,-0.09000015,-0.33,PCX,11.29,6.49,0.56,,9.69,,,8.3886,0.0,-14400000,680324,False,False,False,0.07528698,2,-1.7600002,7700,6.49 - 11.29,0.96,Direxion Daily Retail Bull 3X E,9.83,9.1,[],-3.34686,RETL,,,,,,,,,
Consumer Discretionary,consumer-cyclical,32,TRUD,VanEck Consumer Disc TruSector ETF,https://finance.yahoo.com/research-hub/screener/sec-ind_sec-top-etfs_consumer-cyclical/,2026-07-19T04:19:51+00:00,en-US,US,ETF,ETF,Nasdaq Real Time Price,False,LOW,,,,,0.0,4.646337,26.21,finmb_1956248020,-0.72915,9.39455,9.39455,33166976.0,CLOSED,0.8323897,NasdaqGM,VanEck Consumer Disc TruSector ETF,-0.43141937,USD,-0.065527275,25.63 - 25.93,25.63,40221,-0.016510867,25.80365,-0.10564995,1784318400,25.698,25.93,,15,0,America/New_York,EDT,2.8180008,True,1755783000000,30.872559,1,us_market,1784319005.0,0.24184848,31930,0.12316438,25.698,0.062000275,-0.51199913,NGM,27.5,22.88,,,25.81,,,26.12942,0.0,-14400000,44770,False,False,False,-0.00409438,2,-1.802,1,22.88 - 27.5,0.16,VanEck Consumer Discretionary T,27.97,23.79,[],-1.9534496,TRUD,2025-08-21,,,,,,,,
Consumer Discretionary,consumer-cyclical,33,NITE,The Nightview ETF,https://finance.yahoo.com/research-hub/screener/sec-ind_sec-top-etfs_consumer-cyclical/,2026-07-19T04:19:51+00:00,en-US,US,ETF,ETF,Delayed Quote,False,LOW,0.0,31.756113,,,0.0,14.023018,37.071,finmb_1858671235,1.09379,9.73583,9.73583,31562908.0,CLOSED,1.153863,NYSEArca,The Nightview ETF,-1.2185593,USD,-0.101234995,36.4602 - 36.4602,36.4602,12,-0.032340746,36.329327,0.13087463,1783959595,36.4602,36.4602,,15,0,America/New_York,EDT,5.3402004,True,1719235800000,31.598381,3400,us_market,,,130,0.17160027,,,-0.610798,PCX,40.567,31.12,0.0,,37.49,,,37.67876,0.0,-14400000,346,False,False,False,0.0036024514,2,-4.1068,1700,31.12 - 40.567,1.25,The Nightview Fund NITE,36.49,36.35,[],-1.64764,NITE,,,,,,,,,
Consumer Discretionary,consumer-cyclical,34,IEDI,iShares U.S. Consumer Focused ETF,https://finance.yahoo.com/research-hub/screener/sec-ind_sec-top-etfs_consumer-cyclical/,2026-07-19T04:19:51+00:00,en-US,US,ETF,ETF,Nasdaq Real Time Price,False,LOW,0.96,26.525199,24.26039,21.40742,0.0,0.2214551,55.7988,finmb_546225463,-0.00824,1.46719,1.46719,27402970.0,CLOSED,2.0655756,Cboe US,iShares U.S. Consumer Focused ETF,0.23089981,USD,-0.055788144,55.2109 - 55.2109,55.2109,358,0.0041997056,55.659756,-0.44885635,1784312137,55.2109,55.2109,,15,0,America/New_York,EDT,2.8759003,True,1521811800000,26.729063,600,us_market,1784324618.0,-0.3638793,2500,0.05495176,55.01,-0.20090103,-0.587902,BTS,58.473,52.335,0.96,,55.16,,,54.98,0.0,-14400000,2775,False,False,False,-0.008064289,2,-3.2621002,200,52.335 - 58.473,0.18,iShares U.S. Consumer Focused E,58.0,54.75,[],-1.05361,IEDI,,1530489600.0,,,,,,,
Consumer Discretionary,consumer-cyclical,35,EBIZ,Global X E-commerce ETF,https://finance.yahoo.com/research-hub/screener/sec-ind_sec-top-etfs_consumer-cyclical/,2026-07-19T04:19:51+00:00,en-US,US,ETF,ETF,Nasdaq Real Time Price,False,LOW,0.55,18.429783,30.50431,-13.01754,,-7.1157274,29.7503,finmb_588002562,-14.63546,3.85966,3.85966,26054692.0,CLOSED,1.4977604,NasdaqGM,Global X E-commerce ETF,1.4525604,USD,-0.18489164,29.249 - 29.48,29.249,2806,0.052079264,30.2886,-0.94470024,1784318400,29.3439,29.48,,15,0,America/New_York,EDT,3.4939003,True,1543588200000,19.591852,2,us_market,1784319005.0,0.23535803,2790,0.13516055,29.3439,0.06890106,-0.40639877,NGM,36.0,25.85,0.55,,29.435,,,27.89134,,-14400000,3274,False,False,False,-0.03118996,2,-6.6560993,1,25.85 - 36.0,0.5,Global X E-commerce ETF,29.61,29.08,[],-1.3660326,EBIZ,,,,,,,,,
Consumer Discretionary,consumer-cyclical,36,AWAY,Amplify Travel Tech ETF,https://finance.yahoo.com/research-hub/screener/sec-ind_sec-top-etfs_consumer-cyclical/,2026-07-19T04:19:51+00:00,en-US,US,ETF,ETF,Nasdaq Real Time Price,False,LOW,0.0,12.655024,,,0.0,-17.57921,18.56,finmb_642145804,-12.98384,13.58056,13.58056,24527872.0,CLOSED,1.4356986,NYSEArca,Amplify Travel Tech ETF,0.7506199,USD,-0.20961486,18.264 - 18.37,18.264,3184,0.042615008,18.86609,-0.50149155,1784316008,18.3646,18.37,,15,0,America/New_York,EDT,2.8645992,True,1581604200000,12.791403,100,us_market,1784319006.0,0.134128,3160,0.18481286,18.3646,0.024599075,-0.1954,PCX,23.235,15.5,0.0,,18.37,,,17.61398,0.0,-14400000,7891,False,False,False,-0.026581636,2,-4.8704014,400,15.5 - 23.235,0.75,Amplify Travel Tech ETF,18.4,18.28,[],-1.0528,AWAY,,,,,,,,,
Consumer Discretionary,consumer-cyclical,37,PEZ,Invesco Dorsey Wright Consumer Cyclicals Momentum ETF,https://finance.yahoo.com/research-hub/screener/sec-ind_sec-top-etfs_consumer-cyclical/,2026-07-19T04:19:51+00:00,en-US,US,ETF,ETF,Nasdaq Real Time Price,False,LOW,0.24,27.987685,29.5537,19.97578,0.0,0.9247184,100.76,finmb_29596408,-0.29991,7.30808,7.30808,23782180.0,CLOSED,3.6959114,NasdaqGM,Invesco Dorsey Wright Consumer Cyclicals Momentum ETF,0.14950562,USD,-0.09070993,100.28 - 100.63,100.28,403,0.0014911286,100.9563,-0.543396,1784318400,100.4129,100.63,,15,0,America/New_York,EDT,9.602905,True,1160659800000,27.168644,3,us_market,1784318694.0,0.13253297,1660,0.10574722,100.4129,0.13290405,-0.3470993,NGM,110.43,90.81,0.24,,100.63,,,100.2634,0.0,-14400000,632,False,False,False,-0.005382487,2,-10.017097,3,90.81 - 110.43,0.6,Invesco Dorsey Wright Consumer ,100.61,100.31,[],-0.34448126,PEZ,,1522281600.0,,,,,,,
Consumer Discretionary,consumer-cyclical,38,PSCD,Invesco S&P SmallCap Consumer Discretionary ETF,https://finance.yahoo.com/research-hub/screener/sec-ind_sec-top-etfs_consumer-cyclical/,2026-07-19T04:19:51+00:00,en-US,US,ETF,ETF,Nasdaq Real Time Price,False,LOW,0.99,17.969452,33.11224,37.50905,0.0,14.586771,119.83,finmb_100588799,13.61729,15.42861,15.42861,23663256.0,CLOSED,6.587669,NasdaqGM,Invesco S&P SmallCap Consumer Discretionary ETF,6.5214005,USD,-0.016673015,117.9894 - 119.99,117.9894,334,0.058504686,108.78515,9.204254,1784318400,117.9894,119.99,,15,0,America/New_York,EDT,22.149406,True,1270647000000,17.910646,1,us_market,1784319005.0,-1.6673015,300,0.23110817,117.9894,-2.000595,-1.8405991,NGM,119.99,95.84,0.99,,118.74,,,111.468,0.0,-14400000,637,False,False,False,0.08460947,2,-2.000595,1,95.84 - 119.99,0.29,Invesco S&P SmallCap Consumer D,151.47,85.82,[],-1.5360085,PSCD,,1498780800.0,,,,,,,
Consumer Discretionary,consumer-cyclical,39,MAXI,Simplify Bitcoin Strategy ETF,https://finance.yahoo.com/research-hub/screener/sec-ind_sec-top-etfs_consumer-cyclical/,2026-07-19T04:19:51+00:00,en-US,US,ETF,ETF,Nasdaq Real Time Price,False,LOW,69.91,27.870680044593087,,,0.0,-72.42822,9.3,finmb_1800965302,-39.90963,-10.42764,-10.42764,23396860.0,CLOSED,0.34552798,NasdaqGM,Simplify Bitcoin Strategy ETF,-0.57425976,USD,-0.7402772,8.81 - 9.2899,8.81,9184,-0.058632877,14.188155,-4.968255,1784318400,9.2199,9.2899,,15,0,America/New_York,EDT,0.99989986,True,1664544600000,26.683512,1,us_market,1784319005.0,0.21630785,11020,0.121642314,9.2199,0.019900322,-0.08010006,NGM,35.499,8.22,69.06,,9.0,,,9.79416,0.0,-14400000,24766,False,False,False,-0.3501692,2,-26.2791,2,8.22 - 35.499,1.31,Simplify Bitcoin Strategy ETF,9.27,6.58,[],-0.86129093,MAXI,2022-09-30,,,,,,,,
Consumer Discretionary,consumer-cyclical,40,KPDD,KraneShares 2x Long PDD Daily ETF,https://finance.yahoo.com/research-hub/screener/sec-ind_sec-top-etfs_consumer-cyclical/,2026-07-19T04:19:51+00:00,en-US,US,ETF,ETF,Nasdaq Real Time Price,False,LOW,116.04,10.351967,,,0.0,-72.03308,5.86,finmb_1903081640,-59.98256,-48.13559,-48.13559,18949228.0,CLOSED,0.553518,NasdaqGM,KraneShares 2x Long PDD Daily ETF,-0.56648016,USD,-0.81091255,5.435 - 5.58,5.435,166719,-0.09319591,12.73876,-7.22686,1784318400,5.5119,5.58,,15,0,America/New_York,EDT,1.4119,True,1741786200000,9.957942,2,us_market,1784331132.0,-0.20319584,148570,0.34436586,5.5007,-0.011199951,-0.3481002,NGM,29.15,4.1,144.86,,5.5,,,6.07838,0.0,-14400000,345762,False,False,False,-0.56731266,2,-23.6381,1,4.1 - 29.15,1.27,KraneShares 2x Long PDD Daily E,5.55,5.5,[],-5.940276,KPDD,2025-03-12,,,,,,,,
Consumer Discretionary,consumer-cyclical,41,TESL,Simplify Volt TSLA Revolution ETF,https://finance.yahoo.com/research-hub/screener/sec-ind_sec-top-etfs_consumer-cyclical/,2026-07-19T04:19:51+00:00,en-US,US,ETF,ETF,Delayed Quote,False,LOW,25.22,59.988002,,,0.0,-38.80221,15.1433,finmb_693478427,-3.33165,24.11061,24.11061,18697348.0,CLOSED,0.27753216,NYSEArca,Simplify Volt TSLA Revolution ETF,-1.9084997,USD,-0.54849875,14.765 - 14.9133,14.765,3411,-0.11403696,18.63436,-3.8070593,1784317871,14.8273,14.9133,,15,0,America/New_York,EDT,2.8072996,True,1609252200000,53.42552,600,us_market,1784332696.0,1.5694047,4530,0.23355237,15.06,0.23270035,-0.316,PCX,32.84,12.02,25.22,,14.765,,,16.7358,0.0,-14400000,14327,False,False,False,-0.2043032,2,-18.0127,500,12.02 - 32.84,0.97,Simplify Volt TSLA Revolution E,14.86,7.43,[],-2.08673,TESL,,,,,,,,,
Consumer Discretionary,consumer-cyclical,42,GENZ,VanEck Digital Native Economy ETF,https://finance.yahoo.com/research-hub/screener/sec-ind_sec-top-etfs_consumer-cyclical/,2026-07-19T04:19:51+00:00,en-US,US,ETF,ETF,Nasdaq Real Time Price,False,LOW,3.68,26.954178,12.02239,-4.18998,0.0,-15.448242,39.15,finmb_40333108,-9.2002,7.21321,7.21321,17580210.0,CLOSED,1.373071,NasdaqGM,VanEck Digital Native Economy ETF,1.4861984,USD,-0.20035097,37.8234 - 38.202,37.8234,3200,0.04090019,38.35115,-0.5277519,1784318400,37.8234,38.202,,15,0,America/New_York,EDT,4.3933983,True,1201185000000,27.546572,1,us_market,1784319004.0,-0.43854457,1830,0.13142082,37.8234,-0.16660309,-1.3266029,NGM,47.3,33.43,3.68,,38.05,,,36.3372,0.0,-14400000,2254,False,False,False,-0.013761045,2,-9.476601,1,33.43 - 47.3,0.51,VanEck Digital Native Economy E,48.79,27.31,[],-3.3885133,GENZ,,,VanEck Vectors ETF Trust - VanEck Vectors Gaming ETF,2026-07-17,,,,,
Consumer Discretionary,consumer-cyclical,43,WANT,Direxion Daily Cnsmr Discret Bull 3XShrs,https://finance.yahoo.com/research-hub/screener/sec-ind_sec-top-etfs_consumer-cyclical/,2026-07-19T04:19:51+00:00,en-US,US,ETF,ETF,Delayed Quote,False,LOW,0.52,29.949087,114.37,84.81186,,-8.414167,42.72,finmb_206817203,-13.95229,18.75803,18.75803,17182320.0,CLOSED,1.4343009,NYSEArca,Direxion Daily Cnsmr Discret Bull 3XShrs,-2.8604012,USD,-0.291065,40.5 - 42.0716,40.5,13085,-0.06581626,46.47575,-5.8757515,1784318400,40.6,42.0716,,15,0,America/New_York,EDT,7.8589973,True,1543501800000,28.306473,300,us_market,1784326931.0,0.17241305,15350,0.24003534,40.67,0.069999695,-2.12,PCX,57.269,32.741,0.52,,41.28,,,43.4604,,-14400000,30864,False,False,False,-0.12642618,2,-16.669003,100,32.741 - 57.269,1.0,Direxion Daily Consumer Discret,41.61,39.48,[],-4.96255,WANT,,,,,,,,,
Consumer Discretionary,consumer-cyclical,44,TSL,GraniteShares 1.25x Long Tsla Daily ETF,https://finance.yahoo.com/research-hub/screener/sec-ind_sec-top-etfs_consumer-cyclical/,2026-07-19T04:19:51+00:00,en-US,US,ETF,ETF,Nasdaq Real Time Price,False,LOW,85.51,45.45454545454546,,,0.0,13.00844,15.2,finmb_1780713209,-10.69519,14.85557,14.85557,12357719.0,CLOSED,,NasdaqGM,GraniteShares 1.25x Long Tsla Daily ETF,-1.5109196,USD,-0.30900982,14.53 - 14.92,14.53,364268,-0.0930603,16.91386,-2.18886,1784318401,14.725,14.92,,15,0,America/New_York,EDT,3.2250004,True,1660051800000,,1,us_market,1784330524.0,-0.548047,508130,0.28043482,14.6443,-0.08069992,-0.474999,NGM,21.31,11.5,0.0,,14.71,,,16.23592,0.0,-14400000,941922,False,False,False,-0.1294122,2,-6.584999,1,11.5 - 21.31,1.15,GraniteShares 1.25x Long TSLA D,18.82,10.6,[],-3.125,TSL,,,,,,,,,
Consumer Discretionary,consumer-cyclical,45,UCC,ProShares Ultra Consumer Discretionary,https://finance.yahoo.com/research-hub/screener/sec-ind_sec-top-etfs_consumer-cyclical/,2026-07-19T04:19:51+00:00,en-US,US,ETF,ETF,Delayed Quote,False,LOW,1.24,29.949087,61.36371,20.86549,0.0,-2.1734536,47.8347,finmb_32431365,-7.35803,13.45985,13.45985,10803051.0,CLOSED,1.6036884,NYSEArca,ProShares Ultra Consumer Discretionary,-1.8821983,USD,-0.18606387,46.15 - 47.36,46.15,4488,-0.039014142,49.78575,-3.4239502,1784318057,46.3618,47.36,,15,0,America/New_York,EDT,6.401802,True,1170426600000,28.909483,600,us_market,1784326945.0,0.0,1920,0.16020526,46.3618,0.0,-1.4729,PCX,56.96,39.96,1.24,,47.215,,,48.244,0.0,-14400000,3212,False,False,False,-0.068773694,2,-10.598198,200,39.96 - 56.96,0.95,ProShares Ultra Consumer Discre,48.51,44.02,[],-3.07915,UCC,,,,,,,,,
Consumer Discretionary,consumer-cyclical,46,KMLI,KraneShares 2x Long MELI Daily ETF,https://finance.yahoo.com/research-hub/screener/sec-ind_sec-top-etfs_consumer-cyclical/,2026-07-19T04:19:51+00:00,en-US,US,ETF,ETF,Nasdaq Real Time Price,False,LOW,17.39,44.843049,,,0.0,-61.03041,9.9197,finmb_1933886273,-39.53657,-10.98081,-10.98081,8762392.0,CLOSED,0.18635216,NasdaqGM,KraneShares 2x Long MELI Daily ETF,1.0721607,USD,-0.6449194,9.13 - 9.57,9.13,92922,0.12767102,12.69899,-3.2289896,1784318400,9.47,9.57,,15,0,America/New_York,EDT,2.7300005,True,1749735000000,50.817764,4,us_market,1784323026.0,0.105588965,60560,0.4050446,9.48,0.009999275,-0.4496994,NGM,26.67,6.74,17.39,,9.53,,,8.39784,0.0,-14400000,91279,False,False,False,-0.2542714,2,-17.2,1,6.74 - 26.67,1.26,KraneShares 2x Long MELI Daily ,9.48,9.42,[],-4.533397,KMLI,2025-06-12,,,,,,,,
Consumer Discretionary,consumer-cyclical,47,CLIX,ProShares Long Online/Short Stores ETF,https://finance.yahoo.com/research-hub/screener/sec-ind_sec-top-etfs_consumer-cyclical/,2026-07-19T04:19:51+00:00,en-US,US,ETF,ETF,Delayed Quote,False,LOW,0.57,21.79599,28.85408,-39.92156,0.0,7.255721,58.8934,finmb_541340764,-8.45714,3.33515,3.33515,6886522.0,CLOSED,2.5040753,NYSEArca,ProShares Long Online/Short Stores ETF,0.9847183,USD,-0.073389545,58.2421 - 58.2421,58.2421,7,0.017198103,57.9292,0.31290054,1784224801,58.2421,58.2421,,15,0,America/New_York,EDT,7.952099,True,1510842600000,23.258924,100,us_market,,,900,0.15812485,,,-0.651299,PCX,62.855,50.29,0.57,,59.53,,,57.25738,0.0,-14400000,569,False,False,False,0.0054014307,2,-4.6129,100,50.29 - 62.855,0.65,ProShares Long Online/Short Sto,87.29,30.41,[],-1.10589,CLIX,,,,,,,,,
Consumer Discretionary,consumer-cyclical,48,BABU,Direxion Daily BABA Bull 2X ETF,https://finance.yahoo.com/research-hub/screener/sec-ind_sec-top-etfs_consumer-cyclical/,2026-07-19T04:19:51+00:00,en-US,US,ETF,ETF,Nasdaq Real Time Price,False,LOW,,,,,0.0,-53.353928,11.06,finmb_1951011156,,-44.44162,-44.44162,4509797.0,CLOSED,0.5065784,NasdaqGM,Direxion Daily BABA Bull 2X ETF,-1.1536007,USD,-0.56821895,10.43 - 10.69,10.43,1591764,-0.09839986,14.038037,-3.4680376,1784318401,10.57,10.69,,15,0,America/New_York,EDT,3.6999998,True,1770906600000,20.865477,1,us_market,1784321900.0,-0.75685835,569130,0.5385735,10.49,-0.07999992,-0.490001,NGM,24.48,6.87,,,10.51,,,11.7236,0.0,-14400000,144493,False,False,False,-0.24704576,2,-13.91,1,6.87 - 24.48,0.97,Direxion Daily BABA Bull 2X ETF,13.42,7.63,[],-4.43039,BABU,2026-02-11,,,,,,,,
Consumer Discretionary,consumer-cyclical,49,FLYD,MicroSectors Travel -3X Inverse Leveraged ETNs,https://finance.yahoo.com/research-hub/screener/sec-ind_sec-top-etfs_consumer-cyclical/,2026-07-19T04:19:51+00:00,en-US,US,ETF,ETF,Delayed Quote,False,LOW,0.0,17.006803,,,0.0,-35.532784,44.9034,finmb_718940241,-31.30177,-47.61871,-47.61871,4261602.0,CLOSED,2.3916783,NYSEArca,MicroSectors Travel -3X Inverse Leveraged ETNs,-4.6015205,USD,-0.49263522,46.97 - 47.19,46.97,9780,-0.08884699,65.83693,-18.64693,1784318399,47.19,47.19,,15,0,America/New_York,EDT,7.0200005,True,1655904600000,19.730913,600,us_market,1784331616.0,4.3653345,3570,0.1747573,49.25,2.0600014,2.2866,PCX,93.01,40.17,0.0,,47.019,,,51.79152,0.0,-14400000,2948,False,False,False,-0.28322905,2,-45.820004,500,40.17 - 93.01,0.95,MicroSectors Travel -3x Inverse,47.62,47.17,[],5.09226,FLYD,,,,,1748433600.0,1748433600.0,False,1756125000.0,1756470600.0
Consumer Discretionary,consumer-cyclical,50,CARU,Max Auto Industry 3X Leveraged ETN,https://finance.yahoo.com/research-hub/screener/sec-ind_sec-top-etfs_consumer-cyclical/,2026-07-19T04:19:51+00:00,en-US,US,ETF,ETF,Delayed Quote,False,LOW,0.0,25.913449,,,0.0,-19.192665,24.6494,finmb_1846683876,-21.60279,17.45136,17.45136,3899865.0,CLOSED,0.9405988,NYSEArca,Max Auto Industry 3X Leveraged ETN,0.8496208,USD,-0.3605634,24.062 - 24.062,24.062,6,0.036602058,27.24504,-3.1830406,1784230413,24.062,24.062,,15,0,America/New_York,EDT,5.573,True,1720791000000,25.581577,900,us_market,,,630,0.30142245,,,-0.5874,PCX,37.63,18.489,0.0,,24.24,,,23.21238,0.0,-14400000,614,False,False,False,-0.11683009,2,-13.568001,100,18.489 - 37.63,0.95,MAX Auto Industry 3x Leveraged ,24.16,24.01,[],-2.38302,CARU,,,,,1748433600.0,1748433600.0,False,1756125000.0,1756470600.0
Consumer Discretionary,consumer-cyclical,51,BEDZ,AdvisorShares Hotel ETF,https://finance.yahoo.com/research-hub/screener/sec-ind_sec-top-etfs_consumer-cyclical/,2026-07-19T04:19:51+00:00,en-US,US,ETF,ETF,Delayed Quote,False,LOW,2.07,22.168034,,,0.0,9.647584,36.9365,finmb_706088512,11.74372,20.00451,20.00451,2981664.0,CLOSED,1.6812948,NYSEArca,AdvisorShares Hotel ETF,1.2941017,USD,-0.02771088,36.66 - 36.8692,36.66,1056,0.036376614,33.50528,3.363922,1784313980,36.8692,36.8692,,15,0,America/New_York,EDT,6.4162025,True,1619011800000,21.929052,700,us_market,1784322300.0,0.0,640,0.21069197,36.8692,0.0,-0.0672989,PCX,37.92,30.453,2.07,,36.75,,,35.5751,0.0,-14400000,1795,False,False,False,0.10039976,2,-1.0507965,700,30.453 - 37.92,0.99,AdvisorShares Hotel ETF,55.11,32.0,[],-0.182202,BEDZ,,,,,,,,,
Consumer Discretionary,consumer-cyclical,52,KBAB,KraneShares 2x Long BABA Daily ETF,https://finance.yahoo.com/research-hub/screener/sec-ind_sec-top-etfs_consumer-cyclical/,2026-07-19T04:19:51+00:00,en-US,US,ETF,ETF,Nasdaq Real Time Price,False,LOW,157.34,14.836795,,,0.0,-55.520664,8.0,finmb_1902606596,-61.89474,-44.07827,-44.07827,2170152.0,CLOSED,0.36666274,NasdaqGM,KraneShares 2x Long BABA Daily ETF,-0.76416016,USD,-0.81394863,7.55 - 7.73,7.55,17135,-0.09082375,16.845566,-9.196066,1784318400,7.6495,7.73,,15,0,America/New_York,EDT,2.6974998,True,1741786200000,20.862495,1,us_market,1784319005.0,-0.52666014,38470,0.54472935,7.6495,-0.040500164,-0.3505001,NGM,41.115,4.952,157.34,,7.65,,,8.41366,0.0,-14400000,23890,False,False,False,-0.5459042,2,-33.4655,1,4.952 - 41.115,1.0,KraneShares 2x Long BABA Daily ,7.66,5.52,[],-4.3812513,KBAB,2025-03-12,,,,,,,,
Consumer Discretionary,consumer-cyclical,53,XLYI,State Street Consumer Discretionary Select Sector SPDR Premium Income ETF,https://finance.yahoo.com/research-hub/screener/sec-ind_sec-top-etfs_consumer-cyclical/,2026-07-19T04:19:51+00:00,en-US,US,EQUITY,Equity,Delayed Quote,False,LOW,,,,,0.0,-8.498401,22.8361,finmb_1945139448,,,,,CLOSED,0.77329093,NYSEArca,State Street Consumer Discretionary Select Sector SPDR Premium Income ETF,-0.3579216,USD,-0.1284954,22.5501 - 22.73,22.5501,784,-0.015597533,23.97232,-1.3829212,1784317964,22.5894,22.73,,15,0,America/New_York,EDT,0.7894001,True,1753882200000,29.212032,1000,us_market,1784322300.0,0.0,1870,0.036211014,22.5894,0.0,-0.2467,PCX,25.92,21.8,,,22.73,,,22.94732,0.0,-14400000,2311,False,False,False,-0.05768825,2,-3.3306007,1100,21.8 - 25.92,,State Street Consumer Discretio,22.6,22.55,[],-1.08031,XLYI,,,The Select Sector SPDR Trust - The Consumer Discretionary Select Sector SPDR Premium Income Fund,2026-07-19,,,,,
Consumer Discretionary,consumer-cyclical,54,CARD,Max Auto Industry -3X Inverse Leveraged ETN,https://finance.yahoo.com/research-hub/screener/sec-ind_sec-top-etfs_consumer-cyclical/,2026-07-19T04:19:51+00:00,en-US,US,ETF,ETF,Delayed Quote,False,LOW,0.0,25.913449,,,0.0,-33.726025,2.34,finmb_1846683636,-9.44241,-28.81037,-28.81037,1463164.0,CLOSED,0.09410596,NYSEArca,Max Auto Industry -3X Inverse Leveraged ETN,-0.25722003,USD,-0.4055774,2.39 - 2.43,2.39,5993,-0.09610241,2.858295,-0.43899488,1784318185,2.4193,2.43,,15,0,America/New_York,EDT,0.12930012,True,1720704600000,25.708256,1400,us_market,1784322300.0,0.0,20820,0.056462936,2.4193,0.0,0.0793002,PCX,4.07,2.29,0.0,,2.4,,,2.67652,0.0,-14400000,17543,False,False,False,-0.15358628,4,-1.6507001,4200,2.29 - 4.07,0.95,MAX Auto Industry -3x Inverse L,2.6,1.75,[],3.3889,CARD,,,,,1748433600.0,1748433600.0,False,1756125000.0,1756470600.0
Consumer Discretionary,consumer-cyclical,55,ODDZ,Corgi Sports Betting & Gambling,https://finance.yahoo.com/research-hub/screener/sec-ind_sec-top-etfs_consumer-cyclical/,2026-07-19T04:19:51+00:00,en-US,US,ETF,ETF,Delayed Quote,False,LOW,,,,,,3.8110375,26.521,finmb_1992791015,,,,1181276.0,CLOSED,1.4810587,Cboe US,,0.24989891,USD,-0.05168299,26.1451 - 26.25,26.1451,162,0.009650395,25.8952,0.24989891,1784296458,26.1451,26.25,,15,0,America/New_York,EDT,2.0650997,True,1778074200000,17.652979,1500,us_market,,,1350,0.08575995,,,-0.3759,BTS,27.57,24.08,,,26.25,,,25.8952,,-14400000,1566,False,False,False,0.009650395,2,-1.4249,2900,24.08 - 27.57,0.35,Corgi Sports Betting & Gambling,39.18,13.06,[],-1.41737,ODDZ,,,,,,,,,
Consumer Discretionary,consumer-cyclical,56,STYL,Corgi Lifestyle Brands ETF,https://finance.yahoo.com/research-hub/screener/sec-ind_sec-top-etfs_consumer-cyclical/,2026-07-19T04:19:51+00:00,en-US,US,ETF,ETF,Nasdaq Real Time Price,False,LOW,,,,,0.0,2.6892066,27.1339,finmb_1992790989,,,,1173906.0,CLOSED,1.3210355,Cboe US,Corgi Lifestyle Brands ETF,0.7982998,USD,-0.02037012,25.97 - 26.7899,25.97,769,0.03077984,25.9358,0.7982998,1784311461,26.7341,26.7899,,15,0,America/New_York,EDT,2.9540997,True,1778074200000,20.23723,2900,us_market,1784319005.0,-0.20828553,2460,0.12422622,26.7341,-0.055799484,-0.399799,BTS,27.29,23.78,,,25.97,,,25.9358,0.0,-14400000,1936,False,False,False,0.03077984,2,-0.5559006,2900,23.78 - 27.29,0.35,Corgi Lifestyle Brands ETF,26.7,26.65,[],-1.47343,STYL,,,,,,,,,
Consumer Discretionary,consumer-cyclical,57,BABW,Roundhill BABA WeeklyPay ETF,https://finance.yahoo.com/research-hub/screener/sec-ind_sec-top-etfs_consumer-cyclical/,2026-07-19T04:19:51+00:00,en-US,US,ETF,ETF,Delayed Quote,False,LOW,,,,,0.0,-55.860092,23.6724,finmb_1960966253,-40.97282,-27.76891,-27.76891,1131210.0,CLOSED,1.2723638,Cboe US,Roundhill BABA WeeklyPay ETF,-1.7169399,USD,-0.58775795,23.0938 - 23.18,23.0938,1639,-0.069201484,35.248745,-12.154945,1784316621,23.0938,23.18,,15,0,America/New_York,EDT,4.743799,True,1761226200000,18.150312,3600,us_market,1784331790.0,-0.2762599,2190,0.25851765,23.03,-0.063798904,-0.5786,BTS,56.02,18.35,,,23.155,,,24.81074,0.0,-14400000,1924,False,False,False,-0.34483343,2,-32.9262,3600,18.35 - 56.02,1.0,Roundhill BABA WeeklyPay ETF,23.64,23.05,[],-2.4442,BABW,,,,,,,,,
Consumer Discretionary,consumer-cyclical,58,KJD,Kraneshares 2x Long JD Daily ETF,https://finance.yahoo.com/research-hub/screener/sec-ind_sec-top-etfs_consumer-cyclical/,2026-07-19T04:19:51+00:00,en-US,US,ETF,ETF,Delayed Quote,False,LOW,,,,,0.0,-27.043045,18.78,finmb_1903081972,-24.59547,-25.1606,-25.1606,1048486.0,CLOSED,0.74820817,NasdaqGM,Kraneshares 2x Long JD Daily ETF,0.39875984,USD,-0.33972126,18.7123 - 18.9,18.7123,1079,0.021774046,19.231419,-0.51911926,1784318400,18.7123,18.9,,15,0,America/New_York,EDT,5.532299,True,1760535000000,25.009483,1,us_market,,,2330,0.41974953,,,-0.06770134,NGM,28.34,13.18,,,18.85,,,18.31354,0.0,-14400000,4177,False,False,False,-0.02699329,2,-9.627701,1,13.18 - 28.34,1.26,KraneShares 2x Long JD Daily ET,23.96,13.48,[],-0.360497,KJD,2025-10-15,,,,,,,,
Consumer Discretionary,consumer-cyclical,59,TMH,Toyota Motor Corporation ADRhedged,https://finance.yahoo.com/research-hub/screener/sec-ind_sec-top-etfs_consumer-cyclical/,2026-07-19T04:19:51+00:00,en-US,US,ETF,ETF,Delayed Quote,False,LOW,0.0,9.225092,,,0.0,3.6221504,48.712,finmb_1889433050,-20.60171,-18.30925,-18.30925,913815.0,CLOSED,4.9535227,NYSEArca,Toyota Motor Corporation ADRhedged,-0.76023865,USD,-0.2671347,48.2328 - 48.2328,48.2328,369,-0.0155172795,55.70201,-7.4692116,1784301129,48.2328,48.2328,,15,0,America/New_York,EDT,3.2957993,True,1741959000000,9.73707,800,us_market,1784322300.0,0.0,680,0.073342666,48.2328,0.0,-0.479202,PCX,65.814,44.937,0.0,,48.34,,,48.99304,0.0,-14400000,437,False,False,False,-0.13409232,2,-17.581203,100,44.937 - 65.814,0.19,Toyota Motor Corporation,48.31,24.13,[],-0.983746,TMH,,,,,,,,,
