sector,yahoo_sector_key,rank,ticker,etf_name,source_url,retrieved_at_utc,screen_language,screen_region,screen_quote_type,screen_type_disp,screen_quote_source_name,screen_triggerable,screen_custom_price_alert_confidence,screen_regular_market_time,screen_regular_market_price,screen_regular_market_day_high,screen_post_market_price,screen_post_market_change,screen_regular_market_change,screen_regular_market_day_range,screen_regular_market_day_low,screen_regular_market_volume,screen_post_market_time,screen_esg_populated,screen_tradeable,screen_crypto_tradeable,screen_currency,screen_first_trade_date_milliseconds,screen_bid,screen_ask,screen_long_name,screen_has_pre_post_market_data,screen_full_exchange_name,screen_price_hint,screen_post_market_change_percent,screen_trailing_annual_dividend_yield,screen_ytd_return,screen_trailing_three_month_returns,screen_trailing_three_month_nav_returns,screen_net_assets,screen_market_state,screen_regular_market_change_percent,screen_regular_market_open,screen_average_daily_volume3_month,screen_average_daily_volume10_day,screen_corporate_actions,screen_fifty_two_week_low_change,screen_bid_size,screen_market,screen_fifty_two_week_low_change_percent,screen_fifty_two_week_range,screen_fifty_two_week_high_change,screen_ask_size,screen_fifty_two_week_high_change_percent,screen_fifty_two_week_change_percent,screen_eps_trailing_twelve_months,screen_shares_outstanding,screen_regular_market_previous_close,screen_message_board_id,screen_book_value,screen_fifty_day_average,screen_fifty_day_average_change,screen_fifty_day_average_change_percent,screen_two_hundred_day_average,screen_two_hundred_day_average_change,screen_price_to_book,screen_source_interval,screen_exchange_data_delayed_by,screen_exchange_timezone_name,screen_exchange_timezone_short_name,screen_gmt_off_set_milliseconds,screen_exchange,screen_fifty_two_week_high,screen_fifty_two_week_low,screen_dividend_yield,screen_financial_currency,screen_short_name,screen_net_expense_ratio,screen_two_hundred_day_average_change_percent,screen_trailing_annual_dividend_rate,screen_trailing_pe,screen_symbol,screen_dividend_date,screen_ipo_expected_date,screen_market_cap,screen_implied_shares_outstanding
Emerging Markets,emerging_markets,1,VWO,Vanguard Emerging Markets Stock Index Fund,Yahoo Finance custom ETF screener,2026-07-18T07:04:17+00:00,en-US,US,ETF,ETF,Delayed Quote,False,LOW,1784318400,57.84,57.9699,57.9225,0.08250046,-1.0,57.26 - 57.9699,57.26,9990569,1784332542.0,False,False,False,USD,1110465000000,57.78,57.87,Vanguard Emerging Markets Stock Index Fund,True,NYSEArca,2,0.14263564,0.01906866,11.18521,11.41369,11.41369,163324019000.0,CLOSED,-1.69952,57.33,8487003,9203290,[],8.470001,6800.0,us_market,0.1715617,49.37 - 61.52,-3.6800003,500.0,-0.05981795,14.557338,3.5581207,1418119936.0,58.84,finmb_20936186,48.146,59.4648,-1.6248016,-0.027323755,56.50765,1.3323517,1.2013459,15,0,America/New_York,EDT,-14400000,PCX,61.52,49.37,2.32,USD,Vanguard FTSE Emerging Markets ,0.06,0.023578255,1.122,16.255772,VWO,,,,
Emerging Markets,emerging_markets,2,IEMG,iShares Core MSCI Emerging Markets ETF,Yahoo Finance custom ETF screener,2026-07-18T07:04:17+00:00,en-US,US,ETF,ETF,Delayed Quote,False,LOW,1784318400,76.98,77.7199,76.98,0.0,-1.13,75.49 - 77.7199,75.49,14823938,1784332780.0,False,False,False,USD,1351085400000,77.0,78.33,iShares Core MSCI Emerging Markets ETF,True,NYSEArca,2,0.0,0.014850851,24.43591,21.09802,21.09802,160718422000.0,CLOSED,-1.44667,75.84,13361775,13839350,[],17.300003,800.0,us_market,0.2898794,59.68 - 86.49,-9.5099945,1900.0,-0.10995485,26.093365,4.70614,1150800000.0,78.11,finmb_223308554,64.577,81.6036,-4.623596,-0.056659218,73.3113,3.6687012,1.1920652,15,0,America/New_York,EDT,-14400000,PCX,86.49,59.68,2.17,USD,iShares Core MSCI Emerging Mark,0.09,0.05004278,1.16,16.357355,IEMG,,,,
Emerging Markets,emerging_markets,3,EEM,iShares MSCI Emerging Markets ETF,Yahoo Finance custom ETF screener,2026-07-18T07:04:17+00:00,en-US,US,ETF,ETF,Nasdaq Real Time Price,False,LOW,1784318400,63.29,63.89,63.27,-0.020000458,-0.900002,62.005 - 63.89,62.005,33491414,1784331448.0,False,False,False,USD,1050327000000,63.31,63.38,iShares MSCI Emerging Markets ETF,True,NYSEArca,2,-0.03160129,0.01183985,25.74804,22.33661,22.33661,30315917300.0,CLOSED,-1.40209,62.3,28494890,24012680,[],15.310001,18000.0,us_market,0.31909132,47.98 - 71.57,-8.279999,5300.0,-0.11569092,28.95273,3.8805473,752400000.0,64.19,finmb_8797528,52.559,67.101,-3.810997,-0.056794938,59.79905,3.4909515,1.2041706,15,0,America/New_York,EDT,-14400000,PCX,71.57,47.98,1.63,USD,iShares MSCI Emerging Index Fun,0.72,0.058378045,0.76,16.309555,EEM,,,,
Emerging Markets,emerging_markets,4,AVEM,Avantis Emerging Markets Equity ETF,Yahoo Finance custom ETF screener,2026-07-18T07:04:17+00:00,en-US,US,ETF,ETF,Delayed Quote,False,LOW,1784318400,89.26,90.115,90.0,0.73999786,-1.13,87.5 - 90.115,87.5,3547771,1784331456.0,False,False,False,USD,1568899800000,85.0,93.5,Avantis Emerging Markets Equity ETF,True,NYSEArca,2,0.82903636,0.0,25.88628,21.69876,21.69876,26237122600.0,CLOSED,-1.25014,88.01,1885820,2124980,[],20.990005,600.0,us_market,0.30745578,68.27 - 100.83,-11.57,900.0,-0.11474759,27.769829,6.2360725,,90.39,finmb_626032720,,94.5928,-5.332794,-0.056376323,84.339,4.9210052,,15,0,America/New_York,EDT,-14400000,PCX,100.83,68.27,1.82,,Avantis Emerging Markets Equity,0.33,0.05834792,0.0,14.313497,AVEM,,,,
Emerging Markets,emerging_markets,5,EMXC,iShares MSCI Emerging Markets ex China ETF,Yahoo Finance custom ETF screener,2026-07-18T07:04:17+00:00,en-US,US,ETF,ETF,Nasdaq Real Time Price,False,LOW,1784318401,91.78,92.82,93.98,2.2000046,-1.0,89.48 - 92.82,89.48,4698261,1784327663.0,False,False,False,USD,1501075800000,91.27,91.9,iShares MSCI Emerging Markets ex China ETF,True,NasdaqGM,2,2.3970413,,41.55904,32.55432,32.55432,26057398300.0,CLOSED,-1.07782,90.02,2820206,3048830,[],29.48,1.0,us_market,0.4731942,62.3 - 107.12,-15.340004,1.0,-0.14320391,44.081627,5.086356,,92.78,finmb_426357095,,98.273,-6.493004,-0.066071086,82.59028,9.18972,,15,0,America/New_York,EDT,-14400000,NGM,107.12,62.3,1.88,,iShares MSCI Emerging Markets e,0.25,0.11126879,,18.044352,EMXC,,,,
Emerging Markets,emerging_markets,6,SPEM,State Street SPDR Portfolio Emerging Markets ETF,Yahoo Finance custom ETF screener,2026-07-18T07:04:17+00:00,en-US,US,ETF,ETF,Delayed Quote,False,LOW,1784318400,50.19,50.26,50.19,0.0,-0.84,49.69 - 50.26,49.69,5526686,1784322300.0,False,False,False,USD,1174656600000,50.11,50.18,State Street SPDR Portfolio Emerging Markets ETF,True,NYSEArca,2,0.0,0.0,10.76619,13.31488,13.31488,17305092100.0,CLOSED,-1.64609,49.695,2357724,2417760,[],7.529999,700.0,us_market,0.17651193,42.66 - 53.54,-3.3500023,6100.0,-0.06257008,15.37931,3.0805628,76800000.0,51.03,finmb_33377397,,51.7496,-1.5596008,-0.030137448,49.0899,1.1000977,,15,0,America/New_York,EDT,-14400000,PCX,53.54,42.66,2.53,,State Street SPDR Portfolio Eme,0.07,0.022409856,0.0,16.292477,SPEM,,,,
Emerging Markets,emerging_markets,7,SCHE,Schwab Emerging Markets Equity ETF,Yahoo Finance custom ETF screener,2026-07-18T07:04:17+00:00,en-US,US,ETF,ETF,Delayed Quote,False,LOW,1784318400,35.36,35.435,35.69,0.32999802,-0.549999,34.989 - 35.435,34.989,4091266,1784332554.0,False,False,False,USD,1263479400000,35.34,36.0,Schwab Emerging Markets Equity ETF,True,NYSEArca,2,0.9332523,0.0,9.27236,11.93172,11.93172,12488486900.0,CLOSED,-1.5316,35.03,2993630,3067250,[],5.16,5100.0,us_market,0.17086092,30.2 - 37.4,-2.040001,1300.0,-0.054545477,14.991867,2.2122226,,35.91,finmb_83113774,,36.132,-0.77199936,-0.021366084,34.4822,0.8778,,15,0,America/New_York,EDT,-14400000,PCX,37.4,30.2,2.66,,Schwab Emerging Markets Equity ,0.06,0.025456611,0.0,15.983926,SCHE,,,,
Emerging Markets,emerging_markets,8,DFAE,Dimensional Emerging Core Equity Market ETF,Yahoo Finance custom ETF screener,2026-07-18T07:04:17+00:00,en-US,US,ETF,ETF,Delayed Quote,False,LOW,1784318400,37.37,37.675,37.37,0.0,-0.549999,36.665 - 37.675,36.665,1813516,1784322300.0,False,False,False,USD,1607005800000,35.1,41.14,Dimensional Emerging Core Equity Market ETF,True,NYSEArca,2,0.0,0.0,22.35302,21.75805,21.75805,9686572000.0,CLOSED,-1.45042,36.83,1255748,1136360,[],8.469999,2400.0,us_market,0.29307956,28.9 - 42.161,-4.7910004,2400.0,-0.11363584,26.592136,2.300414,,37.92,finmb_684162193,,39.6063,-2.2363014,-0.056463275,35.435024,1.9349747,,15,0,America/New_York,EDT,-14400000,PCX,42.161,28.9,1.77,,Dimensional Emerging Core Equit,0.29,0.054606274,0.0,16.244902,DFAE,,,,
Emerging Markets,emerging_markets,9,DFEM,Dimensional Emerging Markets Core Equity 2 ETF,Yahoo Finance custom ETF screener,2026-07-18T07:04:17+00:00,en-US,US,ETF,ETF,Delayed Quote,False,LOW,1784318398,37.77,38.075,37.77,0.0,-0.639999,37.155 - 38.075,37.155,1369823,1784322300.0,False,False,False,USD,1651066200000,37.58,41.6,Dimensional Emerging Markets Core Equity 2 ETF,True,NYSEArca,2,0.0,0.0,21.99599,20.83793,20.83793,9250564100.0,CLOSED,-1.66623,37.22,943417,940550,[],8.115,800.0,us_market,0.27364692,29.655 - 42.57,-4.799999,1400.0,-0.11275545,24.900795,2.425395,,38.41,finmb_1760559084,,40.1298,-2.3597984,-0.058804143,35.98495,1.7850494,,15,0,America/New_York,EDT,-14400000,PCX,42.57,29.655,1.85,,Dimensional Emerging Markets Co,0.39,0.049605444,0.0,15.5727215,DFEM,,,,
Emerging Markets,emerging_markets,10,FNDE,Schwab Fundamental Emerging Markets Equity ETF,Yahoo Finance custom ETF screener,2026-07-18T07:04:17+00:00,en-US,US,ETF,ETF,Nasdaq Real Time Price,False,LOW,1784318400,40.12,40.15,39.9,-0.2199974,-0.260002,39.745 - 40.15,39.745,882567,1784332791.0,False,False,False,USD,1376573400000,40.13,41.0,Schwab Fundamental Emerging Markets Equity ETF,True,NYSEArca,2,-0.5483485,0.0,9.45714,5.73829,5.73829,9189189600.0,CLOSED,-0.643888,39.76,844167,784710,[],7.0200005,900.0,us_market,0.21208462,33.1 - 42.43,-2.3100014,700.0,-0.054442644,19.26278,3.4973955,,40.38,finmb_243129822,,40.591,-0.47100067,-0.011603574,38.5621,1.5578995,,15,0,America/New_York,EDT,-14400000,PCX,42.43,33.1,3.78,,Schwab Fundamental Emerging Mar,0.39,0.040399756,0.0,11.471394,FNDE,,,,
Emerging Markets,emerging_markets,11,ESGE,iShares ESG Aware MSCI EM ETF,Yahoo Finance custom ETF screener,2026-07-18T07:04:17+00:00,en-US,US,ETF,ETF,Nasdaq Real Time Price,False,LOW,1784318401,50.82,51.28,51.48,0.65999985,-0.599998,49.74 - 51.28,49.74,979176,1784327062.0,False,False,False,USD,1469021400000,50.44,50.84,iShares ESG Aware MSCI EM ETF,True,NasdaqGM,2,1.298701,0.0,24.21705,22.20616,22.20616,6917690900.0,CLOSED,-1.16686,50.0,1036635,524910,[],11.82,1.0,us_market,0.30307692,39.0 - 57.11,-6.290001,1.0,-0.11013834,27.304613,3.123624,,51.42,finmb_330375417,,53.6902,-2.870201,-0.053458564,48.10219,2.7178116,,15,0,America/New_York,EDT,-14400000,NGM,57.11,39.0,2.07,,iShares ESG Aware MSCI EM ETF,0.25,0.05650079,0.0,16.269564,ESGE,1482883200.0,,,
Emerging Markets,emerging_markets,12,DEM,WisdomTree Emerging Markets High Dividend Fund,Yahoo Finance custom ETF screener,2026-07-18T07:04:17+00:00,en-US,US,ETF,ETF,Nasdaq Real Time Price,False,LOW,1784318400,52.86,52.8899,52.86,0.0,-0.32,52.3 - 52.8899,52.3,158442,1784326846.0,False,False,False,USD,1184333400000,52.78,52.87,WisdomTree Emerging Markets High Dividend Fund,True,NYSEArca,2,0.0,,15.7633,11.18563,11.18563,3871507970.0,CLOSED,-0.601729,52.36,197314,187320,[],8.630001,500.0,us_market,0.19511646,44.23 - 56.53,-3.6699982,100.0,-0.06492125,15.364468,4.686796,,53.18,finmb_35615252,,54.3432,-1.4832001,-0.027293203,49.94565,2.9143524,,15,0,America/New_York,EDT,-14400000,PCX,56.53,44.23,4.22,,WisdomTree Emerging Markets Hig,0.63,0.058350477,,11.278494,DEM,,,,
Emerging Markets,emerging_markets,13,EEMV,iShares MSCI Emerging Markets Min Vol Factor ETF,Yahoo Finance custom ETF screener,2026-07-18T07:04:17+00:00,en-US,US,ETF,ETF,Delayed Quote,False,LOW,1784318400,70.94,71.15,70.94,0.0,-0.399994,69.91 - 71.15,69.91,171193,1784322300.0,False,False,False,USD,1319117400000,70.9,75.06,iShares MSCI Emerging Markets Min Vol Factor ETF,True,Cboe US,2,0.0,0.0,18.21328,18.54391,18.54391,3654402300.0,CLOSED,-0.560687,70.17,242087,185290,[],9.160004,100.0,us_market,0.1482681,61.78 - 77.39,-6.449997,100.0,-0.083344065,12.7463455,4.1690326,94900000.0,71.34,finmb_141889129,,73.7408,-2.8007965,-0.03798164,67.89905,3.0409546,,15,0,America/New_York,EDT,-14400000,BTS,77.39,61.78,2.15,,iShares MSCI Emerging Markets M,0.25,0.04478641,0.0,17.015938,EEMV,,,,
Emerging Markets,emerging_markets,14,FRDM,Freedom 100 Emerging Markets ETF,Yahoo Finance custom ETF screener,2026-07-18T07:04:17+00:00,en-US,US,ETF,ETF,Delayed Quote,False,LOW,1784318400,64.78,65.67,64.78,0.0,-0.529999,63.0301 - 65.67,63.0301,445932,1784322300.0,False,False,False,USD,1560519000000,64.81,68.32,Freedom 100 Emerging Markets ETF,True,Cboe US,2,0.0,0.0,42.13025,35.78369,35.78369,3602242820.0,CLOSED,-0.811512,64.18,350291,271290,[],24.810997,100.0,us_market,0.620756,39.969 - 76.9,-12.120003,100.0,-0.15760732,60.306858,3.960657,,65.31,finmb_603717845,,69.924,-5.144005,-0.07356565,57.7809,6.9990997,,15,0,America/New_York,EDT,-14400000,BTS,76.9,39.969,1.53,,Freedom 100 Emerging Markets ET,0.49,0.12113172,0.0,16.355873,FRDM,,,,
Emerging Markets,emerging_markets,15,CGNG,Capital Group New Geography Equity ETF,Yahoo Finance custom ETF screener,2026-07-18T07:04:17+00:00,en-US,US,ETF,ETF,Delayed Quote,False,LOW,1784318400,35.06,35.35,35.06,0.0,-0.389999,34.46 - 35.35,34.46,1298107,1784322300.0,False,False,False,USD,1719495000000,33.06,37.92,Capital Group New Geography Equity ETF,True,NYSEArca,2,0.0,0.0,16.33803,18.90595,18.90595,2661641220.0,CLOSED,-1.10014,34.67,692546,713990,[],6.8600006,700.0,us_market,0.24326243,28.2 - 38.25,-3.1899986,700.0,-0.083398655,21.863056,1.7514504,,35.45,finmb_1871155046,,36.3442,-1.2841988,-0.035334352,33.5443,1.5157013,,15,0,America/New_York,EDT,-14400000,PCX,38.25,28.2,0.58,,Capital Group New Geography Equ,0.64,0.045185063,0.0,20.017696,CGNG,,,,
Emerging Markets,emerging_markets,16,XSOE,WisdomTree Emerging Markets ex-State-Owned Enterprises Fund,Yahoo Finance custom ETF screener,2026-07-18T07:04:17+00:00,en-US,US,ETF,ETF,Delayed Quote,False,LOW,1784318400,45.05,45.4949,44.91,-0.13999939,-0.82,44.24 - 45.4949,44.24,415828,1784322300.0,False,False,False,USD,1419863400000,42.78,49.14,WisdomTree Emerging Markets ex-State-Owned Enterprises Fund,True,NYSEArca,2,-0.31076446,,24.34921,25.86379,25.86379,2188645630.0,CLOSED,-1.78766,44.45,144483,112360,[],10.780998,800.0,us_market,0.31459913,34.269 - 51.38,-6.330002,600.0,-0.12319972,28.64077,2.3567054,,45.87,finmb_272923697,,47.91494,-2.8649406,-0.05979222,42.468414,2.581585,,15,0,America/New_York,EDT,-14400000,PCX,51.38,34.269,1.56,,WisdomTree Emerging Markets Ex-,0.32,0.060788352,,19.11567,XSOE,,,,
Emerging Markets,emerging_markets,17,EMOP,AB Emerging Markets Opportunities ETF,Yahoo Finance custom ETF screener,2026-07-18T07:04:17+00:00,en-US,US,ETF,ETF,Delayed Quote,False,LOW,1784318400,48.27,48.455,48.27,0.0,-0.720001,47.52 - 48.455,47.52,42233,1784323529.0,False,False,False,USD,1750253400000,44.47,48.42,AB Emerging Markets Opportunities ETF,True,NYSEArca,2,0.0,0.0,26.14754,21.20568,21.20568,2122882560.0,CLOSED,-1.46969,47.67,98212,49430,[],12.586002,500.0,us_market,0.35270718,35.684 - 54.35,-6.079998,100.0,-0.111867495,32.744823,3.7984653,,48.99,finmb_1937250723,,51.4494,-3.1794014,-0.061796665,45.280575,2.9894257,,15,0,America/New_York,EDT,-14400000,PCX,54.35,35.684,1.54,,AB Emerging Markets Opportuniti,0.7,0.06602005,0.0,12.707764,EMOP,,,,
Emerging Markets,emerging_markets,18,XCEM,Columbia EM Core ex-China ETF,Yahoo Finance custom ETF screener,2026-07-18T07:04:17+00:00,en-US,US,ETF,ETF,Delayed Quote,False,LOW,1784318400,47.73,48.115,47.73,0.0,-0.689999,46.57 - 48.115,46.57,143180,1784322300.0,False,False,False,USD,1441200600000,47.54,47.78,Columbia EM Core ex-China ETF,True,NYSEArca,2,0.0,0.0,35.36776,32.30818,32.30818,2062966910.0,CLOSED,-1.42503,46.85,196543,166010,[],13.970001,100.0,us_market,0.41380337,33.76 - 55.43,-7.700001,500.0,-0.13891396,38.30774,2.472669,,48.42,finmb_306428279,,50.885,-3.1549988,-0.062002532,43.238144,4.4918556,,15,0,America/New_York,EDT,-14400000,PCX,55.43,33.76,2.4,,Columbia EM Core ex-China ETF,0.16,0.10388641,0.0,19.30303,XCEM,,,,
Emerging Markets,emerging_markets,19,DFEV,Dimensional Emerging Markets Value ETF,Yahoo Finance custom ETF screener,2026-07-18T07:04:17+00:00,en-US,US,ETF,ETF,Delayed Quote,False,LOW,1784318400,39.97,40.235,39.97,0.0,-0.439999,39.32 - 40.235,39.32,319793,1784322300.0,False,False,False,USD,1651066200000,39.89,40.0,Dimensional Emerging Markets Value ETF,True,NYSEArca,2,0.0,0.0,25.86447,22.70457,22.70457,1997248510.0,CLOSED,-1.08884,39.32,216411,258390,[],10.099001,700.0,us_market,0.33808714,29.871 - 44.945,-4.9749985,200.0,-0.11069081,31.135166,3.0225372,,40.41,finmb_1760559109,,42.08274,-2.1127396,-0.05020442,36.985516,2.9844856,,15,0,America/New_York,EDT,-14400000,PCX,44.945,29.871,2.04,,Dimensional Emerging Markets Va,0.43,0.080693364,0.0,13.2239895,DFEV,,,,
Emerging Markets,emerging_markets,20,EMGF,iShares Emerging Markets Equity Factor ETF,Yahoo Finance custom ETF screener,2026-07-18T07:04:17+00:00,en-US,US,ETF,ETF,Delayed Quote,False,LOW,1784318400,67.68,68.075,67.68,0.0,-0.93,66.31 - 68.075,66.31,145378,1784322300.0,False,False,False,USD,1450449000000,67.52,67.71,iShares Emerging Markets Equity Factor ETF,True,Cboe US,2,0.0,0.0,27.49989,23.38371,23.38371,1937294590.0,CLOSED,-1.35549,66.6,155469,215020,[],15.84,100.0,us_market,0.30555555,51.84 - 76.58,-8.900002,200.0,-0.11621835,27.337719,4.4067965,,68.61,finmb_285065157,,72.0044,-4.324402,-0.060057465,63.654594,4.025406,,15,0,America/New_York,EDT,-14400000,BTS,76.58,51.84,1.97,,iShares Emerging Markets Equity,0.26,0.06323826,0.0,15.358095,EMGF,,,,
Emerging Markets,emerging_markets,21,PXH,Invesco RAFI Emerging Markets ETF,Yahoo Finance custom ETF screener,2026-07-18T07:04:17+00:00,en-US,US,ETF,ETF,Delayed Quote,False,LOW,1784318392,28.09,28.1452,28.09,0.0,-0.190001,27.92 - 28.1452,27.92,206543,1784322300.0,False,False,False,USD,1190986200000,28.08,28.11,Invesco RAFI Emerging Markets ETF,True,NYSEArca,2,0.0,0.0,10.02842,6.17665,6.17665,1869000190.0,CLOSED,-0.671855,27.92,244427,311300,[],4.6900005,300.0,us_market,0.20042738,23.4 - 30.11,-2.0200005,1300.0,-0.06708736,17.827177,2.4219356,,28.28,finmb_37457133,,28.6304,-0.54039955,-0.018875027,27.2432,0.84679985,,15,0,America/New_York,EDT,-14400000,PCX,30.11,23.4,4.37,,Invesco RAFI Emerging Markets E,0.47,0.03108298,0.0,11.598162,PXH,,,,
Emerging Markets,emerging_markets,22,DGS,WisdomTree Emerging Markets SmallCap Dividend Fund,Yahoo Finance custom ETF screener,2026-07-18T07:04:17+00:00,en-US,US,ETF,ETF,Delayed Quote,False,LOW,1784318390,62.03,62.26,62.03,0.0,-1.0,61.5 - 62.26,61.5,46922,1784322300.0,False,False,False,USD,1193751000000,62.15,62.18,WisdomTree Emerging Markets SmallCap Dividend Fund,True,NYSEArca,2,0.0,,14.20449,11.39838,11.39838,1784849410.0,CLOSED,-1.58655,61.62,46356,40940,[],7.3999977,500.0,us_market,0.13545667,54.63 - 66.9,-4.8700027,100.0,-0.07279526,10.609841,5.3809667,,63.03,finmb_38686038,,64.5838,-2.5538025,-0.039542463,60.8519,1.1781006,,15,0,America/New_York,EDT,-14400000,PCX,66.9,54.63,3.75,,WisdomTree Emerging Market Smal,0.58,0.019360129,,11.527668,DGS,,,,
Emerging Markets,emerging_markets,23,JEMA,JPMorgan ActiveBuilders Emerging Markets Equity ETF,Yahoo Finance custom ETF screener,2026-07-18T07:04:17+00:00,en-US,US,ETF,ETF,Nasdaq Real Time Price,False,LOW,1784318400,58.83,59.33,58.83,0.020000458,-0.79999924,57.79 - 59.33,57.79,57487,1784319005.0,False,False,False,USD,1616074200000,54.03,63.38,JPMorgan ActiveBuilders Emerging Markets Equity ETF,True,NasdaqGM,2,0.0340086,0.0,30.19547,24.30874,24.30874,1734430850.0,CLOSED,-1.3416053,57.88,106282,81980,[],15.980003,1.0,us_market,0.37292892,42.85 - 66.68,-7.8499985,1.0,-0.11772643,34.869324,3.4957402,,59.63,finmb_700541009,,62.15164,-3.32164,-0.053444125,54.56401,4.265991,,15,0,America/New_York,EDT,-14400000,NGM,66.68,42.85,2.24,,JPMorgan ActiveBuilders Emergin,0.33,0.07818324,0.0,16.829054,JEMA,,2026-04-16,,
Emerging Markets,emerging_markets,24,GEM,Goldman Sachs ActiveBeta Emerging Markets Equity ETF,Yahoo Finance custom ETF screener,2026-07-18T07:04:17+00:00,en-US,US,ETF,ETF,Delayed Quote,False,LOW,1784318400,48.32,48.725,48.32,0.0,-0.709999,47.405 - 48.725,47.405,326549,1784322300.0,False,False,False,USD,1443533400000,48.32,53.23,Goldman Sachs ActiveBeta Emerging Markets Equity ETF,True,NYSEArca,2,0.0,,23.3253,23.14726,23.14726,1683882240.0,CLOSED,-1.44809,47.48,101269,123910,[],11.353001,900.0,us_market,0.30711177,36.967 - 54.29,-5.970001,400.0,-0.10996503,27.966106,3.060564,,49.03,finmb_280408735,,50.9937,-2.6736984,-0.052431937,45.54003,2.7799683,,15,0,America/New_York,EDT,-14400000,PCX,54.29,36.967,1.87,,Goldman Sachs ActiveBeta Emergi,0.35,0.061044496,,15.787939,GEM,,,,
Emerging Markets,emerging_markets,25,AVES,Avantis Emerging Markets Value ETF,Yahoo Finance custom ETF screener,2026-07-18T07:04:17+00:00,en-US,US,ETF,ETF,Delayed Quote,False,LOW,1784318392,62.93,63.3692,62.88,-0.049999237,-0.950001,62.13 - 63.3692,62.13,171017,1784322300.0,False,False,False,USD,1633008600000,62.82,64.0,Avantis Emerging Markets Value ETF,True,NYSEArca,2,-0.07945215,0.0,13.23626,11.20845,11.20845,1471060740.0,CLOSED,-1.48716,62.36,87966,104110,[],9.5,600.0,us_market,0.17780273,53.43 - 69.06,-6.1299973,800.0,-0.088763356,15.191007,5.2020802,,63.88,finmb_1671654373,,66.0621,-3.132103,-0.047411494,61.928436,1.001564,,15,0,America/New_York,EDT,-14400000,PCX,69.06,53.43,2.47,,Avantis Emerging Markets Value ,0.36,0.016172927,0.0,12.097084,AVES,,,,
Emerging Markets,emerging_markets,26,EDIV,State Street SPDR S&P Emerging Markets Dividend ETF,Yahoo Finance custom ETF screener,2026-07-18T07:04:17+00:00,en-US,US,ETF,ETF,Delayed Quote,False,LOW,1784318400,42.07,42.07,42.07,0.0,-0.110001,41.71 - 42.07,41.71,175295,1784322300.0,False,False,False,USD,1298557800000,41.78,42.19,State Street SPDR S&P Emerging Markets Dividend ETF,True,NYSEArca,2,0.0,0.0,6.93961,7.11462,7.11462,1217864320.0,CLOSED,-0.260789,41.73,133430,134820,[],4.2599983,100.0,us_market,0.11266856,37.81 - 43.49,-1.420002,100.0,-0.032651227,8.820486,3.321244,,42.18,finmb_127573431,,41.371,0.6990013,0.016895926,40.2881,1.7818985,,15,0,America/New_York,EDT,-14400000,PCX,43.49,37.81,4.25,,State Street SPDR S&P Emerging ,0.49,0.044228904,0.0,12.666941,EDIV,1451433600.0,,,
Emerging Markets,emerging_markets,27,DVYE,iShares Emerging Markets Dividend ETF,Yahoo Finance custom ETF screener,2026-07-18T07:04:17+00:00,en-US,US,ETF,ETF,Delayed Quote,False,LOW,1784318400,33.15,33.17,33.15,0.0,0.0500031,32.965 - 33.17,32.965,206180,1784322300.0,False,False,False,USD,1330093800000,33.05,33.18,iShares Emerging Markets Dividend ETF,True,NYSEArca,2,0.0,0.0,6.21765,-3.88195,-3.88195,1175101180.0,CLOSED,0.151067,32.96,193754,201980,[],4.710001,400.0,us_market,0.16561185,28.44 - 35.95,-2.7999992,100.0,-0.07788593,14.745581,4.0148907,,33.1,finmb_171192407,,33.6722,-0.5221977,-0.015508275,32.87005,0.279953,,15,0,America/New_York,EDT,-14400000,PCX,35.95,28.44,5.1,,iShares Emerging Markets Divide,0.5,0.008516964,0.0,8.256763,DVYE,,,,
Emerging Markets,emerging_markets,28,EMCS,Xtrackers MSCI Emerging Markets Select ETF,Yahoo Finance custom ETF screener,2026-07-18T07:04:17+00:00,en-US,US,ETF,ETF,Delayed Quote,False,LOW,1784313570,43.4228,43.67,43.4228,0.0,-0.287201,43.41 - 43.67,43.41,4725,1784322300.0,False,False,False,USD,1544106600000,21.75,54.84,Xtrackers MSCI Emerging Markets Select ETF,True,NYSEArca,2,0.0,0.0,29.39349,29.66517,29.66517,1025279550.0,CLOSED,-0.65706,43.34,20864,119170,[],12.682798,500.0,us_market,0.4125829,30.74 - 49.45,-6.0272026,500.0,-0.121884786,36.778282,2.714573,,43.71,finmb_572582176,,45.55956,-2.1367607,-0.04690038,39.450996,3.9718018,,15,0,America/New_York,EDT,-14400000,PCX,49.45,30.74,1.46,,Xtrackers MSCI Emerging Markets,0.15,0.10067684,0.0,15.996181,EMCS,,,,
Emerging Markets,emerging_markets,29,JHEM,John Hancock Multifactor Emerging Markets ETF,Yahoo Finance custom ETF screener,2026-07-18T07:04:17+00:00,en-US,US,ETF,ETF,Delayed Quote,False,LOW,1784318395,38.05,38.26,38.05,0.0,-0.2761,37.335 - 38.26,37.335,179587,1784322300.0,False,False,False,USD,1538141400000,37.98,38.1,John Hancock Multifactor Emerging Markets ETF,True,NYSEArca,2,0.0,0.0,21.73087,21.34485,21.34485,1014472190.0,CLOSED,-0.720397,37.35,32433,47620,[],9.08,100.0,us_market,0.3134277,28.97 - 42.16,-4.1100006,300.0,-0.09748578,28.677713,2.4653106,,38.3261,finmb_571929459,,39.8236,-1.7736015,-0.04453644,35.66795,2.3820496,,15,0,America/New_York,EDT,-14400000,PCX,42.16,28.97,1.78,,John Hancock Multifactor Emergi,0.49,0.06678403,0.0,15.43416,JHEM,,,,
Emerging Markets,emerging_markets,30,BBEM,JPMorgan Betabuilders Emerging Markets Equity ETF,Yahoo Finance custom ETF screener,2026-07-18T07:04:17+00:00,en-US,US,ETF,ETF,Delayed Quote,False,LOW,1784304298,73.3719,73.675,73.3719,0.0,-0.968094,71.77 - 73.675,71.77,3284,1784322300.0,False,False,False,USD,1683811800000,36.75,110.23,JPMorgan Betabuilders Emerging Markets Equity ETF,True,Cboe US,2,0.0,0.0,25.16391,22.15712,22.15712,820816380.0,CLOSED,-1.30225,71.77,42501,16240,[],15.221901,300.0,us_market,0.26176956,58.15 - 82.68,-9.308098,600.0,-0.1125798,24.035572,4.4552994,,74.34,finmb_1816394726,,77.42284,-4.050934,-0.05232221,69.69888,3.6730194,,15,0,America/New_York,EDT,-14400000,BTS,82.68,58.15,2.67,,JPMorgan BetaBuilders Emerging ,0.15,0.052698396,0.0,16.468456,BBEM,,,,
Emerging Markets,emerging_markets,31,EYLD,Cambria Emerging Shareholder Yield ETF,Yahoo Finance custom ETF screener,2026-07-18T07:04:17+00:00,en-US,US,ETF,ETF,Delayed Quote,False,LOW,1784318390,45.23,45.4555,45.23,0.0,-0.470001,44.58 - 45.4555,44.58,33790,1784322300.0,False,False,False,USD,1468503000000,42.21,45.3,Cambria Emerging Shareholder Yield ETF,True,Cboe US,2,0.0,0.0,19.41211,13.06689,13.06689,814765180.0,CLOSED,-1.02845,44.63,122259,91370,[],9.380001,200.0,us_market,0.2616458,35.85 - 49.82,-4.59,1700.0,-0.092131674,23.917807,4.2525544,,45.7,finmb_304415708,,46.19596,-0.96596146,-0.020910084,42.053806,3.1761932,,15,0,America/New_York,EDT,-14400000,BTS,49.82,35.85,5.11,,Cambria Emerging Shareholder Yi,0.65,0.07552689,0.0,10.635961,EYLD,,,,
Emerging Markets,emerging_markets,32,FEM,First Trust Emerging Markets AlphaDEX Fund,Yahoo Finance custom ETF screener,2026-07-18T07:04:17+00:00,en-US,US,ETF,ETF,Nasdaq Real Time Price,False,LOW,1784318400,30.8166,30.85,30.8166,0.036600113,-0.5433998,30.39 - 30.85,30.39,97768,1784319004.0,False,False,False,USD,1303219800000,28.25,33.17,First Trust Emerging Markets AlphaDEX Fund,True,NasdaqGM,2,0.11890875,0.0,16.53957,7.39778,7.39778,747033020.0,CLOSED,-1.73278,30.39,113724,115270,[],6.1266003,1.0,us_market,0.24814095,24.69 - 35.61,-4.7934,1.0,-0.13460825,23.92441,2.7088425,,31.36,finmb_130256910,,32.2288,-1.4122009,-0.04381798,29.7686,1.0480003,,15,0,America/New_York,EDT,-14400000,NGM,35.61,24.69,2.26,,First Trust Emerging Markets Al,0.8,0.03520489,0.0,11.376298,FEM,1522281600.0,,,
Emerging Markets,emerging_markets,33,EWX,State Street SPDR S&P Emerging Markets Small Cap ETF,Yahoo Finance custom ETF screener,2026-07-18T07:04:17+00:00,en-US,US,ETF,ETF,Delayed Quote,False,LOW,1784318399,69.35,69.3921,69.35,0.0,-1.6604,68.58 - 69.3921,68.58,27577,1784322300.0,False,False,False,USD,1211463000000,65.49,69.41,State Street SPDR S&P Emerging Markets Small Cap ETF,True,NYSEArca,2,0.0,0.0,13.75265,15.65037,15.65037,732866560.0,CLOSED,-2.33825,68.83,23154,21580,[],6.8799973,400.0,us_market,0.11013282,62.47 - 76.61,-7.260002,300.0,-0.09476572,9.212601,4.883557,,71.0104,finmb_44919330,,73.7358,-4.385803,-0.05947997,69.16365,0.18634796,,15,0,America/New_York,EDT,-14400000,PCX,76.61,62.47,2.49,,State Street SPDR S&P Emerging ,0.65,0.0026943048,0.0,14.200715,EWX,,,,
Emerging Markets,emerging_markets,34,EMEQ,Nomura Focused Emerging Markets Equity ETF,Yahoo Finance custom ETF screener,2026-07-18T07:04:17+00:00,en-US,US,ETF,ETF,Nasdaq Real Time Price,False,LOW,1784318400,62.6159,63.68,62.6159,-0.014102936,-0.59400177,60.78 - 63.68,60.78,439674,1784319005.0,False,False,False,USD,1725543000000,58.43,66.97,Nomura Focused Emerging Markets Equity ETF,True,NasdaqGM,2,-0.02251786,0.0,77.48821,66.26366,66.26366,672161920.0,CLOSED,-0.939729,61.36,179667,141830,[],32.6359,1.0,us_market,1.0885891,29.98 - 78.71,-16.0941,1.0,-0.20447339,102.522804,4.0298862,,63.2099,finmb_1884277054,,67.41134,-4.7954407,-0.071137,49.92781,12.688087,,15,0,America/New_York,EDT,-14400000,NGM,78.71,29.98,1.55,,Nomura Focused Emerging Markets,0.86,0.25412866,0.0,15.537882,EMEQ,,2024-09-05,,
Emerging Markets,emerging_markets,35,DFSE,Dimensional Emerging Markets Sustainability Core 1 ETF,Yahoo Finance custom ETF screener,2026-07-18T07:04:17+00:00,en-US,US,ETF,ETF,Delayed Quote,False,LOW,1784317284,45.9337,46.14,45.9337,0.0,-0.473301,44.91 - 46.14,44.91,20523,1784322300.0,False,False,False,USD,1667395800000,45.85,45.97,Dimensional Emerging Markets Sustainability Core 1 ETF,True,NYSEArca,2,0.0,0.0,17.11301,18.47069,18.47069,615862850.0,CLOSED,-1.01989,45.2,25230,26520,[],8.173702,300.0,us_market,0.21646458,37.76 - 51.2,-5.2663,300.0,-0.102857426,18.876816,2.8488476,,46.407,finmb_1782007305,,48.62294,-2.6892395,-0.05530804,44.51443,1.4192696,,15,0,America/New_York,EDT,-14400000,PCX,51.2,37.76,1.89,,Dimensional Emerging Markets Su,0.41,0.03188336,0.0,16.123608,DFSE,,,,
Emerging Markets,emerging_markets,36,SEEM,SEI Select Emerging Markets Equity ETF,Yahoo Finance custom ETF screener,2026-07-18T07:04:17+00:00,en-US,US,ETF,ETF,Nasdaq Real Time Price,False,LOW,1784318400,37.1633,37.44,37.09,-0.13000107,-0.52470016,36.53 - 37.44,36.53,21997,1784318695.0,False,False,False,USD,1728567000000,37.08,37.16,SEI Select Emerging Markets Equity ETF,True,NasdaqGM,2,-0.34927744,0.0,27.31574,25.13871,25.13871,605732610.0,CLOSED,-1.3922209,36.6,51950,72320,[],9.8533,1.0,us_market,0.3607946,27.31 - 41.79,-4.6267014,1.0,-0.11071312,33.7039,2.8396976,,37.688,finmb_1881817025,,39.1249,-1.9616013,-0.0501369,34.38073,2.78257,,15,0,America/New_York,EDT,-14400000,NGM,41.79,27.31,2.5,,SEI Select Emerging Markets Equ,0.6,0.080933996,0.0,13.087062,SEEM,,,,
Emerging Markets,emerging_markets,37,FDEM,Fidelity Emerging Markets Multifactor ETF,Yahoo Finance custom ETF screener,2026-07-18T07:04:17+00:00,en-US,US,ETF,ETF,Delayed Quote,False,LOW,1784318301,34.38,34.72,34.89,0.5099983,-0.279999,33.88 - 34.72,33.88,72428,1784322300.0,False,False,False,USD,1551450600000,29.45,51.68,Fidelity Emerging Markets Multifactor ETF,True,Cboe US,2,1.4834157,0.0,18.18865,18.34972,18.34972,587022400.0,CLOSED,-0.807844,33.97,116264,68480,[],6.380001,500.0,us_market,0.22785719,28.0 - 38.316,-3.9360008,100.0,-0.10272472,20.589268,2.782878,,34.66,finmb_597913122,,36.2412,-1.8611984,-0.051355872,33.13972,1.2402802,,15,0,America/New_York,EDT,-14400000,BTS,38.316,28.0,2.97,,Fidelity Emerging Markets Multi,0.25,0.037425786,0.0,12.354117,FDEM,,,,
Emerging Markets,emerging_markets,38,DEHP,Dimensional Emerging Markets High Profitability ETF,Yahoo Finance custom ETF screener,2026-07-18T07:04:17+00:00,en-US,US,ETF,ETF,Delayed Quote,False,LOW,1784318391,38.8,39.4,38.8,0.0,-0.688999,38.0699 - 39.4,38.0699,63630,1784325403.0,False,False,False,USD,1651066200000,38.79,39.03,Dimensional Emerging Markets High Profitability ETF,True,NYSEArca,2,0.0,0.0,31.68578,30.02442,30.02442,445455808.0,CLOSED,-1.74479,38.29,39485,29420,[],10.9,400.0,us_market,0.390681,27.9 - 45.13,-6.330002,700.0,-0.1402615,36.812412,2.1440601,,39.489,finmb_1760559243,,41.72218,-2.9221802,-0.07003901,35.775925,3.0240746,,15,0,America/New_York,EDT,-14400000,PCX,45.13,27.9,1.32,,Dimensional Emerging Markets Hi,0.41,0.0845282,0.0,18.096506,DEHP,,,,
Emerging Markets,emerging_markets,39,AVXC,Avantis Emerging Markets Ex-China Equity ETF,Yahoo Finance custom ETF screener,2026-07-18T07:04:17+00:00,en-US,US,ETF,ETF,Nasdaq Real Time Price,False,LOW,1784318400,78.031,78.87,78.031,0.0009994507,-0.46900177,76.43 - 78.87,76.43,52550,1784319004.0,False,False,False,USD,1711027800000,71.94,84.31,Avantis Emerging Markets Ex-China Equity ETF,True,NasdaqGM,2,0.0012808545,0.0,35.22286,28.92911,28.92911,425943040.0,CLOSED,-0.5974545,76.72,39801,32040,[],22.380997,1.0,us_market,0.40217423,55.65 - 88.77,-10.738998,1.0,-0.12097554,36.978195,4.973591,,78.5,finmb_1858132164,,82.58262,-4.5516205,-0.05511596,70.94252,7.088478,,15,0,America/New_York,EDT,-14400000,NGM,88.77,55.65,1.57,,Avantis Emerging Markets ex-Chi,0.33,0.09991861,0.0,15.689067,AVXC,,2024-03-21,,
Emerging Markets,emerging_markets,40,EELV,Invesco S&P Emerging Markets Low Volatility ETF,Yahoo Finance custom ETF screener,2026-07-18T07:04:17+00:00,en-US,US,ETF,ETF,Delayed Quote,False,LOW,1784318393,28.27,28.5,28.27,0.0,-0.039999,28.22 - 28.5,28.22,25839,1784322300.0,False,False,False,USD,1326465000000,26.68,28.45,Invesco S&P Emerging Markets Low Volatility ETF,True,NYSEArca,2,0.0,0.0,3.89984,1.27688,1.27688,422524224.0,CLOSED,-0.141289,28.18,46388,45320,[],2.630001,200.0,us_market,0.10257415,25.64 - 29.97,-1.6999989,100.0,-0.056723353,8.48043,2.538418,,28.31,finmb_145962352,,28.392,-0.12199974,-0.0042969757,28.062,0.20800018,,15,0,America/New_York,EDT,-14400000,PCX,29.97,25.64,3.95,,Invesco S&P Emerging Markets Lo,0.29,0.0074121654,0.0,11.136858,EELV,,,,
Emerging Markets,emerging_markets,41,NUEM,Nuveen ESG Emerging Markets Equity ETF,Yahoo Finance custom ETF screener,2026-07-18T07:04:17+00:00,en-US,US,ETF,ETF,Delayed Quote,False,LOW,1784317656,39.7165,40.0799,39.7165,0.0,-0.418102,39.14 - 40.0799,39.14,30645,1784322300.0,False,False,False,USD,1497274200000,39.58,43.72,Nuveen ESG Emerging Markets Equity ETF,True,Cboe US,2,0.0,0.0,17.68344,18.85292,18.85292,385069376.0,CLOSED,-1.04175,39.14,24929,27510,[],6.8265,200.0,us_market,0.20755549,32.89 - 44.661,-4.9445,200.0,-0.110711806,17.924583,2.4421124,,40.1346,finmb_420306445,,41.57924,-1.8627396,-0.044799753,38.441235,1.2752647,,15,0,America/New_York,EDT,-14400000,BTS,44.661,32.89,3.04,,Nuveen ESG Emerging Markets Equ,0.36,0.033174396,0.0,16.263174,NUEM,,,,
Emerging Markets,emerging_markets,42,EEMS,iShares MSCI Emerging Markets Small-Cap ETF,Yahoo Finance custom ETF screener,2026-07-18T07:04:17+00:00,en-US,US,ETF,ETF,Delayed Quote,False,LOW,1784318366,71.69,71.91,71.69,0.0,-1.1078,70.92 - 71.91,70.92,67531,1784322300.0,False,False,False,USD,1313674200000,71.63,71.74,iShares MSCI Emerging Markets Small-Cap ETF,True,NYSEArca,2,0.0,0.0,13.5733,11.65651,11.65651,380025312.0,CLOSED,-1.52174,70.85,80598,125930,[],8.0700035,400.0,us_market,0.12684695,63.62 - 79.44,-7.75,100.0,-0.0975579,9.416973,4.3915725,5750000.0,72.7978,finmb_139511718,,75.9686,-4.278595,-0.056320574,71.65335,0.03665161,,15,0,America/New_York,EDT,-14400000,PCX,79.44,63.62,2.81,,iShares MSCI Emerging Markets S,0.72,0.00051151286,0.0,16.32445,EEMS,,,,
Emerging Markets,emerging_markets,43,JPEM,JPMorgan Diversified Return Emerging Markets Equity ETF,Yahoo Finance custom ETF screener,2026-07-18T07:04:17+00:00,en-US,US,ETF,ETF,Delayed Quote,False,LOW,1784315826,63.0738,63.095,63.0738,0.0,-0.357002,62.94 - 63.095,62.94,7036,1784322300.0,False,False,False,USD,1420813800000,63.0,63.09,JPMorgan Diversified Return Emerging Markets Equity ETF,True,NYSEArca,2,0.0,0.0,6.19026,2.87683,2.87683,377956096.0,CLOSED,-0.562822,62.73,17672,12530,[],7.5937996,600.0,us_market,0.13687454,55.48 - 67.4,-4.3262024,100.0,-0.064186975,11.351597,5.2403626,,63.4308,finmb_260009369,,64.16136,-1.0875626,-0.016950428,62.78387,0.28992844,,15,0,America/New_York,EDT,-14400000,PCX,67.4,55.48,4.4,,JPMorgan Diversified Return Eme,0.44,0.004617881,0.0,12.036152,JPEM,,,,
Emerging Markets,emerging_markets,44,GEME,Pacific NoS Global EM Equity Active ETF,Yahoo Finance custom ETF screener,2026-07-18T07:04:17+00:00,en-US,US,ETF,ETF,Nasdaq Real Time Price,False,LOW,1784318400,40.8857,41.24,40.8857,-0.084300995,-0.32429886,40.175 - 41.24,40.175,13895,1784319005.0,False,False,False,USD,1737642600000,37.49,44.12,Pacific NoS Global EM Equity Active ETF,True,NasdaqGM,2,-0.20576273,0.0,34.75513,26.59543,26.59543,366746720.0,CLOSED,-0.7869421,40.36,67477,51120,[],13.1017,1.0,us_market,0.47155556,27.784 - 45.99,-5.1043015,1.0,-0.1109872,43.35904,2.836225,,41.21,finmb_1892497793,,42.78806,-1.902359,-0.044460043,36.80499,4.0807114,,15,0,America/New_York,EDT,-14400000,NGM,45.99,27.784,3.74,,Pacific North of South EM Equit,0.75,0.11087386,0.0,14.415535,GEME,,2025-01-23,,
Emerging Markets,emerging_markets,45,AGEM,abrdn Emerging Markets Dividend Active ETF,Yahoo Finance custom ETF screener,2026-07-18T07:04:17+00:00,en-US,US,ETF,ETF,Nasdaq Real Time Price,False,LOW,1784318400,46.2458,46.48,46.2458,-0.23419952,0.015800476,45.42 - 46.48,45.42,1807,1784319004.0,False,False,False,USD,1739975400000,33.26,59.25,abrdn Emerging Markets Dividend Active ETF,True,NasdaqGM,2,-0.5038716,0.0,27.9696,24.19102,24.19102,361443744.0,CLOSED,0.034177974,45.42,14474,9250,[],12.802799,1.0,us_market,0.38282448,33.443 - 51.5,-5.2542,1.0,-0.1020233,36.741577,3.0589123,,46.23,finmb_1913236252,,48.46772,-2.22192,-0.045843296,42.524075,3.7217255,,15,0,America/New_York,EDT,-14400000,NGM,51.5,33.443,1.89,,abrdn Emerging Markets Dividend,0.7,0.087520435,0.0,15.118381,AGEM,,2025-02-18,,
Emerging Markets,emerging_markets,46,TLTE,FlexShares Morningstar Emerging Markets Factor Tilt Index Fund,Yahoo Finance custom ETF screener,2026-07-18T07:04:17+00:00,en-US,US,ETF,ETF,Delayed Quote,False,LOW,1784317602,72.8319,73.0254,72.8319,0.0,-0.627998,72.74 - 73.0254,72.74,2335,1784322300.0,False,False,False,USD,1349184600000,72.64,72.82,FlexShares Morningstar Emerging Markets Factor Tilt Index Fund,True,NYSEArca,2,0.0,0.0,19.99105,18.1009,18.1009,353587648.0,CLOSED,-0.854886,73.0254,4975,3220,[],14.421902,100.0,us_market,0.2469081,58.41 - 80.63,-7.7980957,400.0,-0.09671457,22.075092,5.6154475,,73.4599,finmb_207419456,,76.8806,-4.0486984,-0.05266216,69.8276,3.004303,,15,0,America/New_York,EDT,-14400000,PCX,80.63,58.41,3.24,,FlexShares Morningstar Emerging,0.57,0.043024577,0.0,12.969919,TLTE,,,,
Emerging Markets,emerging_markets,47,ECON,Columbia Research Enhanced Emerging Economies ETF,Yahoo Finance custom ETF screener,2026-07-18T07:04:17+00:00,en-US,US,ETF,ETF,Delayed Quote,False,LOW,1784318400,32.91,33.17,32.91,0.0,-0.3745,32.84 - 33.17,32.84,8692,1784322300.0,False,False,False,USD,1284471000000,30.68,33.05,Columbia Research Enhanced Emerging Economies ETF,True,NYSEArca,2,0.0,0.0,30.12004,28.79462,28.79462,348743936.0,CLOSED,-1.12515,32.91,19398,11480,[],9.0,500.0,us_market,0.37641156,23.91 - 38.18,-5.2700005,100.0,-0.1380304,35.043083,2.3075228,,33.2845,finmb_113360272,,35.2172,-2.3072014,-0.06551348,30.4437,2.466299,,15,0,America/New_York,EDT,-14400000,PCX,38.18,23.91,1.35,,Columbia Research Enhanced Emer,0.47,0.0810118,0.0,14.262048,ECON,,,,
Emerging Markets,emerging_markets,48,DEXC,Dimensional Emerging Markets ex China Core Equity ETF,Yahoo Finance custom ETF screener,2026-07-18T07:04:17+00:00,en-US,US,ETF,ETF,Delayed Quote,False,LOW,1784318400,74.73,75.58,74.73,0.0,-1.0293,74.625 - 75.58,74.625,24855,1784322300.0,False,False,False,USD,1731594600000,56.25,75.05,Dimensional Emerging Markets ex China Core Equity ETF,True,NYSEArca,2,0.0,0.0,35.49556,31.12783,31.12783,337607200.0,CLOSED,-1.35864,73.57,20138,16530,[],21.090004,600.0,us_market,0.39317682,53.64 - 86.67,-11.939995,600.0,-0.13776387,35.956776,4.390817,,75.7593,finmb_1884220869,,79.73478,-5.004776,-0.06276779,67.70038,7.029625,,15,0,America/New_York,EDT,-14400000,PCX,86.67,53.64,1.51,,Dimensional Emerging Markets ex,0.43,0.10383435,0.0,17.019611,DEXC,,,,
Emerging Markets,emerging_markets,49,HEEM,iShares Currency Hedged MSCI Emerging Markets ETF,Yahoo Finance custom ETF screener,2026-07-18T07:04:17+00:00,en-US,US,ETF,ETF,Delayed Quote,False,LOW,1784318391,41.0,41.33,41.0,0.0,-0.290001,40.09 - 41.33,40.09,475402,1784322300.0,False,False,False,USD,1411651800000,40.91,41.04,iShares Currency Hedged MSCI Emerging Markets ETF,True,Cboe US,2,0.0,,28.33433,21.11605,21.11605,290190912.0,CLOSED,-0.702351,40.3,104024,331530,[],10.82,100.0,us_market,0.35851556,30.18 - 46.49,-5.4900017,100.0,-0.118089944,33.520042,2.552341,8750000.0,41.29,finmb_262942725,,43.36154,-2.3615417,-0.054461665,38.29416,2.705841,,15,0,America/New_York,EDT,-14400000,BTS,46.49,30.18,1.75,,iShares Currency Hedged MSCI Em,0.72,0.07065937,,16.063684,HEEM,,,,
Emerging Markets,emerging_markets,50,PIE,Invesco Dorsey Wright Emerging Markets Momentum ETF,Yahoo Finance custom ETF screener,2026-07-18T07:04:17+00:00,en-US,US,ETF,ETF,Nasdaq Real Time Price,False,LOW,1784318400,30.545,30.66,30.545,0.0,-1.2849998,29.93 - 30.66,29.93,836429,1784319005.0,False,False,False,USD,1199716200000,29.37,31.53,Invesco Dorsey Wright Emerging Markets Momentum ETF,True,NasdaqGM,2,0.0,0.0,40.18659,29.82341,29.82341,265838016.0,CLOSED,-4.037071,30.03,84919,190520,[],9.504999,1.0,us_market,0.4517585,21.04 - 35.17,-4.624998,1.0,-0.13150407,43.832397,2.5203357,,31.83,finmb_39793584,,32.1612,-1.6162014,-0.05025314,27.398,3.1469994,,15,0,America/New_York,EDT,-14400000,NGM,35.17,21.04,1.71,,Invesco Dorsey Wright Emerging ,0.9,0.114862375,0.0,12.119417,PIE,1514505600.0,,,
Emerging Markets,emerging_markets,51,FEMS,First Trust Emerging Markets Small Cap AlphaDEX Fund,Yahoo Finance custom ETF screener,2026-07-18T07:04:17+00:00,en-US,US,ETF,ETF,Nasdaq Real Time Price,False,LOW,1784318400,44.835,46.41,44.835,0.18999863,-0.89500046,44.29 - 46.41,44.29,49118,1784319004.0,False,False,False,USD,1329489000000,32.2,56.96,First Trust Emerging Markets Small Cap AlphaDEX Fund,True,NasdaqGM,2,0.42557648,,8.40829,1.20367,1.20367,251797872.0,CLOSED,-1.9571407,44.735,34548,17610,[],4.924999,1.0,us_market,0.12340264,39.91 - 49.49,-4.6550026,1.0,-0.09405945,8.70303,5.290001,,45.73,finmb_170740227,,46.3846,-1.5496025,-0.033407692,44.95115,-0.1161499,,15,0,America/New_York,EDT,-14400000,NGM,49.49,39.91,4.25,,First Trust Emerging Markets Sm,0.8,-0.002583914,,8.475424,FEMS,1530230400.0,,,
Emerging Markets,emerging_markets,52,EMQQ,EMQQ The Emerging Markets Internet ETF,Yahoo Finance custom ETF screener,2026-07-18T07:04:17+00:00,en-US,US,ETF,ETF,Delayed Quote,False,LOW,1784316420,33.003,33.09,32.992,-0.010997772,-0.472103,32.805 - 33.09,32.805,48770,1784324450.0,False,False,False,USD,1416234600000,32.89,33.12,EMQQ The Emerging Markets Internet ETF,True,NYSEArca,2,-0.033323556,0.0,-22.78136,-4.09483,-4.09483,249172096.0,CLOSED,-1.41031,32.93,52620,35920,[],3.0029984,300.0,us_market,0.10009994,30.0 - 47.0,-13.997002,500.0,-0.29780856,-20.950895,1.8761646,,33.4751,finmb_272410569,,32.40378,0.59921646,0.018492177,37.695656,-4.6926575,,15,0,America/New_York,EDT,-14400000,PCX,47.0,30.0,4.0,,EMQQ The Emerging Markets Inter,0.86,-0.12448802,0.0,17.590673,EMQQ,,,,
Emerging Markets,emerging_markets,53,VEXC,Vanguard Emerging Markets Ex-China ETF,Yahoo Finance custom ETF screener,2026-07-18T07:04:17+00:00,en-US,US,ETF,ETF,Delayed Quote,False,LOW,1784318379,91.58,91.735,91.58,0.0,-1.33,90.4093 - 91.735,90.4093,35520,1784322300.0,False,False,False,USD,1759411800000,91.45,91.58,Vanguard Emerging Markets Ex-China ETF,True,NYSEArca,2,0.0,0.0,22.27211,19.67774,19.67774,249028000.0,CLOSED,-1.43149,90.53,30159,22830,[],16.605003,100.0,us_market,0.22147387,74.975 - 98.56,-6.9799957,200.0,-0.070819765,19.930326,4.925008,,92.91,finmb_1945688959,,93.97714,-2.3971405,-0.025507698,85.191536,6.388466,,15,0,America/New_York,EDT,-14400000,PCX,98.56,74.975,,,Vanguard Emerging Markets Ex-Ch,0.07,0.074989446,0.0,18.594894,VEXC,,,,
Emerging Markets,emerging_markets,54,UEVM,VictoryShares Emerging Markets Value Momentum ETF,Yahoo Finance custom ETF screener,2026-07-18T07:04:17+00:00,en-US,US,ETF,ETF,Nasdaq Real Time Price,False,LOW,1784318400,57.9712,57.9712,57.9712,0.15119934,-0.4389,57.78 - 57.9712,57.78,2934,1784319005.0,False,False,False,USD,1509111000000,41.61,74.12,VictoryShares Emerging Markets Value Momentum ETF,True,NasdaqGM,2,0.26150006,0.0,3.95636,3.14145,3.14145,242892928.0,CLOSED,-0.75141114,57.89,4672,4440,[],6.1212006,2.0,us_market,0.11805595,51.85 - 61.771,-3.7998009,1.0,-0.061514318,10.970521,5.3855867,,58.4101,finmb_533296187,,59.40846,-1.4372597,-0.024192845,58.064404,-0.0932045,,15,0,America/New_York,EDT,-14400000,NGM,61.771,51.85,2.89,,VictoryShares Emerging Markets ,0.45,-0.0016051917,0.0,10.764138,UEVM,,2022-11-01,,
Emerging Markets,emerging_markets,55,AVSE,Avantis Responsible Emerging Markets Equity ETF,Yahoo Finance custom ETF screener,2026-07-18T07:04:17+00:00,en-US,US,ETF,ETF,Delayed Quote,False,LOW,1784318398,75.08,75.98,75.08,0.0,-1.1375,74.67 - 75.98,74.67,61059,1784322300.0,False,False,False,USD,1648647000000,54.35,84.0,Avantis Responsible Emerging Markets Equity ETF,True,NYSEArca,2,0.0,0.0,26.82652,24.91782,24.91782,228766416.0,CLOSED,-1.49244,74.06,12514,14190,[],16.779003,100.0,us_market,0.2877996,58.301 - 84.925,-9.845001,1100.0,-0.115925826,25.528753,5.2023463,,76.2175,finmb_1761086630,,79.50302,-4.4230194,-0.05563335,70.79686,4.283142,,15,0,America/New_York,EDT,-14400000,PCX,84.925,58.301,1.99,,Avantis Responsible Emerging Ma,0.33,0.060499042,0.0,14.43195,AVSE,,,,
Emerging Markets,emerging_markets,56,ECOW,Pacer Emerging Markets Cash Cows 100 ETF,Yahoo Finance custom ETF screener,2026-07-18T07:04:17+00:00,en-US,US,ETF,ETF,Nasdaq Real Time Price,False,LOW,1784318400,27.3173,27.34,27.3173,-0.012699127,-0.12269974,27.13 - 27.34,27.13,26796,1784319004.0,False,False,False,USD,1557149400000,27.29,34.94,Pacer Emerging Markets Cash Cows 100 ETF,True,NasdaqGM,2,-0.04646589,0.0,8.82308,1.24786,1.24786,209852928.0,CLOSED,-0.44715646,27.13,57132,30130,[],5.077301,2.0,us_market,0.2282959,22.24 - 29.53,-2.2127,1.0,-0.07493057,22.800625,2.355684,,27.44,finmb_382012009,,27.2494,0.06790161,0.0024918572,26.26282,1.0544815,,15,0,America/New_York,EDT,-14400000,NGM,29.53,22.24,4.62,,Pacer Emerging Markets Cash Cow,0.7,0.040151116,0.0,11.596334,ECOW,,,,
Emerging Markets,emerging_markets,57,EEMX,State Street SPDR MSCI Emerging Markets Fossil Fuel Reserves Free ETF,Yahoo Finance custom ETF screener,2026-07-18T07:04:17+00:00,en-US,US,ETF,ETF,Delayed Quote,False,LOW,1784316124,49.9209,50.54,49.9209,0.0,-0.668903,49.05 - 50.54,49.05,10822,1784322300.0,False,False,False,USD,1479220200000,25.05,75.13,State Street SPDR MSCI Emerging Markets Fossil Fuel Reserves Free ETF,True,NYSEArca,2,0.0,0.0,25.27764,25.51211,25.51211,181212576.0,CLOSED,-1.32221,49.05,5840,4590,[],12.430897,100.0,us_market,0.331579,37.49 - 56.38,-6.4591026,200.0,-0.11456372,30.546547,2.961227,,50.5898,finmb_323713416,,52.80996,-2.889061,-0.054706745,46.74703,3.17387,,15,0,America/New_York,EDT,-14400000,PCX,56.38,37.49,1.8,,State Street SPDR MSCI Emerging,0.3,0.067894585,0.0,16.858181,EEMX,,,,
Emerging Markets,emerging_markets,58,EMKT,Lazard Emerging Markets Opportunities ETF,Yahoo Finance custom ETF screener,2026-07-18T07:04:17+00:00,en-US,US,ETF,ETF,Delayed Quote,False,LOW,1784318400,29.67,29.755,29.67,0.0,-0.6157,29.335 - 29.755,29.335,27679,1784322300.0,False,False,False,USD,1761571800000,14.87,44.49,Lazard Emerging Markets Opportunities ETF,True,NYSEArca,2,0.0,0.0,27.3909,27.49204,27.49204,180860368.0,CLOSED,-2.03297,29.58,20264,12430,[],5.901001,1400.0,us_market,0.2482646,23.769 - 33.28,-3.6099987,100.0,-0.108473524,16.77425,1.6703155,,30.2857,finmb_249884291,,31.31346,-1.6434593,-0.052484117,27.770597,1.8994026,,15,0,America/New_York,EDT,-14400000,PCX,33.28,23.769,1.22,,Lazard Emerging Markets Opportu,0.74,0.06839617,0.0,17.763111,EMKT,,,,
Emerging Markets,emerging_markets,59,EMMF,WisdomTree Emerging Markets Multifactor Fund,Yahoo Finance custom ETF screener,2026-07-18T07:04:17+00:00,en-US,US,ETF,ETF,Delayed Quote,False,LOW,1784318266,36.289,36.43,36.289,0.0,-0.3685,35.57 - 36.43,35.57,13305,1784322300.0,False,False,False,USD,1533907800000,36.24,45.36,WisdomTree Emerging Markets Multifactor Fund,True,NYSEArca,2,0.0,0.0,21.81675,19.06815,19.06815,179009472.0,CLOSED,-1.00525,35.77,14490,11430,[],7.889002,500.0,us_market,0.27778175,28.4 - 40.96,-4.6709976,400.0,-0.11403803,25.354063,2.2349453,,36.6575,finmb_563363378,,38.2224,-1.9333992,-0.050582882,34.29575,1.9932518,,15,0,America/New_York,EDT,-14400000,PCX,40.96,28.4,1.94,,WisdomTree Emerging Markets Mul,0.48,0.0581195,0.0,16.237087,EMMF,,,,
Emerging Markets,emerging_markets,60,EMXF,iShares ESG Advanced MSCI EM ETF,Yahoo Finance custom ETF screener,2026-07-18T07:04:17+00:00,en-US,US,ETF,ETF,Nasdaq Real Time Price,False,LOW,1784318400,54.761,55.15,54.761,0.031002045,-0.6189995,54.01 - 55.15,54.01,14785,1784319004.0,False,False,False,USD,1602595800000,54.0,55.25,iShares ESG Advanced MSCI EM ETF,True,NasdaqGM,2,0.05664543,0.0,25.3763,23.21179,23.21179,161216608.0,CLOSED,-1.1177311,54.1,7017,7130,[],12.321003,5.0,us_market,0.2903158,42.44 - 60.04,-5.2789993,5.0,-0.087924704,25.91051,3.7759235,,55.38,finmb_662352510,,56.66822,-1.9072189,-0.033655882,50.518517,4.242485,,15,0,America/New_York,EDT,-14400000,NGM,60.04,42.44,2.66,,iShares ESG Advanced MSCI EM ET,0.16,0.08397881,0.0,14.502678,EMXF,,,,
Emerging Markets,emerging_markets,61,FEMR,Fidelity Enhanced Emerging Markets ETF,Yahoo Finance custom ETF screener,2026-07-18T07:04:17+00:00,en-US,US,ETF,ETF,Delayed Quote,False,LOW,1784318390,39.03,39.2,39.03,0.0,-0.380001,38.1 - 39.2,38.1,44804,1784322300.0,False,False,False,USD,1732199400000,38.93,41.65,Fidelity Enhanced Emerging Markets ETF,True,NYSEArca,2,0.0,0.0,29.75896,27.61397,27.61397,158385984.0,CLOSED,-0.964225,38.46,46993,58380,[],11.109999,700.0,us_market,0.39792258,27.92 - 44.41,-5.380001,400.0,-0.12114391,36.382698,2.7681255,,39.41,finmb_1886540812,,41.46138,-2.4313812,-0.05864207,35.98947,3.0405273,,15,0,America/New_York,EDT,-14400000,PCX,44.41,27.92,1.48,,Fidelity Enhanced Emerging Mark,0.38,0.0844838,0.0,14.099793,FEMR,,,,
Emerging Markets,emerging_markets,62,STXE,Strive Emerging Markets Ex-China ETF,Yahoo Finance custom ETF screener,2026-07-18T07:04:17+00:00,en-US,US,ETF,ETF,Delayed Quote,False,LOW,1784317635,46.8994,47.2682,46.8994,0.0,-0.1413,45.65 - 47.2682,45.65,28789,1784322300.0,False,False,False,USD,1675175400000,44.32,49.78,Strive Emerging Markets Ex-China ETF,True,NYSE,2,0.0,0.0,43.99717,37.60637,37.60637,150023072.0,CLOSED,-0.300379,45.64,11206,15090,[],16.1894,100.0,us_market,0.5271703,30.71 - 55.39,-8.490601,200.0,-0.1532876,50.01439,2.5304365,,47.0407,finmb_1792316777,,50.24294,-3.3435402,-0.06654746,41.348236,5.5511627,,15,0,America/New_York,EDT,-14400000,NYQ,55.39,30.71,1.73,,Strive Emerging Markets Ex-Chin,0.32,0.13425392,0.0,18.534115,STXE,,,,
Emerging Markets,emerging_markets,63,MFEM,PIMCO RAFI Dynamic Multi-Factor Emerging Markets Equity ETF,Yahoo Finance custom ETF screener,2026-07-18T07:04:17+00:00,en-US,US,ETF,ETF,Delayed Quote,False,LOW,1784318399,26.71,26.81,26.71,0.0,-0.318701,26.24 - 26.81,26.24,13761,1784322300.0,False,False,False,USD,1504791000000,26.71,26.84,PIMCO RAFI Dynamic Multi-Factor Emerging Markets Equity ETF,True,NYSEArca,2,0.0,0.0,21.98341,14.72661,14.72661,149915392.0,CLOSED,-1.17912,26.39,20512,11790,[],5.779999,400.0,us_market,0.27615857,20.93 - 30.6,-3.8900013,200.0,-0.12712422,25.16401,2.0094566,,27.0287,finmb_423062300,,28.44818,-1.7381802,-0.061099872,25.48312,1.2268791,,15,0,America/New_York,EDT,-14400000,PCX,30.6,20.93,2.27,,PIMCO RAFI Dynamic Multi-Factor,0.49,0.048144776,0.0,13.2921505,MFEM,,,,
Emerging Markets,emerging_markets,64,DGRE,WisdomTree Emerging Markets Quality Dividend Growth Fund,Yahoo Finance custom ETF screener,2026-07-18T07:04:17+00:00,en-US,US,ETF,ETF,Nasdaq Real Time Price,False,LOW,1784318400,37.6864,38.02,37.6864,-0.1635971,-0.49359894,37.01 - 38.02,37.01,28949,1784319005.0,False,False,False,USD,1375363800000,27.03,48.33,WisdomTree Emerging Markets Quality Dividend Growth Fund,True,NasdaqGM,2,-0.43222487,0.0,28.69535,25.80927,25.80927,148089744.0,CLOSED,-1.2928207,37.01,12566,17710,[],10.496401,1.0,us_market,0.38603902,27.19 - 43.24,-5.5536003,1.0,-0.12843664,35.668518,1.991029,,38.18,finmb_206612697,,39.69368,-2.0072784,-0.05056922,34.40455,3.2818527,,15,0,America/New_York,EDT,-14400000,NGM,43.24,27.19,1.29,,WisdomTree Emerging Markets Qua,0.32,0.09539008,0.0,18.928102,DGRE,1490918400.0,,,
Emerging Markets,emerging_markets,65,GSEE,Goldman Sachs MarketBeta Emerging Markets Equity ETF,Yahoo Finance custom ETF screener,2026-07-18T07:04:17+00:00,en-US,US,ETF,ETF,Delayed Quote,False,LOW,1784308502,65.285,65.285,65.285,0.0,-0.871399,64.69 - 65.285,64.69,1027,1784322300.0,False,False,False,USD,1589895000000,32.61,97.47,Goldman Sachs MarketBeta Emerging Markets Equity ETF,True,Cboe US,2,0.0,0.0,22.99787,23.01967,23.01967,142308416.0,CLOSED,-1.31718,64.69,3346,1440,[],15.145004,500.0,us_market,0.30205435,50.14 - 74.01,-8.724998,100.0,-0.11788945,27.043283,4.0178947,,66.1564,finmb_668001321,,69.0527,-3.7676926,-0.05456257,61.833134,3.45187,,15,0,America/New_York,EDT,-14400000,BTS,74.01,50.14,2.05,,Goldman Sachs MarketBeta Emergi,0.36,0.05582557,0.0,16.24856,GSEE,,,,
Emerging Markets,emerging_markets,66,EFFE,Harbor Osmosis Emerging Markets Resource Efficient ETF,Yahoo Finance custom ETF screener,2026-07-18T07:04:17+00:00,en-US,US,ETF,ETF,Delayed Quote,False,LOW,1783690955,25.6746,25.6746,,,-0.3529,25.6746 - 25.6746,25.6746,10,,False,False,False,USD,1735309800000,18.38,32.52,Harbor Osmosis Emerging Markets Resource Efficient ETF,True,NYSEArca,2,,0.0,17.34039,22.64489,22.64489,140330944.0,CLOSED,-1.35587,26.76,340,130,[],3.4026012,300.0,us_market,0.15277484,22.272 - 30.05,-4.3753986,300.0,-0.14560395,11.176062,1.9203377,,26.0275,finmb_1897709619,,27.44444,-1.7698402,-0.06448811,25.0189,0.6557007,,15,0,America/New_York,EDT,-14400000,PCX,30.05,22.272,4.0,,Harbor Osmosis Emerging Markets,0.69,0.026208214,0.0,13.369837,EFFE,,,,
Emerging Markets,emerging_markets,67,KEMX,KraneShares MSCI Emerging Markets ex China Index ETF,Yahoo Finance custom ETF screener,2026-07-18T07:04:17+00:00,en-US,US,ETF,ETF,Delayed Quote,False,LOW,1784317732,48.0732,48.38,48.0732,0.0,-0.365898,46.8801 - 48.38,46.8801,17993,1784322300.0,False,False,False,USD,1555075800000,36.05,60.07,KraneShares MSCI Emerging Markets ex China Index ETF,True,NYSEArca,2,0.0,0.0,37.75456,32.63674,32.63674,133673352.0,CLOSED,-0.755378,47.25,11659,10680,[],16.2032,500.0,us_market,0.5084154,31.87 - 54.905,-6.8317986,100.0,-0.12442944,48.044468,2.8876998,,48.4391,finmb_598593088,,50.48818,-2.414978,-0.047832545,42.47405,5.5991516,,15,0,America/New_York,EDT,-14400000,PCX,54.905,31.87,2.37,,KraneShares MSCI Emerging Marke,0.24,0.13182524,0.0,16.647575,KEMX,,,,
Emerging Markets,emerging_markets,68,FTHF,First Trust Emerging Markets Human Flourishing ETF,Yahoo Finance custom ETF screener,2026-07-18T07:04:17+00:00,en-US,US,ETF,ETF,Delayed Quote,False,LOW,1784318181,43.8483,44.285,43.8483,0.0,-0.4417,43.7601 - 44.285,43.7601,12975,1784322300.0,False,False,False,USD,1698931800000,41.87,45.62,First Trust Emerging Markets Human Flourishing ETF,True,NYSEArca,2,0.0,0.0,49.81767,33.57509,33.57509,132705768.0,CLOSED,-0.99729,43.08,12075,14730,[],17.618301,200.0,us_market,0.67168516,26.23 - 53.33,-9.481701,100.0,-0.177793,44.23684,3.108861,,44.29,finmb_1847544494,,47.82634,-3.9780388,-0.08317673,38.762646,5.085655,,15,0,America/New_York,EDT,-14400000,PCX,53.33,26.23,1.97,,First Trust Emerging Markets Hu,0.75,0.1311999,0.0,14.104298,FTHF,,,,
Emerging Markets,emerging_markets,69,OAEM,OneAscent Emerging Markets ETF,Yahoo Finance custom ETF screener,2026-07-18T07:04:17+00:00,en-US,US,ETF,ETF,Delayed Quote,False,LOW,1784316613,46.1304,46.14,46.1304,0.0,-0.155899,45.71 - 46.14,45.71,3658,1784322300.0,False,False,False,USD,1663248600000,23.0,68.98,OneAscent Emerging Markets ETF,True,NYSEArca,2,0.0,0.0,34.5186,26.39424,26.39424,130327320.0,CLOSED,-0.336815,45.71,31867,13900,[],14.010403,300.0,us_market,0.43618938,32.12 - 51.84,-5.7095985,200.0,-0.11013886,39.80483,3.4215329,,46.2863,finmb_1796780093,,48.3712,-2.240799,-0.046325065,41.322575,4.807827,,15,0,America/New_York,EDT,-14400000,PCX,51.84,32.12,0.58,,OneAscent Emerging Markets ETF,1.25,0.11634868,0.0,13.482379,OAEM,,,,
Emerging Markets,emerging_markets,70,AVEE,Avantis Emerging Markets Small Cap Equity ETF,Yahoo Finance custom ETF screener,2026-07-18T07:04:17+00:00,en-US,US,ETF,ETF,Delayed Quote,False,LOW,1784318399,65.6,65.85,65.6,0.0,-1.2,65.3 - 65.85,65.3,15370,1784326036.0,False,False,False,USD,1699540200000,32.83,65.68,Avantis Emerging Markets Small Cap Equity ETF,True,NYSEArca,2,0.0,0.0,11.77725,11.2859,11.2859,120919184.0,CLOSED,-1.79641,65.3,10359,11310,[],5.7199974,100.0,us_market,0.09552433,59.88 - 72.93,-7.330002,300.0,-0.10050736,6.8647623,5.207664,,66.8,finmb_1852995487,,69.80638,-4.2063828,-0.060257856,66.15308,-0.5530853,,15,0,America/New_York,EDT,-14400000,PCX,72.93,59.88,2.23,,Avantis Emerging Markets Small ,0.42,-0.008360689,0.0,12.596819,AVEE,,,,
Emerging Markets,emerging_markets,71,ROAM,Hartford Multifactor Emerging Markets ETF,Yahoo Finance custom ETF screener,2026-07-18T07:04:17+00:00,en-US,US,ETF,ETF,Delayed Quote,False,LOW,1784318400,34.06,34.24,34.06,0.0,-0.43,33.79 - 34.24,33.79,23218,1784322300.0,False,False,False,USD,1425047400000,17.1,51.28,Hartford Multifactor Emerging Markets ETF,True,NYSEArca,2,0.0,0.0,23.90059,19.73334,19.73334,110549816.0,CLOSED,-1.24674,33.99,33164,13170,[],8.030001,200.0,us_market,0.30849022,26.03 - 37.76,-3.699997,300.0,-0.09798721,28.78101,2.2191708,,34.49,finmb_274566864,,35.68238,-1.6223793,-0.04546724,31.867085,2.1929169,,15,0,America/New_York,EDT,-14400000,PCX,37.76,26.03,2.37,,Hartford Multifactor Emerging M,0.44,0.06881448,0.0,15.348076,ROAM,,,,
Emerging Markets,emerging_markets,72,REMG,Russell Investments Emerging Markets Equity ETF,Yahoo Finance custom ETF screener,2026-07-18T07:04:17+00:00,en-US,US,ETF,ETF,Nasdaq Real Time Price,False,LOW,1784318400,34.6167,34.9325,34.6167,0.0016975403,-0.4084015,34.435 - 34.9325,34.435,10714,1784318695.0,False,False,False,USD,1748611800000,34.35,35.01,Russell Investments Emerging Markets Equity ETF,True,NasdaqGM,2,0.0049040597,0.0,24.72389,23.67281,23.67281,106509280.0,CLOSED,-1.1660252,34.4993,10166,8300,[],8.926699,2.0,us_market,0.34747756,25.69 - 38.963,-4.346302,2.0,-0.11154947,32.2269,2.2333865,,35.0251,finmb_1913357557,,36.62232,-2.005619,-0.05476494,32.418564,2.1981354,,15,0,America/New_York,EDT,-14400000,NGM,38.963,25.69,1.1,,Russell Investments Emerging Ma,0.64,0.067804836,0.0,15.499645,REMG,,,,
Emerging Markets,emerging_markets,73,DBEM,Xtrackers MSCI Emerging Markets Hedged Equity ETF,Yahoo Finance custom ETF screener,2026-07-18T07:04:17+00:00,en-US,US,ETF,ETF,Delayed Quote,False,LOW,1784310029,37.9917,38.1376,37.9917,0.0,-0.212601,36.54 - 38.1376,36.54,4820,1784322300.0,False,False,False,USD,1307626200000,18.98,56.92,Xtrackers MSCI Emerging Markets Hedged Equity ETF,True,NYSEArca,2,0.0,0.0,26.43644,23.28992,23.28992,104582992.0,CLOSED,-0.556484,37.48,13104,35350,[],10.301699,100.0,us_market,0.37203678,27.69 - 42.63,-4.638302,300.0,-0.1088037,35.147633,2.3249726,,38.2043,finmb_134106029,,40.119,-2.1273003,-0.053024758,35.2782,2.713501,,15,0,America/New_York,EDT,-14400000,PCX,42.63,27.69,2.07,,Xtrackers MSCI Emerging Markets,0.66,0.07691722,0.0,16.340708,DBEM,,,,
Emerging Markets,emerging_markets,74,BKEM,BNY Mellon Emerging Markets Equity ETF,Yahoo Finance custom ETF screener,2026-07-18T07:04:17+00:00,en-US,US,ETF,ETF,Delayed Quote,False,LOW,1784227277,86.9699,86.9699,,,-1.6531,86.9699 - 86.9699,86.9699,368,,False,False,False,USD,1587735000000,43.72,131.14,BNY Mellon Emerging Markets Equity ETF,True,NYSEArca,2,,0.0,23.01703,23.03326,23.03326,88553336.0,CLOSED,-1.86532,90.55,2035,1920,[],20.5289,100.0,us_market,0.3089794,66.441 - 100.54,-13.570099,100.0,-0.13497214,28.492283,5.2812786,,88.623,finmb_639336259,,93.26186,-6.2919617,-0.06746554,82.54709,4.4228134,,15,0,America/New_York,EDT,-14400000,PCX,100.54,66.441,1.52,,BNY Mellon Emerging Markets Equ,0.11,0.05357928,0.0,16.467585,BKEM,,,,
Emerging Markets,emerging_markets,75,XC,WisdomTree True Emerging Markets Fund,Yahoo Finance custom ETF screener,2026-07-18T07:04:17+00:00,en-US,US,ETF,ETF,Delayed Quote,False,LOW,1784317649,31.7417,31.8061,31.7417,0.0,-0.0442009,31.55 - 31.8061,31.55,4696,1784322300.0,False,False,False,USD,1663853400000,31.74,31.83,WisdomTree True Emerging Markets Fund,True,NYSEArca,2,0.0,0.0,-1.98602,3.49045,3.49045,78618512.0,CLOSED,-0.139058,31.56,16111,6230,[],1.7016983,100.0,us_market,0.056647744,30.04 - 35.864,-4.122299,600.0,-0.11494254,-7.0457993,2.0324197,,31.7859,finmb_1771460361,,31.7193,0.022399902,0.0007061916,33.067333,-1.325634,,15,0,America/New_York,EDT,-14400000,PCX,35.864,30.04,1.88,,WisdomTree True Emerging Market,0.32,-0.04008893,0.0,15.617689,XC,,,,
Emerging Markets,emerging_markets,76,RFEM,First Trust RiverFront Dynamic Emerging Markets ETF,Yahoo Finance custom ETF screener,2026-07-18T07:04:17+00:00,en-US,US,ETF,ETF,Nasdaq Real Time Price,False,LOW,1784318400,90.7306,90.865,90.7306,0.2956009,-1.2294006,90.435 - 90.865,90.435,1771,1784319005.0,False,False,False,USD,1465997400000,65.1,115.96,First Trust RiverFront Dynamic Emerging Markets ETF,True,NasdaqGM,2,0.32686558,0.0,18.2269,14.72217,14.72217,78272504.0,CLOSED,-1.3368863,90.79,3108,4220,[],20.000595,1.0,us_market,0.28277385,70.73 - 97.638,-6.907402,1.0,-0.07074501,25.22912,6.1691093,,91.96,finmb_317654871,,93.72138,-2.9907837,-0.031911433,85.15978,5.570816,,15,0,America/New_York,EDT,-14400000,NGM,97.638,70.73,2.69,,First Trust RiverFront Dynamic ,0.99,0.065416045,0.0,14.707244,RFEM,1490918400.0,,,
Emerging Markets,emerging_markets,77,BKF,iShares MSCI BIC ETF,Yahoo Finance custom ETF screener,2026-07-18T07:04:17+00:00,en-US,US,ETF,ETF,Delayed Quote,False,LOW,1784315479,39.6081,39.6081,39.6081,0.0,-0.351898,39.45 - 39.6081,39.45,4601,1784322300.0,False,False,False,USD,1195569000000,39.5,42.14,iShares MSCI BIC ETF,True,NYSEArca,2,0.0,,-10.85389,-3.64249,-3.64249,73778264.0,CLOSED,-0.880626,39.46,14450,8790,[],1.2181015,200.0,us_market,0.031729657,38.39 - 46.23,-6.6218987,300.0,-0.14323813,-5.375057,2.8594904,4300000.0,39.96,finmb_39088173,,40.1758,-0.56769943,-0.014130383,42.9179,-3.3097992,,15,0,America/New_York,EDT,-14400000,PCX,46.23,38.39,1.63,,iShares MSCI BIC ETF,0.72,-0.07711932,,13.851455,BKF,,,,
Emerging Markets,emerging_markets,78,RWEM,Rayliant NxtGen Multifactor Emerging Markets Equity ETF,Yahoo Finance custom ETF screener,2026-07-18T07:04:17+00:00,en-US,US,EQUITY,Equity,Delayed Quote,False,LOW,1784318391,32.88,34.955,33.75,0.86999893,-2.6441,32.88 - 34.955,32.88,4510,1784322300.0,False,False,False,USD,1639665000000,33.92,34.16,Rayliant NxtGen Multifactor Emerging Markets Equity ETF,True,NYSEArca,2,2.645982,0.0,,,,,CLOSED,-7.44312,34.5,26027,8780,[],6.880001,100.0,us_market,0.26461542,26.0 - 42.02,-9.139999,700.0,-0.21751545,23.423422,2.7765217,,35.5241,finmb_1684796033,,35.77242,-2.892418,-0.08085609,31.77528,1.1047211,,15,0,America/New_York,EDT,-14400000,PCX,42.02,26.0,,,Rayliant Wilshire NxtGen Emergi,,0.03476668,0.0,11.842155,RWEM,,,,
Emerging Markets,emerging_markets,79,EMC,Global X Emerging Markets Great Consumer ETF,Yahoo Finance custom ETF screener,2026-07-18T07:04:17+00:00,en-US,US,ETF,ETF,Delayed Quote,False,LOW,1784315980,35.0392,35.0392,35.0392,0.0,-0.474899,34.95 - 35.0392,34.95,3265,1784322300.0,False,False,False,USD,1684157400000,17.51,52.53,Global X Emerging Markets Great Consumer ETF,True,NYSEArca,2,0.0,0.0,21.20007,24.05136,24.05136,66084956.0,CLOSED,-1.33721,34.48,5990,2800,[],7.1592007,700.0,us_market,0.25678626,27.88 - 39.3,-4.2607994,100.0,-0.10841729,19.046652,1.9371159,,35.5141,finmb_110170727,,37.05916,-2.0199585,-0.054506324,33.231167,1.808033,,15,0,America/New_York,EDT,-14400000,PCX,39.3,27.88,0.56,,Global X Emerging Markets Great,0.65,0.05440775,0.0,18.088335,EMC,,,,
Emerging Markets,emerging_markets,80,EMEM,Sophus Capital Emerging Market ETF,Yahoo Finance custom ETF screener,2026-07-18T07:04:17+00:00,en-US,US,ETF,ETF,Nasdaq Real Time Price,False,LOW,1784318400,24.447,24.91,24.447,-0.056699753,-0.3029995,24.3 - 24.91,24.3,13573,1784318416.0,False,False,False,USD,1779283800000,22.49,26.44,Sophus Capital Emerging Market ETF,True,NasdaqGM,2,-0.23139262,0.0,,,,61070920.0,CLOSED,-1.2242404,24.3,62462,11670,[],0.53700066,1.0,us_market,0.02245925,23.91 - 28.66,-4.2129993,2.0,-0.14699928,-3.5122335,1.5899696,,24.75,finmb_1979962734,,26.1365,-1.6894989,-0.064641364,26.1365,-1.6894989,,15,0,America/New_York,EDT,-14400000,NGM,28.66,23.91,,,Sophus Capital Emerging Market ,0.65,-0.064641364,0.0,15.375766,EMEM,,2026-05-20,,
Emerging Markets,emerging_markets,81,EMM,Global X Emerging Markets ex-China ETF,Yahoo Finance custom ETF screener,2026-07-18T07:04:17+00:00,en-US,US,ETF,ETF,Delayed Quote,False,LOW,1784316606,40.8886,41.33,40.8886,0.0,-0.3088,40.6901 - 41.33,40.6901,5570,1784322300.0,False,False,False,USD,1684157400000,40.84,40.95,Global X Emerging Markets ex-China ETF,True,NYSEArca,2,0.0,0.0,32.71084,29.83249,29.83249,60919792.0,CLOSED,-0.749561,40.765,10559,7890,[],11.888599,100.0,us_market,0.40995172,29.0 - 47.54,-6.6514015,100.0,-0.13991168,35.753654,2.1135917,,41.1974,finmb_1817498623,,43.86366,-2.9750595,-0.06782515,37.570194,3.3184052,,15,0,America/New_York,EDT,-14400000,PCX,47.54,29.0,0.73,,Global X Emerging Markets ex-Ch,0.66,0.08832547,0.0,19.345552,EMM,,,,
Emerging Markets,emerging_markets,82,DIEM,Franklin Emerging Market Core Dividend Tilt Index ETF,Yahoo Finance custom ETF screener,2026-07-18T07:04:17+00:00,en-US,US,ETF,ETF,Delayed Quote,False,LOW,1784318385,40.56,40.8199,40.56,0.0,-0.34,40.41 - 40.8199,40.41,24378,1784322300.0,False,False,False,USD,1464960600000,37.64,40.56,Franklin Emerging Market Core Dividend Tilt Index ETF,True,NYSEArca,2,0.0,0.0,29.3699,26.7309,26.7309,59795296.0,CLOSED,-0.831296,39.77,17356,28170,[],10.542002,100.0,us_market,0.35118935,30.018 - 46.58,-6.0200005,400.0,-0.12924002,32.79203,2.9909353,,40.9,finmb_322036465,,42.64556,-2.0855598,-0.0489045,37.0642,3.4958,,15,0,America/New_York,EDT,-14400000,PCX,46.58,30.018,2.88,,Franklin Emerging Market Core D,0.19,0.09431742,0.0,13.560976,DIEM,,,,
Emerging Markets,emerging_markets,83,EMCR,Xtrackers Emerging Markets Carbon Reduction and Climate Improvers ETF,Yahoo Finance custom ETF screener,2026-07-18T07:04:17+00:00,en-US,US,ETF,ETF,Delayed Quote,False,LOW,1784308576,41.6175,41.83,41.6175,0.0,-0.618099,41.5699 - 41.83,41.5699,1721,1784322300.0,False,False,False,USD,1544106600000,20.83,62.49,Xtrackers Emerging Markets Carbon Reduction and Climate Improvers ETF,True,NYSEArca,2,0.0,0.0,19.85967,21.93329,21.93329,57051804.0,CLOSED,-1.46346,41.23,3038,4110,[],9.217499,200.0,us_market,0.2844907,32.4 - 46.27,-4.6525,100.0,-0.10055111,25.848198,2.4027584,,42.2356,finmb_572582175,,43.89148,-2.2739792,-0.051809125,39.780113,1.8373871,,15,0,America/New_York,EDT,-14400000,PCX,46.27,32.4,1.46,,Xtrackers Emerging Markets Carb,0.15,0.04618858,0.0,17.320719,EMCR,,,,
Emerging Markets,emerging_markets,84,MEM,Matthews Emerging Markets Equity Active ETF,Yahoo Finance custom ETF screener,2026-07-18T07:04:17+00:00,en-US,US,ETF,ETF,Delayed Quote,False,LOW,1784309863,41.8836,42.185,42.71,0.82640076,-0.583,41.8836 - 42.185,41.8836,1033,1784328000.0,False,False,False,USD,1657805400000,41.81,41.97,Matthews Emerging Markets Equity Active ETF,True,NYSEArca,2,1.9730892,0.0,25.4869,24.86843,24.86843,55606608.0,CLOSED,-1.37284,42.185,2870,3030,[],9.683598,200.0,us_market,0.30073285,32.2 - 47.53,-5.6464005,200.0,-0.118796565,27.129246,2.624271,,42.4666,finmb_1783648714,,44.38192,-2.4983215,-0.056291424,39.60932,2.2742767,,15,0,America/New_York,EDT,-14400000,PCX,47.53,32.2,2.84,,Matthews Emerging Markets Equit,0.79,0.057417713,0.0,15.96009,MEM,,,,
Emerging Markets,emerging_markets,85,QEMM,State Street SPDR MSCI Emerging Markets StrategicFactors ETF,Yahoo Finance custom ETF screener,2026-07-18T07:04:17+00:00,en-US,US,ETF,ETF,Delayed Quote,False,LOW,1784318399,76.28,76.5,76.28,0.0,-0.959198,75.13 - 76.5,75.13,1942,1784322300.0,False,False,False,USD,1401975000000,71.27,80.95,State Street SPDR MSCI Emerging Markets StrategicFactors ETF,True,NYSEArca,2,0.0,,19.92866,18.85191,18.85191,55062884.0,CLOSED,-1.24185,75.13,3859,3020,[],13.829998,300.0,us_market,0.22145714,62.45 - 82.49,-6.209999,200.0,-0.07528184,20.031475,5.0421524,,77.2392,finmb_260847105,,79.5252,-3.245201,-0.040807206,72.0251,4.254898,,15,0,America/New_York,EDT,-14400000,PCX,82.49,62.45,4.48,,State Street SPDR MSCI Emerging,0.3,0.05907521,,15.12846,QEMM,,,,
Emerging Markets,emerging_markets,86,MEMX,Matthews Emerging Markets Ex China Active ETF,Yahoo Finance custom ETF screener,2026-07-18T07:04:17+00:00,en-US,US,ETF,ETF,Delayed Quote,False,LOW,1784318400,45.02,45.02,45.02,0.0,-0.4491,44.01 - 45.02,44.01,5166,1784322300.0,False,False,False,USD,1673447400000,40.93,49.63,Matthews Emerging Markets Ex China Active ETF,True,NYSEArca,2,0.0,0.0,31.84856,28.04175,28.04175,50300672.0,CLOSED,-0.987705,44.02,3059,4150,[],12.4869995,300.0,us_market,0.38382563,32.533 - 51.52,-6.5,4000.0,-0.1261646,36.217857,2.4785216,,45.4691,finmb_1805362016,,48.0297,-3.0097008,-0.062663324,41.56595,3.454052,,15,0,America/New_York,EDT,-14400000,PCX,51.52,32.533,1.53,,Matthews Emerging Markets ex Ch,0.79,0.08309811,0.0,18.164055,MEMX,,,,
Emerging Markets,emerging_markets,87,EMSF,Matthews Emerging Markets Sustainable Future Active ETF,Yahoo Finance custom ETF screener,2026-07-18T07:04:17+00:00,en-US,US,ETF,ETF,Delayed Quote,False,LOW,1784317768,37.6079,37.835,37.6079,0.0,-0.519703,37.31 - 37.835,37.31,4870,1784322300.0,False,False,False,USD,1695389400000,37.53,37.69,Matthews Emerging Markets Sustainable Future Active ETF,True,NYSEArca,2,0.0,0.0,47.2,40.22224,40.22224,48033608.0,CLOSED,-1.36306,37.26,5098,2510,[],11.327898,200.0,us_market,0.43104634,26.28 - 48.05,-10.442101,200.0,-0.21731739,34.98924,1.7386873,,38.1276,finmb_1847718951,,40.24088,-2.6329803,-0.065430485,33.67095,3.9369469,,15,0,America/New_York,EDT,-14400000,PCX,48.05,26.28,4.59,,Matthews Emerging Markets Susta,0.79,0.11692414,0.0,21.630053,EMSF,,,,
Emerging Markets,emerging_markets,88,EMSC,Sophus Capital Emerging Market Small Cap ETF,Yahoo Finance custom ETF screener,2026-07-18T07:04:17+00:00,en-US,US,ETF,ETF,Nasdaq Real Time Price,False,LOW,1784318400,24.6363,25.2,24.6363,0.011299133,-0.38370132,24.46 - 25.2,24.46,9103,1784318696.0,False,False,False,USD,1779370200000,22.71,26.93,Sophus Capital Emerging Market Small Cap ETF,True,NasdaqGM,2,0.045884807,,,,,44534620.0,CLOSED,-1.5335784,24.47,69471,12360,[],0.17630005,2.0,us_market,0.0072076884,24.46 - 27.39,-2.7537003,2.0,-0.100536704,-3.6370754,1.6163707,,25.02,finmb_1979962768,,25.968718,-1.3324184,-0.051308595,25.968718,-1.3324184,,15,0,America/New_York,EDT,-14400000,NGM,27.39,24.46,,,Sophus Capital Emerging Market ,0.85,-0.051308595,,15.241738,EMSC,,2026-05-21,,
Emerging Markets,emerging_markets,89,SDEM,Global X MSCI SuperDividend Emerging Markets ETF,Yahoo Finance custom ETF screener,2026-07-18T07:04:17+00:00,en-US,US,ETF,ETF,Delayed Quote,False,LOW,1784304055,32.6925,32.6925,32.6925,0.0,0.0305023,32.58 - 32.6925,32.58,3014,1784322300.0,False,False,False,USD,1426599000000,32.65,32.71,Global X MSCI SuperDividend Emerging Markets ETF,True,NYSEArca,2,0.0,,9.19673,1.58483,1.58483,43310672.0,CLOSED,0.0933878,32.58,3941,3040,[],5.612501,500.0,us_market,0.20725632,27.08 - 34.149,-1.4564972,600.0,-0.042651244,19.509434,3.5402665,,32.662,finmb_279013119,,32.40452,0.28798294,0.008887123,31.414656,1.2778454,,15,0,America/New_York,EDT,-14400000,PCX,34.149,27.08,4.87,,Global X MSCI SuperDividend Eme,0.66,0.040676728,,9.234474,SDEM,,,,
Emerging Markets,emerging_markets,90,BCEM,Baron Emerging Markets Select ETF,Yahoo Finance custom ETF screener,2026-07-18T07:04:17+00:00,en-US,US,ETF,ETF,Delayed Quote,False,LOW,1784303758,25.2641,25.2641,25.2641,0.0,-0.4053,24.91 - 25.2641,24.91,3336,1784322300.0,False,False,False,USD,1775741400000,12.69,38.07,Baron Emerging Markets Select ETF,True,NYSE,2,0.0,0.0,,,,42934608.0,CLOSED,-1.57892,24.91,6533,3060,[],0.46409988,200.0,us_market,0.018713705,24.8 - 28.8,-3.5359,300.0,-0.12277431,1.0400057,1.3193183,,25.6694,finmb_1986407605,,27.2798,-2.0157013,-0.07388988,26.973333,-1.7092342,,15,0,America/New_York,EDT,-14400000,NYQ,28.8,24.8,,,Baron Emerging Markets Select E,0.8,-0.06336756,0.0,19.149359,BCEM,,,,
Emerging Markets,emerging_markets,91,FFEM,Fidelity Fundamental Emerging M,Yahoo Finance custom ETF screener,2026-07-18T07:04:17+00:00,en-US,US,ETF,ETF,Delayed Quote,False,LOW,1784312029,40.1858,40.595,40.1858,0.0,-0.565903,39.35 - 40.595,39.35,16132,1784322300.0,False,False,False,USD,1732199400000,40.02,60.4,,True,Cboe US,2,0.0,0.0,29.28233,26.10729,26.10729,42863892.0,CLOSED,-1.38866,39.4,15441,13000,[],11.9758,100.0,us_market,0.4245232,28.21 - 45.62,-5.4342003,400.0,-0.11911882,40.28976,2.2864635,,40.7517,finmb_1886540813,,42.68,-2.4942017,-0.05843959,37.063503,3.1222954,,15,0,America/New_York,EDT,-14400000,BTS,45.62,28.21,1.22,,Fidelity Fundamental Emerging M,0.6,0.08424178,0.0,17.575525,FFEM,,,,
Emerging Markets,emerging_markets,92,NSI,National Security Emerging Markets Index ETF,Yahoo Finance custom ETF screener,2026-07-18T07:04:17+00:00,en-US,US,ETF,ETF,Nasdaq Real Time Price,False,LOW,1784318400,36.8837,37.0701,36.8837,-0.18639755,-0.4312973,36.8837 - 37.0701,36.8837,440,1784319005.0,False,False,False,USD,1701959400000,36.55,37.03,National Security Emerging Markets Index ETF,True,NasdaqGM,2,-0.50282454,0.0,15.37892,10.32221,10.32221,41920532.0,CLOSED,-1.1558284,36.9,1304,610,[],7.547701,5.0,us_market,0.25728458,29.336 - 39.846,-2.9622993,5.0,-0.0743437,22.619677,2.3354926,,37.315,finmb_1826119518,,38.20508,-1.3213768,-0.03458642,35.749046,1.134655,,15,0,America/New_York,EDT,-14400000,NGM,39.846,29.336,1.19,,National Security Emerging Mark,0.75,0.031739447,0.0,15.7926855,NSI,,2023-12-07,,
Emerging Markets,emerging_markets,93,KEMQ,KraneShares FTSE Emerging Markets Consumer Technology Index ETF,Yahoo Finance custom ETF screener,2026-07-18T07:04:17+00:00,en-US,US,ETF,ETF,Delayed Quote,False,LOW,1784318340,24.9597,25.02,24.9597,0.0,-0.673901,24.88 - 25.02,24.88,4111,1784322300.0,False,False,False,USD,1507815000000,24.98,25.02,KraneShares FTSE Emerging Markets Consumer Technology Index ETF,True,NYSEArca,2,0.0,0.0,3.59306,17.00866,17.00866,38488476.0,CLOSED,-2.62897,24.77,13346,5770,[],3.1696987,400.0,us_market,0.14546575,21.79 - 28.47,-3.5102997,100.0,-0.1232982,9.56018,1.2953054,,25.6336,finmb_533580724,,25.50186,-0.54216003,-0.021259628,25.356775,-0.39707565,,15,0,America/New_York,EDT,-14400000,PCX,28.47,21.79,5.06,,KraneShares Emerging Markets Co,0.5,-0.015659548,0.0,19.269356,KEMQ,,,,
Emerging Markets,emerging_markets,94,WCME,First Trust WCM Developing World Equity ETF,Yahoo Finance custom ETF screener,2026-07-18T07:04:17+00:00,en-US,US,ETF,ETF,Delayed Quote,False,LOW,1784318108,18.4929,18.5601,18.4929,0.0,-0.217499,18.375 - 18.5601,18.375,6691,1784322300.0,False,False,False,USD,1728653400000,18.48,18.49,First Trust WCM Developing World Equity ETF,True,NYSEArca,2,0.0,0.0,12.69102,15.37573,15.37573,36356752.0,CLOSED,-1.16245,18.375,9535,14570,[],3.0529013,100.0,us_market,0.19772677,15.44 - 20.29,-1.7971001,5100.0,-0.08857072,18.46893,1.0383275,,18.7104,finmb_1884587413,,19.32906,-0.83615875,-0.043259155,18.10319,0.38971138,,15,0,America/New_York,EDT,-14400000,PCX,20.29,15.44,0.34,,First Trust WCM Developing Worl,0.95,0.021527221,0.0,17.810278,WCME,,,,
Emerging Markets,emerging_markets,95,EMDM,First Trust Bloomberg Emerging Market Democracies ETF,Yahoo Finance custom ETF screener,2026-07-18T07:04:17+00:00,en-US,US,ETF,ETF,Delayed Quote,False,LOW,1784318392,39.61,39.88,39.61,0.0,-0.315998,38.89 - 39.88,38.89,9302,1784322300.0,False,False,False,USD,1677853800000,29.73,49.55,First Trust Bloomberg Emerging Market Democracies ETF,True,NYSEArca,2,0.0,0.0,37.19038,22.64765,22.64765,36141564.0,CLOSED,-0.791459,38.9,12196,18690,[],14.76,500.0,us_market,0.5939638,24.85 - 45.03,-5.419998,500.0,-0.12036417,57.394897,2.5197353,,39.926,finmb_1815112995,,42.05152,-2.4415207,-0.05806022,35.77794,3.8320618,,15,0,America/New_York,EDT,-14400000,PCX,45.03,24.85,2.78,,First Trust Bloomberg Emerging ,0.75,0.107106835,0.0,15.719905,EMDM,,,,
Emerging Markets,emerging_markets,96,PEMX,Putnam Emerging Markets Ex-China ETF,Yahoo Finance custom ETF screener,2026-07-18T07:04:17+00:00,en-US,US,ETF,ETF,Delayed Quote,False,LOW,1784298286,81.7982,81.7982,81.7982,0.0,-0.755394,81.61 - 81.7982,81.61,537,1784322300.0,False,False,False,USD,1685539800000,81.67,102.23,Putnam Emerging Markets Ex-China ETF,True,NYSEArca,2,0.0,0.0,40.41934,33.42843,33.42843,33791492.0,CLOSED,-0.915035,81.61,2933,1000,[],25.298203,400.0,us_market,0.44775578,56.5 - 95.2,-13.401794,100.0,-0.14077516,37.558853,4.3604345,,82.5536,finmb_1792287430,,86.89986,-5.101654,-0.05870728,74.17289,7.625313,,15,0,America/New_York,EDT,-14400000,PCX,95.2,56.5,1.07,,Putnam Emerging Markets ex-Chin,0.69,0.10280458,0.0,18.759186,PEMX,,,,
Emerging Markets,emerging_markets,97,LDEM,iShares ESG MSCI EM Leaders ETF,Yahoo Finance custom ETF screener,2026-07-18T07:04:17+00:00,en-US,US,ETF,ETF,Nasdaq Real Time Price,False,LOW,1784318400,58.6622,58.6999,58.6622,-0.037700653,-0.3177986,57.93 - 58.6999,57.93,1489,1784319005.0,False,False,False,USD,1581517800000,42.21,75.03,iShares ESG MSCI EM Leaders ETF,True,NasdaqGM,2,-0.06422609,0.0,4.24981,5.64122,5.64122,33182180.0,CLOSED,-0.5388244,57.93,1637,890,[],4.6082,1.0,us_market,0.085251786,54.054 - 64.73,-6.0678024,1.0,-0.09374019,6.634915,4.017942,,58.98,finmb_644171943,,60.97226,-2.3100586,-0.037887044,60.31571,-1.6535072,,15,0,America/New_York,EDT,-14400000,NGM,64.73,54.054,2.93,,iShares ESG MSCI EM Leaders ETF,0.16,-0.027414206,0.0,14.600061,LDEM,,,,
Emerging Markets,emerging_markets,98,FDNI,First Trust Dow Jones International Internet ETF,Yahoo Finance custom ETF screener,2026-07-18T07:04:17+00:00,en-US,US,ETF,ETF,Nasdaq Real Time Price,False,LOW,1784318400,26.8656,26.8656,26.8656,0.110601425,-0.6493988,26.5897 - 26.8656,26.5897,5021,1784319004.0,False,False,False,USD,1541773800000,19.24,34.29,First Trust Dow Jones International Internet ETF,True,NasdaqGM,2,0.41338602,,-25.70423,-6.84327,-6.84327,32913352.0,CLOSED,-2.360163,26.67,29619,18830,[],2.8756008,1.0,us_market,0.11986665,23.99 - 39.97,-13.104401,1.0,-0.32785589,-21.957594,1.520466,,27.515,finmb_578352746,,26.93,-0.06439972,-0.0023913747,31.3082,-4.4426003,,15,0,America/New_York,EDT,-14400000,NGM,39.97,23.99,1.49,,First Trust Dow Jones Internati,0.65,-0.14189893,,17.669321,FDNI,,,,
Emerging Markets,emerging_markets,99,JADE,JPMorgan Active Developing Markets Equity ETF,Yahoo Finance custom ETF screener,2026-07-18T07:04:17+00:00,en-US,US,ETF,ETF,Delayed Quote,False,LOW,1784316434,74.8398,75.2201,74.8398,0.0,-0.789803,74.46 - 75.2201,74.46,1505,1784322300.0,False,False,False,USD,1715952600000,37.48,112.42,JPMorgan Active Developing Markets Equity ETF,True,NYSEArca,2,0.0,0.0,27.16901,20.81098,20.81098,31820832.0,CLOSED,-1.0443,73.71,2550,2450,[],20.9198,400.0,us_market,0.3879785,53.92 - 82.75,-7.910202,100.0,-0.09559157,36.72403,4.5344696,,75.6296,finmb_1863417740,,78.10718,-3.2673798,-0.041832004,69.26281,5.576988,,15,0,America/New_York,EDT,-14400000,PCX,82.75,53.92,1.81,,JPMorgan Active Developing Mark,0.65,0.08051923,0.0,16.504642,JADE,,,,
Emerging Markets,emerging_markets,100,EDOG,ALPS Emerging Sector Dividend Dogs ETF,Yahoo Finance custom ETF screener,2026-07-18T07:04:17+00:00,en-US,US,ETF,ETF,Delayed Quote,False,LOW,1784318372,24.22,24.22,24.22,0.0,0.0147991,24.2 - 24.22,24.2,598,1784322300.0,False,False,False,USD,1396013400000,22.54,25.79,ALPS Emerging Sector Dividend Dogs ETF,True,NYSEArca,2,0.0,0.0,0.36097,-3.25175,-3.25175,28361272.0,CLOSED,0.0611402,24.205,2664,1310,[],2.2199993,300.0,us_market,0.10090906,22.0 - 27.16,-2.9400005,100.0,-0.108247444,8.318424,2.3138077,,24.2052,finmb_253835976,,24.3324,-0.112400055,-0.0046193576,24.6455,-0.42550087,,15,0,America/New_York,EDT,-14400000,PCX,27.16,22.0,5.1,,ALPS Emerging Sector Dividend D,0.6,-0.01726485,0.0,10.467594,EDOG,,,,
Emerging Markets,emerging_markets,101,BREE,MFS Blended Research Emerging Markets Equity ETF,Yahoo Finance custom ETF screener,2026-07-18T07:04:17+00:00,en-US,US,ETF,ETF,Delayed Quote,False,LOW,1784315905,25.6999,25.6999,,,-0.287401,25.2887 - 25.6999,25.2887,779,,False,False,False,USD,1772721000000,21.5,38.7,MFS Blended Research Emerging Markets Equity ETF,True,NYSE,2,,0.0,,25.08995,25.08995,26810008.0,CLOSED,-1.10593,25.6,2161,1020,[],3.999899,200.0,us_market,0.18432713,21.7 - 28.6,-2.9001007,300.0,-0.10140212,11.063099,1.7586691,,25.9873,finmb_1961120615,,26.8862,-1.1863003,-0.044123016,25.413118,0.2867813,,15,0,America/New_York,EDT,-14400000,NYQ,28.6,21.7,,,MFS Blended Research Emerging M,0.44,0.011284774,0.0,14.613266,BREE,,,,
Emerging Markets,emerging_markets,102,TEMR,T. Rowe Price Emerging Markets Equity Research ETF,Yahoo Finance custom ETF screener,2026-07-18T07:04:17+00:00,en-US,US,EQUITY,Equity,Nasdaq Real Time Price,False,LOW,1784297437,26.8591,26.93,26.8591,-0.07089996,-0.3701,26.8591 - 26.93,26.8591,11430,1784318689.0,False,False,False,USD,1773322200000,26.7,27.03,T. Rowe Price Emerging Markets Equity Research ETF,True,NYSEArca,2,-0.26327503,0.0,,,,,CLOSED,-1.3592,26.89,1309,1810,[],3.6791,300.0,us_market,0.15871872,23.18 - 30.28,-3.4209003,300.0,-0.11297557,10.90008,1.6025056,,27.2292,finmb_1956871829,,28.5266,-1.6674995,-0.0584542,27.184431,-0.32533073,,15,0,America/New_York,EDT,-14400000,PCX,30.28,23.18,,,T. Rowe Price Emerging Markets ,,-0.011967539,0.0,16.76069,TEMR,,,,
Emerging Markets,emerging_markets,103,EEMO,Invesco S&P Emerging Markets Momentum ETF,Yahoo Finance custom ETF screener,2026-07-18T07:04:17+00:00,en-US,US,ETF,ETF,Delayed Quote,False,LOW,1784317291,20.5033,20.75,20.5033,0.0,-0.2167,20.37 - 20.75,20.37,7753,1784324701.0,False,False,False,USD,1330093800000,20.45,20.58,Invesco S&P Emerging Markets Momentum ETF,True,NYSEArca,2,0.0,0.0,38.23245,46.11245,46.11245,24162396.0,CLOSED,-1.04585,19.92,20511,19440,[],4.2633,100.0,us_market,0.26251847,16.24 - 26.17,-5.6667004,400.0,-0.21653421,19.186043,1.3261424,,20.72,finmb_171188347,,23.0234,-2.5200996,-0.10945819,19.39095,1.1123505,,15,0,America/New_York,EDT,-14400000,PCX,26.17,16.24,1.64,,Invesco S&P Emerging Markets Mo,0.29,0.057364415,0.0,15.460858,EEMO,,,,
Emerging Markets,emerging_markets,104,MEMS,Matthews Emerging Markets Discovery Active ETF,Yahoo Finance custom ETF screener,2026-07-18T07:04:17+00:00,en-US,US,ETF,ETF,Nasdaq Real Time Price,False,LOW,1784318400,29.588,29.588,29.588,0.072999954,-0.62199974,29.515 - 29.588,29.515,204,1784319005.0,False,False,False,USD,1704983400000,21.26,37.83,Matthews Emerging Markets Discovery Active ETF,True,NasdaqGM,2,0.24733171,0.0,23.30181,23.69012,23.69012,22623022.0,CLOSED,-2.0589201,29.515,1333,460,[],4.9519997,1.0,us_market,0.20100665,24.636 - 32.565,-2.9769993,1.0,-0.09141715,12.096989,1.4821285,,30.21,finmb_1860891793,,31.1737,-1.585701,-0.050866626,28.123964,1.464035,,15,0,America/New_York,EDT,-14400000,NGM,32.565,24.636,2.28,,Matthews Emerging Markets Disco,0.89,0.052056495,0.0,19.96318,MEMS,,2024-01-11,,
Emerging Markets,emerging_markets,105,RISE,Pictet Emerging Markets Rising Economies ETF,Yahoo Finance custom ETF screener,2026-07-18T07:04:17+00:00,en-US,US,EQUITY,Equity,Delayed Quote,False,LOW,1784295001,17.9635,17.9635,,,-0.0241013,17.9635 - 17.9635,17.9635,300,,False,False,False,USD,1776951000000,17.42,17.98,Pictet Emerging Markets Rising Economies ETF,True,NYSEArca,2,,0.0,,,,,CLOSED,-0.133988,17.8,21593,810,[],0.43349838,300.0,us_market,0.024728943,17.53 - 19.66,-1.6965008,400.0,-0.086292006,-7.42268,1.5709081,5626334.0,17.9876,finmb_1956249047,,18.4452,-0.4817009,-0.026115244,18.552034,-0.5885353,,15,0,America/New_York,EDT,-14400000,PCX,19.66,17.53,,,Pictet Emerging Markets Rising ,,-0.03172349,0.0,11.435105,RISE,,,101068648.0,5626334.0
Emerging Markets,emerging_markets,106,FMQQ,FMQQ The Next Frontier Internet ETF,Yahoo Finance custom ETF screener,2026-07-18T07:04:17+00:00,en-US,US,ETF,ETF,Delayed Quote,False,LOW,1784314081,12.0935,12.125,12.0935,0.0,-0.0300999,12.0935 - 12.125,12.0935,15268,1784322300.0,False,False,False,USD,1632835800000,11.43,12.73,FMQQ The Next Frontier Internet ETF,True,NYSEArca,2,0.0,0.0,-14.53362,6.29496,6.29496,19791416.0,CLOSED,-0.248275,12.09,6141,13060,[],1.3135004,500.0,us_market,0.12184605,10.78 - 15.84,-3.7465,100.0,-0.23652147,-17.7055,0.5150396,,12.1236,finmb_1674351514,,11.63744,0.4560604,0.039189067,12.907845,-0.8143444,,15,0,America/New_York,EDT,-14400000,PCX,15.84,10.78,0.72,,FMQQ The Next Frontier Internet,0.86,-0.06308911,0.0,23.480719,FMQQ,,,,
Emerging Markets,emerging_markets,107,BCHI,GMO Beyond China ETF,Yahoo Finance custom ETF screener,2026-07-18T07:04:17+00:00,en-US,US,ETF,ETF,Delayed Quote,False,LOW,1784306860,36.5157,36.59,36.5157,0.0,-0.400497,36.5157 - 36.59,36.5157,1265,1784322300.0,False,False,False,USD,1739457000000,18.25,54.75,GMO Beyond China ETF,True,NYSEArca,2,0.0,0.0,30.11996,28.27779,28.27779,18761704.0,CLOSED,-1.08488,36.66,1174,1380,[],8.827702,100.0,us_market,0.31882772,27.688 - 41.943,-5.4272995,1700.0,-0.12939702,30.628895,2.103108,,36.9162,finmb_1891473195,,39.37986,-2.8641586,-0.07273156,33.859806,2.6558952,,15,0,America/New_York,EDT,-14400000,PCX,41.943,27.688,1.92,,GMO Beyond China ETF,0.65,0.07843799,0.0,17.362734,BCHI,,,,
Emerging Markets,emerging_markets,108,QLVE,FlexShares Emerging Markets Quality Low Volatility Index Fund,Yahoo Finance custom ETF screener,2026-07-18T07:04:17+00:00,en-US,US,ETF,ETF,Delayed Quote,False,LOW,1784039654,32.4926,32.4926,,,-0.0714989,32.4926 - 32.4926,32.4926,15,,False,False,False,USD,1563283800000,16.25,48.73,FlexShares Emerging Markets Quality Low Volatility Index Fund,True,NYSEArca,2,,0.0,13.95849,16.55625,16.55625,16723843.0,CLOSED,-0.219563,33.07,685,420,[],5.0326004,100.0,us_market,0.18327023,27.46 - 35.161,-2.6683998,200.0,-0.0758909,16.525019,1.9824392,,32.5641,finmb_613557368,,33.57034,-1.0777397,-0.032103926,31.118746,1.3738537,,15,0,America/New_York,EDT,-14400000,PCX,35.161,27.46,2.64,,FlexShares Emerging Markets  Qu,0.18,0.044148747,0.0,16.390213,QLVE,,,,
Emerging Markets,emerging_markets,109,RNEM,First Trust Emerging Markets Equity Select ETF,Yahoo Finance custom ETF screener,2026-07-18T07:04:17+00:00,en-US,US,ETF,ETF,Nasdaq Real Time Price,False,LOW,1784318400,55.7864,55.82,55.65,-0.16989899,0.06639862,55.7864 - 55.82,55.7864,454,1784318664.0,False,False,False,USD,1499693400000,40.06,71.52,First Trust Emerging Markets Equity Select ETF,True,NasdaqGM,2,-0.30436993,0.0,-0.72952,1.93165,1.93165,16437563.0,CLOSED,0.11916479,55.82,1003,490,[],8.886398,1.0,us_market,0.18947543,46.9 - 59.008,-3.2215996,2.0,-0.05459598,1.497376,4.21883,,55.72,finmb_430162091,,55.25248,0.5339203,0.009663282,55.63728,0.14912033,,15,0,America/New_York,EDT,-14400000,NGM,59.008,46.9,2.38,,Emerging Markets Equity Select ,0.76,0.0026802232,0.0,13.223192,RNEM,,,,
Emerging Markets,emerging_markets,110,EVLU,iShares MSCI Emerging Markets Value Factor ETF,Yahoo Finance custom ETF screener,2026-07-18T07:04:17+00:00,en-US,US,ETF,ETF,Delayed Quote,False,LOW,1784316674,39.6076,39.699,39.22,-0.38759995,-0.3913,39.395 - 39.699,39.395,2297,1784324876.0,False,False,False,USD,1725629400000,39.52,39.65,iShares MSCI Emerging Markets Value Factor ETF,True,Cboe US,2,-0.9785999,0.0,28.23486,24.03518,24.03518,14597730.0,CLOSED,-0.978277,39.28,2879,2900,[],12.167601,400.0,us_market,0.4434257,27.44 - 43.97,-4.3624,400.0,-0.0992131,41.285587,3.5054595,,39.9989,finmb_1847997080,,40.88154,-1.2739372,-0.031161675,35.49419,4.113411,,15,0,America/New_York,EDT,-14400000,BTS,43.97,27.44,3.81,,iShares MSCI Emerging Markets V,0.35,0.1158897,0.0,11.298833,EVLU,,,,
Emerging Markets,emerging_markets,111,TEMX,Touchstone Sands Capital Emerging Markets ex-China Growth ETF,Yahoo Finance custom ETF screener,2026-07-18T07:04:17+00:00,en-US,US,ETF,ETF,Nasdaq Real Time Price,False,LOW,1784318226,35.3799,35.3799,35.3799,0.0,-0.236198,35.3799 - 35.3799,35.3799,106,1784318690.0,False,False,False,USD,1741098600000,35.21,35.38,Touchstone Sands Capital Emerging Markets ex-China Growth ETF,True,Cboe US,2,0.0,0.0,29.48504,34.1601,34.1601,13434384.0,CLOSED,-0.663179,35.3799,512,540,[],8.613901,500.0,us_market,0.3218225,26.766 - 40.16,-4.780098,300.0,-0.11902634,26.901007,1.4787841,,35.6161,finmb_1899348412,,36.90788,-1.527977,-0.04139975,32.267536,3.1123657,,15,0,America/New_York,EDT,-14400000,BTS,40.16,26.766,0.84,,Touchstone Sands Capital Emergi,0.8,0.096455015,0.0,23.924995,TEMX,,,,
Emerging Markets,emerging_markets,112,EMIF,iShares Emerging Markets Infrastructure ETF,Yahoo Finance custom ETF screener,2026-07-18T07:04:17+00:00,en-US,US,ETF,ETF,Nasdaq Real Time Price,False,LOW,1784318400,25.6738,25.78,25.6738,0.018798828,-0.026201248,25.64 - 25.78,25.64,2198,1784319004.0,False,False,False,USD,1245418200000,18.51,32.98,iShares Emerging Markets Infrastructure ETF,True,NasdaqGM,2,0.07327549,,0.67217,-4.82934,-4.82934,13139340.0,CLOSED,-0.10195038,25.78,2895,1290,[],2.063799,2.0,us_market,0.08741207,23.61 - 30.79,-5.1162014,2.0,-0.16616438,8.587146,2.4441812,,25.7,finmb_60409908,,26.9418,-1.2679996,-0.0470644,27.53625,-1.8624496,,15,0,America/New_York,EDT,-14400000,NGM,30.79,23.61,4.22,,iShares Emerging Markets Infras,0.6,-0.06763629,,10.504049,EMIF,1482969600.0,,,
Emerging Markets,emerging_markets,113,MEMA,Man Active Emerging Markets Alternative ETF,Yahoo Finance custom ETF screener,2026-07-18T07:04:17+00:00,en-US,US,ETF,ETF,Nasdaq Real Time Price,False,LOW,1784318400,29.3395,29.48,29.3395,0.029500961,-0.39049911,28.73 - 29.48,28.73,30431,1784318419.0,False,False,False,USD,1767018600000,21.06,37.63,Man Active Emerging Markets Alternative ETF,True,NasdaqGM,2,0.100651525,0.0,19.53091,18.44663,18.44663,12317621.0,CLOSED,-1.3134851,28.84,6185,12340,[],3.699501,1.0,us_market,0.14428632,25.64 - 33.053,-3.713501,1.0,-0.11234989,13.9284725,1.907462,,29.73,finmb_1968194245,,31.26896,-1.9294605,-0.0617053,29.313745,0.025754929,,15,0,America/New_York,EDT,-14400000,NGM,33.053,25.64,,,Man Active Emerging Markets Alt,0.85,0.00087859563,0.0,15.3814335,MEMA,,2025-12-17,,
Emerging Markets,emerging_markets,114,EQLT,iShares MSCI Emerging Markets Quality Factor ETF,Yahoo Finance custom ETF screener,2026-07-18T07:04:17+00:00,en-US,US,ETF,ETF,Delayed Quote,False,LOW,1784313736,36.8757,36.8757,36.8757,0.0,-0.253498,36.41 - 36.8757,36.41,2808,1784322300.0,False,False,False,USD,1393338600000,36.62,55.27,iShares MSCI Emerging Markets Quality Factor ETF,True,Cboe US,2,0.0,0.0,26.93342,23.35402,23.35402,12248933.0,CLOSED,-0.682746,36.41,3140,1000,[],10.615702,200.0,us_market,0.4042537,26.26 - 40.89,-4.0142975,200.0,-0.09817309,36.800705,2.2104573,,37.1292,finmb_1847997079,,38.77122,-1.8955193,-0.048889853,33.752205,3.123497,,15,0,America/New_York,EDT,-14400000,BTS,40.89,26.26,1.58,,iShares MSCI Emerging Markets Q,0.35,0.092542015,0.0,16.682386,EQLT,,,,
Emerging Markets,emerging_markets,115,EMES,Harbor Emerging Markets Select ETF,Yahoo Finance custom ETF screener,2026-07-18T07:04:17+00:00,en-US,US,ETF,ETF,Nasdaq Real Time Price,False,LOW,1784314625,26.6054,26.6054,26.6054,-0.3395996,-0.3396,26.6054 - 26.6054,26.6054,106,1784318696.0,False,False,False,USD,1747315800000,13.3,39.9,Harbor Emerging Markets Select ETF,True,NYSEArca,2,-1.2603437,0.0,26.71954,27.14666,27.14666,12084996.0,CLOSED,-1.26034,26.43,540,220,[],6.6133995,500.0,us_market,0.3308023,19.992 - 29.76,-3.1546001,100.0,-0.10600135,28.962671,1.172387,,26.945,finmb_1918091528,,28.02796,-1.4225597,-0.050755024,24.72106,1.8843403,,15,0,America/New_York,EDT,-14400000,PCX,29.76,19.992,0.42,,Harbor Emerging Markets Select ,0.65,0.07622409,0.0,22.69336,EMES,,,,
Emerging Markets,emerging_markets,116,BGEG,Baillie Gifford Emerging Markets ETF,Yahoo Finance custom ETF screener,2026-07-18T07:04:17+00:00,en-US,US,ETF,ETF,Nasdaq Real Time Price,False,LOW,1784318400,22.2967,22.2967,22.2967,0.016698837,-0.32320023,21.82 - 22.2967,21.82,2280,1784319005.0,False,False,False,USD,1780493400000,15.99,28.46,Baillie Gifford Emerging Markets ETF,True,NasdaqGM,2,0.0749499,,,,,11410465.0,CLOSED,-1.4288313,21.82,15651,2870,[],0.47669983,2.0,us_market,0.021846922,21.82 - 25.31,-3.0133,1.0,-0.11905571,-11.648178,,,22.6199,finmb_1973089522,,23.933226,-1.6365261,-0.068378836,23.933226,-1.6365261,,15,0,America/New_York,EDT,-14400000,NGM,25.31,21.82,,,Baillie Gifford Emerging Market,0.79,-0.068378836,,,BGEG,,2026-06-03,,
Emerging Markets,emerging_markets,117,XCNY,State Street SPDR S&P Emerging Markets ex-China ETF,Yahoo Finance custom ETF screener,2026-07-18T07:04:17+00:00,en-US,US,ETF,ETF,Nasdaq Real Time Price,False,LOW,1784318400,32.0995,32.0995,32.0995,-0.7305031,-0.7305031,32.0995 - 32.0995,32.0995,107,1784319005.0,False,False,False,USD,1725543000000,31.95,32.23,State Street SPDR S&P Emerging Markets ex-China ETF,True,NasdaqGM,2,-2.2251081,0.0,18.95612,19.87132,19.87132,9918736.0,CLOSED,-2.2251081,32.0995,490,540,[],6.3494987,1.0,us_market,0.24658248,25.75 - 34.51,-2.4104996,1.0,-0.06984931,22.425629,1.7837198,,32.83,finmb_1880443609,,32.99008,-0.89058304,-0.026995478,30.05605,2.0434494,,15,0,America/New_York,EDT,-14400000,NGM,34.51,25.75,2.26,,State Street SPDR S&P Emerging ,0.19,0.067987956,0.0,17.99582,XCNY,,2024-09-05,,
Emerging Markets,emerging_markets,118,EPEM,Harbor Emerging Markets Equity ETF,Yahoo Finance custom ETF screener,2026-07-18T07:04:17+00:00,en-US,US,ETF,ETF,Delayed Quote,False,LOW,1784128294,28.3136,28.3136,,,-0.314499,28.3136 - 28.3136,28.3136,6,,False,False,False,USD,1749130200000,14.16,42.48,Harbor Emerging Markets Equity ETF,True,NYSEArca,2,,0.0,24.46445,19.15149,19.15149,7999838.0,CLOSED,-1.09857,29.24,253,860,[],7.343601,500.0,us_market,0.3501956,20.97 - 30.812,-2.4983997,500.0,-0.08108528,32.123196,1.8818529,,28.6281,finmb_1918091527,,29.23198,-0.91837883,-0.031416923,26.015196,2.2984047,,15,0,America/New_York,EDT,-14400000,PCX,30.812,20.97,2.95,,Harbor Emerging Markets Equity ,0.84,0.088348545,0.0,15.045597,EPEM,,,,
Emerging Markets,emerging_markets,119,EMDV,ProShares MSCI Emerging Markets Dividend Growers ETF,Yahoo Finance custom ETF screener,2026-07-18T07:04:17+00:00,en-US,US,ETF,ETF,Delayed Quote,False,LOW,1784297749,45.8193,45.8193,45.8193,0.0,0.00860214,45.8193 - 45.8193,45.8193,495,1784322300.0,False,False,False,USD,1453905000000,45.68,45.89,ProShares MSCI Emerging Markets Dividend Growers ETF,True,Cboe US,2,0.0,0.0,-3.33781,0.25487,0.25487,6974055.0,CLOSED,0.0187776,45.7,279,260,[],1.5103035,100.0,us_market,0.034085706,44.309 - 48.73,-2.910698,200.0,-0.05973113,-0.8740246,3.3047798,,45.8107,finmb_267046254,,46.41736,-0.5980568,-0.012884335,46.618244,-0.79894257,,15,0,America/New_York,EDT,-14400000,BTS,48.73,44.309,1.99,,ProShares MSCI Emerging Markets,0.6,-0.01713798,0.0,13.864555,EMDV,,,,
Emerging Markets,emerging_markets,120,VEM,Virtus Emerging Markets Dividend ETF,Yahoo Finance custom ETF screener,2026-07-18T07:04:17+00:00,en-US,US,EQUITY,Equity,Delayed Quote,False,LOW,1784145600,25.793,25.793,,,-0.292301,25.793 - 25.793,25.793,7,,False,False,False,USD,1770215400000,25.76,25.86,Virtus Emerging Markets Dividend ETF,True,NYSEArca,2,,0.0,,,,,CLOSED,-1.12056,26.73,316,140,[],2.7329998,1000.0,us_market,0.11851691,23.06 - 29.14,-3.3470001,1000.0,-0.114859305,3.4496546,2.166233,,26.0853,finmb_1968321024,,27.3974,-1.6044006,-0.058560323,26.204601,-0.41160202,,15,0,America/New_York,EDT,-14400000,PCX,29.14,23.06,,,Virtus Emerging Markets Dividen,,-0.015707241,0.0,11.906844,VEM,,,,
Emerging Markets,emerging_markets,121,AMEM,Amana Developing World ETF,Yahoo Finance custom ETF screener,2026-07-18T07:04:17+00:00,en-US,US,ETF,ETF,Nasdaq Real Time Price,False,LOW,1784318400,23.6588,23.6588,23.6588,-0.041200638,-0.041200638,23.6588 - 23.6588,23.6588,1,1784319004.0,False,False,False,USD,1782307800000,,,Amana Developing World ETF,True,NasdaqGM,2,-0.17384234,,,,,499088.0,CLOSED,-0.17384234,23.74,8364,5030,[],0.7187996,,us_market,0.031333897,22.94 - 25.23,-1.5711994,,-0.06227505,-4.44265,1.0609193,,23.7,finmb_1992148714,,24.428236,-0.7694359,-0.031497806,24.428236,-0.7694359,,15,0,America/New_York,EDT,-14400000,NGM,25.23,22.94,,,Amana Developing World ETF,0.91,-0.031497806,,22.300283,AMEM,,2026-06-24,,
