sector,yahoo_sector_key,rank,ticker,etf_name,source_url,retrieved_at_utc,screen_language,screen_region,screen_quote_type,screen_type_disp,screen_quote_source_name,screen_triggerable,screen_custom_price_alert_confidence,screen_yield_ttm,screen_pe_ttm,screen_annual_return_nav_y3,screen_annual_return_nav_y5,screen_currency,screen_has_pre_post_market_data,screen_first_trade_date_milliseconds,screen_price_hint,screen_post_market_change_percent,screen_post_market_time,screen_post_market_price,screen_post_market_change,screen_regular_market_change,screen_regular_market_time,screen_regular_market_price,screen_regular_market_day_high,screen_regular_market_day_range,screen_regular_market_day_low,screen_regular_market_volume,screen_regular_market_previous_close,screen_bid_size,screen_ask_size,screen_market,screen_message_board_id,screen_full_exchange_name,screen_long_name,screen_regular_market_open,screen_average_daily_volume3_month,screen_average_daily_volume10_day,screen_corporate_actions,screen_fifty_two_week_low_change,screen_fifty_two_week_low_change_percent,screen_fifty_two_week_range,screen_fifty_two_week_high_change,screen_fifty_two_week_high_change_percent,screen_fifty_two_week_change_percent,screen_trailing_annual_dividend_rate,screen_trailing_pe,screen_trailing_annual_dividend_yield,screen_ytd_return,screen_trailing_three_month_returns,screen_trailing_three_month_nav_returns,screen_net_assets,screen_market_state,screen_eps_trailing_twelve_months,screen_shares_outstanding,screen_book_value,screen_fifty_day_average,screen_fifty_day_average_change,screen_fifty_day_average_change_percent,screen_two_hundred_day_average,screen_two_hundred_day_average_change,screen_two_hundred_day_average_change_percent,screen_price_to_book,screen_source_interval,screen_exchange_data_delayed_by,screen_exchange_timezone_name,screen_exchange_timezone_short_name,screen_gmt_off_set_milliseconds,screen_esg_populated,screen_tradeable,screen_crypto_tradeable,screen_net_expense_ratio,screen_exchange,screen_fifty_two_week_high,screen_fifty_two_week_low,screen_dividend_yield,screen_financial_currency,screen_short_name,screen_ask,screen_bid,screen_regular_market_change_percent,screen_symbol,screen_dividend_date,screen_ipo_expected_date,screen_eps_forward,screen_forward_pe,screen_prev_name,screen_name_change_date
Healthcare,healthcare,1,XLV,State Street Health Care Select Sector SPDR ETF,https://finance.yahoo.com/research-hub/screener/sec-ind_sec-top-etfs_healthcare/,2026-07-18T07:04:17+00:00,en-US,US,ETF,ETF,Nasdaq Real Time Price,False,LOW,1.6,28.563268,1.98855,25.93233,USD,True,914337000000,2,0.1924375,1784332744.0,161.4,0.30999756,-0.710007,1784318400,161.09,164.0,160.8809 - 164.0,160.8809,8964833,161.8,400,500,us_market,finmb_8795490,NYSEArca,State Street Health Care Select Sector SPDR ETF,161.81,10496204,10689440,[],33.129997,0.25890902,127.96 - 165.61,-4.5200043,-0.027293064,22.185982,1.81,28.987007,0.01118665,3.42554,8.74597,8.74597,40598946000.0,CLOSED,5.5573173,197415008.0,127.256,152.8884,8.201599,0.05364435,151.4654,9.624603,0.06354325,1.2658736,15,0,America/New_York,EDT,-14400000,False,False,False,0.08,PCX,165.61,127.96,1.6,USD,State Street Health Care Select,161.4,160.93,-0.438818,XLV,,,,,,
Healthcare,healthcare,2,VHT,Vanguard Health Care Index Fund ETF Shares,https://finance.yahoo.com/research-hub/screener/sec-ind_sec-top-etfs_healthcare/,2026-07-18T07:04:17+00:00,en-US,US,ETF,ETF,Delayed Quote,False,LOW,1.58,28.368794,2.46781,20.49989,USD,True,1075473000000,2,0.13850401,1784332602.0,303.67,0.42001343,-0.899994,1784318400,303.25,307.54,302.76 - 307.54,302.76,208216,304.15,160,40,us_market,finmb_22939088,NYSEArca,Vanguard Health Care Index Fund ETF Shares,303.19,252414,260710,[],66.020004,0.27829534,237.23 - 311.67,-8.420013,-0.027015796,24.624992,2.846,28.771067,0.009357225,4.70354,10.16283,10.16283,20388290600.0,CLOSED,10.540103,54301900.0,228.287,286.4782,16.77179,0.05854473,282.33014,20.91986,0.07409716,1.3283718,15,0,America/New_York,EDT,-14400000,False,False,False,0.09,PCX,311.67,237.23,1.58,USD,Vanguard Health Care ETF,305.36,303.24,-0.295905,VHT,,,,,,
Healthcare,healthcare,3,XBI,State Street SPDR S&P Biotech ETF,https://finance.yahoo.com/research-hub/screener/sec-ind_sec-top-etfs_healthcare/,2026-07-18T07:04:17+00:00,en-US,US,ETF,ETF,Delayed Quote,False,LOW,,,7.49687,-20.53083,USD,True,1139236200000,2,-0.08426658,1784332711.0,154.13,-0.12998962,2.25999,1784318400,154.26,155.455,149.16 - 155.455,149.16,11563830,152.0,100,400,us_market,finmb_26755274,NYSEArca,State Street SPDR S&P Biotech ETF,149.57,8945604,9417050,[],69.869995,0.82794166,84.39 - 165.71,-11.450012,-0.069096684,78.810715,,,,29.83506,24.02785,24.02785,10734887900.0,CLOSED,,,,141.918,12.341995,0.08696568,126.68025,27.579742,0.21771146,,15,0,America/New_York,EDT,-14400000,False,False,False,0.35,PCX,165.71,84.39,0.36,,State Street SPDR S&P Biotech E,154.81,154.1,1.48684,XBI,,,,,,
Healthcare,healthcare,4,IBB,iShares Biotechnology ETF,https://finance.yahoo.com/research-hub/screener/sec-ind_sec-top-etfs_healthcare/,2026-07-18T07:04:17+00:00,en-US,US,ETF,ETF,Nasdaq Real Time Price,False,LOW,0.22,23.975066,3.61853,0.99064,USD,True,981988200000,2,-1.3016449,1784332766.0,187.29,-2.4700012,0.25,1784318401,189.76,191.38,187.5 - 191.38,187.5,2053034,189.51,1,17,us_market,finmb_8797590,NasdaqGM,iShares Biotechnology ETF,187.65,1560758,1825350,[],60.92,0.47283453,128.84 - 199.05,-9.290009,-0.046671733,46.27303,0.35,23.930212,0.0018468683,12.72942,12.59644,12.59644,9087529000.0,CLOSED,7.9297247,69700000.0,161.64,177.1976,12.562393,0.07089483,169.6959,20.064087,0.118235536,1.1739668,15,0,America/New_York,EDT,-14400000,False,False,False,0.44,NGM,199.05,128.84,0.22,USD,iShares Biotechnology ETF,195.19,183.43,0.131919,IBB,1482969600.0,,,,,
Healthcare,healthcare,5,ICVT,iShares Convertible Bond ETF,https://finance.yahoo.com/research-hub/screener/sec-ind_sec-top-etfs_healthcare/,2026-07-18T07:04:17+00:00,en-US,US,ETF,ETF,Delayed Quote,False,LOW,1.88,12.345679012345679,15.28661,-0.29309,USD,True,1433424600000,2,0.0,1784322323.0,113.74,0.0,0.0899963,1784318400,113.74,114.355,112.01 - 114.355,112.01,426708,113.65,100,600,us_market,finmb_285620683,Cboe US,iShares Convertible Bond ETF,112.39,832764,597250,[],22.967995,0.2530295,90.772 - 126.56,-12.82,-0.10129583,22.763084,0.0,,0.0,24.34394,19.71925,19.71925,7533008900.0,CLOSED,,,,118.9405,-5.2005005,-0.043723546,107.16118,6.5788193,0.061391816,,15,0,America/New_York,EDT,-14400000,False,False,False,0.2,BTS,126.56,90.772,1.31,,iShares Convertible Bond ETF,113.77,111.1,0.0791873,ICVT,,,,,,
Healthcare,healthcare,6,NEAR,iShares Short Duration Bond Active ETF,https://finance.yahoo.com/research-hub/screener/sec-ind_sec-top-etfs_healthcare/,2026-07-18T07:04:17+00:00,en-US,US,ETF,ETF,Nasdaq Real Time Price,False,LOW,,,7.32752,0.33746,USD,True,1380807000000,2,-0.09891046,1784332772.0,50.5,-0.049999237,0.0198975,1784318390,50.55,50.58,50.5221 - 50.58,50.5221,423582,50.5301,1800,4400,us_market,finmb_217067183,Cboe US,iShares Short Duration Bond Active ETF,50.56,626788,521030,[],0.11999893,0.0023795147,50.43 - 51.37,-0.8199997,-0.01596262,-0.7850826,0.0,,0.0,0.8795,0.72069,0.72069,4774438400.0,CLOSED,,,,50.6058,-0.05580139,-0.0011026679,50.9616,-0.41160202,-0.008076709,,15,0,America/New_York,EDT,-14400000,False,False,False,0.25,BTS,51.37,50.43,4.43,,iShares Short Duration Bond Act,50.58,50.54,0.0393774,NEAR,,,,,,
Healthcare,healthcare,7,IXJ,iShares Global Healthcare ETF,https://finance.yahoo.com/research-hub/screener/sec-ind_sec-top-etfs_healthcare/,2026-07-18T07:04:17+00:00,en-US,US,ETF,ETF,Nasdaq Real Time Price,False,LOW,1.47,25.906736,3.49318,19.4907,USD,True,1006785000000,2,1.4212314,1784331561.0,100.62,1.4100037,-0.459999,1784318400,99.21,100.77,99.14 - 100.77,99.14,88728,99.67,500,300,us_market,finmb_8798083,NYSEArca,iShares Global Healthcare ETF,99.55,234082,173740,[],17.049995,0.20752184,82.16 - 102.2,-2.9899979,-0.02925634,17.81261,0.973,26.137842,0.009762215,1.97082,5.94405,5.94405,3844812540.0,CLOSED,3.7956462,35850000.0,76.962,95.6062,3.603798,0.037694186,95.7333,3.4766998,0.036316514,1.2890778,15,0,America/New_York,EDT,-14400000,False,False,False,0.4,PCX,102.2,82.16,1.47,USD,iShares Global Healthcare ETF,105.13,93.79,-0.461522,IXJ,,,,,,
Healthcare,healthcare,8,FLXR,TCW Flexible Income ETF,https://finance.yahoo.com/research-hub/screener/sec-ind_sec-top-etfs_healthcare/,2026-07-18T07:04:17+00:00,en-US,US,ETF,ETF,Delayed Quote,False,LOW,5.4,33.333333333333336,,,USD,True,1719235800000,2,0.0,1784322300.0,39.05,0.0,0.0,1784318463,39.05,39.1,39.035 - 39.1,39.035,225949,39.05,1000,500,us_market,finmb_562151110,NYSE,TCW Flexible Income ETF,39.07,450690,433710,[],0.15499878,0.0039850567,38.895 - 39.97,-0.920002,-0.023017311,-0.73716044,0.0,32.063915,0.0,1.53194,1.41162,1.41162,3345479170.0,CLOSED,1.21788,,,39.1077,-0.05770111,-0.0014754412,39.45115,-0.40114975,-0.010168266,,15,0,America/New_York,EDT,-14400000,False,False,False,0.4,NYQ,39.97,38.895,5.81,,TCW Flexible Income ETF,39.06,39.05,0.0,FLXR,,,,,,
Healthcare,healthcare,9,FHLC,Fidelity MSCI Health Care Index ETF,https://finance.yahoo.com/research-hub/screener/sec-ind_sec-top-etfs_healthcare/,2026-07-18T07:04:17+00:00,en-US,US,ETF,ETF,Delayed Quote,False,LOW,1.32,28.473804,2.47924,20.37309,USD,True,1382621400000,2,0.26789016,1784326677.0,78.6,0.20999908,-0.220001,1784318400,78.39,79.515,78.27 - 79.515,78.27,249179,78.61,900,1100,us_market,finmb_243638580,NYSEArca,Fidelity MSCI Health Care Index ETF,78.48,219766,292820,[],17.279999,0.28276876,61.11 - 80.53,-2.1399994,-0.026573941,25.123703,0.0,28.875261,0.0,4.78639,10.21106,10.21106,3215685120.0,CLOSED,2.7147806,,,74.0226,4.367401,0.059000917,72.8632,5.526802,0.07585176,,15,0,America/New_York,EDT,-14400000,False,False,False,0.084,PCX,80.53,61.11,1.32,,Fidelity MSCI Health Care Index,80.4,78.01,-0.279864,FHLC,,,,,,
Healthcare,healthcare,10,IYH,iShares U.S. Healthcare ETF,https://finance.yahoo.com/research-hub/screener/sec-ind_sec-top-etfs_healthcare/,2026-07-18T07:04:17+00:00,en-US,US,ETF,ETF,Nasdaq Real Time Price,False,LOW,1.19,28.579594,2.05169,23.40002,USD,True,961162200000,2,0.87020105,1784331576.0,68.39,0.58999634,-0.32,1784318400,67.8,68.86,67.715 - 68.86,67.715,350387,68.12,400,1700,us_market,finmb_8796398,NYSEArca,iShares U.S. Healthcare ETF,67.95,735079,429830,[],13.860004,0.25695226,53.94 - 69.93,-2.1299973,-0.03045899,22.49322,2.91,28.8993,0.04271873,3.60589,9.06568,9.06568,3161404930.0,CLOSED,2.3460777,11000000.0,263.081,64.3648,3.4352036,0.05337084,63.6705,4.1295013,0.06485737,0.2577153,15,0,America/New_York,EDT,-14400000,False,False,False,0.38,PCX,69.93,53.94,1.19,USD,iShares U.S. Healthcare ETF,67.8,67.79,-0.469759,IYH,,,,,,
Healthcare,healthcare,11,IHI,iShares U.S. Medical Devices ETF,https://finance.yahoo.com/research-hub/screener/sec-ind_sec-top-etfs_healthcare/,2026-07-18T07:04:17+00:00,en-US,US,ETF,ETF,Delayed Quote,False,LOW,0.49,28.376844,3.21261,21.02914,USD,True,1146835800000,2,0.15838811,1784330185.0,50.59,0.08000183,-1.69,1784318400,50.51,51.8,50.37 - 51.8,50.37,5115376,52.2,600,300,us_market,finmb_27446899,NYSEArca,iShares U.S. Medical Devices ETF,51.54,2882903,3582690,[],3.1399994,0.06628667,47.37 - 64.71,-14.200001,-0.2194406,-15.900766,0.0,29.007734,0.0,-20.31528,-7.23922,-7.23922,3023981060.0,CLOSED,1.7412597,,,49.8918,0.6181984,0.012390781,56.7696,-6.2596016,-0.110263266,,15,0,America/New_York,EDT,-14400000,False,False,False,0.38,PCX,64.71,47.37,0.49,,iShares U.S. Medical Devices ET,50.65,50.15,-3.23755,IHI,,,,,,
Healthcare,healthcare,12,FBT,First Trust NYSE Arca Biotechnology Index Fund,https://finance.yahoo.com/research-hub/screener/sec-ind_sec-top-etfs_healthcare/,2026-07-18T07:04:17+00:00,en-US,US,ETF,ETF,Delayed Quote,False,LOW,0.0,30.021015,2.25875,-3.63539,USD,True,1151069400000,2,0.0,1784322300.0,248.48,0.0,-0.800003,1784318400,248.48,249.9,247.18 - 249.9,247.18,18527,249.28,500,100,us_market,finmb_27775897,NYSEArca,First Trust NYSE Arca Biotechnology Index Fund,247.08,61369,38110,[],89.56,0.563554,158.92 - 258.2,-9.7200165,-0.0376453,53.5913,0.02,30.102182,8.023106e-05,20.35454,23.34993,23.34993,2812690940.0,CLOSED,8.254551,20850000.0,172.678,228.8852,19.594803,0.08560974,209.7684,38.711594,0.18454444,1.4389789,15,0,America/New_York,EDT,-14400000,False,False,False,0.55,PCX,258.2,158.92,0.0,USD,First Trust Amex Biotech Index ,248.13,247.88,-0.320926,FBT,,,,,,
Healthcare,healthcare,13,ARKG,ARK Genomic Revolution ETF,https://finance.yahoo.com/research-hub/screener/sec-ind_sec-top-etfs_healthcare/,2026-07-18T07:04:17+00:00,en-US,US,ETF,ETF,Nasdaq Real Time Price,False,LOW,,,16.20128,-33.8913,USD,True,1414762200000,2,0.37622657,1784332729.0,40.02,0.15000153,-0.220001,1784318400,39.87,40.11,38.99 - 40.11,38.99,3492191,40.09,400,400,us_market,finmb_268203657,Cboe US,ARK Genomic Revolution ETF,39.39,3260645,3263900,[],17.14,0.7540695,22.73 - 44.465,-4.595001,-0.10333973,59.99198,0.0,,0.0,45.43161,59.05741,59.05741,1729676030.0,CLOSED,,,,35.524,4.3460007,0.12233985,31.051025,8.818974,0.28401554,,15,0,America/New_York,EDT,-14400000,False,False,False,0.75,BTS,44.465,22.73,0.0,,ARK Genomic Revolution ETF,40.02,39.84,-0.548768,ARKG,,,,,,
Healthcare,healthcare,14,FLHY,Franklin High Yield Corporate ETF,https://finance.yahoo.com/research-hub/screener/sec-ind_sec-top-etfs_healthcare/,2026-07-18T07:04:17+00:00,en-US,US,ETF,ETF,Delayed Quote,False,LOW,,,13.96642,4.43494,USD,True,1528983000000,2,0.0,1784322300.0,24.22,0.0,0.0100002,1784318400,24.22,24.2262,24.2 - 24.2262,24.2,554227,24.21,20700,2400,us_market,finmb_556182242,Cboe US,Franklin High Yield Corporate ETF,24.21,292369,318940,[],0.39999962,0.016792595,23.82 - 24.63,-0.40999985,-0.016646361,0.16542673,0.0,,0.0,2.02285,2.36871,2.36871,1182046460.0,CLOSED,,,,24.2335,-0.013500214,-0.0005570889,24.33928,-0.11927986,-0.004900715,,15,0,America/New_York,EDT,-14400000,False,False,False,0.4,BTS,24.63,23.82,6.45,,Franklin High Yield Corporate E,24.23,24.22,0.0413062,FLHY,1530835200.0,,,,,
Healthcare,healthcare,15,IHF,iShares U.S. Healthcare Providers ETF,https://finance.yahoo.com/research-hub/screener/sec-ind_sec-top-etfs_healthcare/,2026-07-18T07:04:17+00:00,en-US,US,ETF,ETF,Delayed Quote,False,LOW,0.94,23.41372,-1.056,24.37107,USD,True,1146835800000,2,-0.24717407,1784331879.0,56.5,-0.13999939,0.23,1784318400,56.64,57.295,56.42 - 57.295,56.42,583918,56.41,100,400,us_market,finmb_27445728,NYSEArca,iShares U.S. Healthcare Providers ETF,56.43,518333,388010,[],16.07,0.3961055,40.57 - 58.3,-1.6599998,-0.02847341,32.988964,0.0,23.968067,0.0,15.84558,32.16556,32.16556,1178385150.0,CLOSED,2.3631442,,,53.049,3.5909996,0.06769212,48.65875,7.981251,0.164025,,15,0,America/New_York,EDT,-14400000,False,False,False,0.38,PCX,58.3,40.57,0.94,,iShares U.S. Health Care Provid,56.66,56.63,0.407728,IHF,,,,,,
Healthcare,healthcare,16,IHE,iShares U.S. Pharmaceuticals ETF,https://finance.yahoo.com/research-hub/screener/sec-ind_sec-top-etfs_healthcare/,2026-07-18T07:04:17+00:00,en-US,US,ETF,ETF,Nasdaq Real Time Price,False,LOW,1.48,27.063599,0.99222,12.82711,USD,True,1146835800000,2,0.07927252,1784328754.0,101.0,0.08000183,0.790001,1784318400,100.92,101.6599,99.92 - 101.6599,99.92,104382,100.13,100,100,us_market,finmb_27447321,NYSEArca,iShares U.S. Pharmaceuticals ETF,99.92,170433,374640,[],35.979996,0.5540498,64.94 - 103.7,-2.7799988,-0.026808089,50.335167,0.0,27.592659,0.0,17.5063,14.6044,14.6044,1138327170.0,CLOSED,3.6574945,,,94.0374,6.882599,0.07319002,86.57235,14.347649,0.16573015,,15,0,America/New_York,EDT,-14400000,False,False,False,0.38,PCX,103.7,64.94,1.48,,iShares U.S. Pharmaceutical ETF,100.94,100.89,0.788975,IHE,,,,,,
Healthcare,healthcare,17,FXH,First Trust Health Care AlphaDEX Fund,https://finance.yahoo.com/research-hub/screener/sec-ind_sec-top-etfs_healthcare/,2026-07-18T07:04:17+00:00,en-US,US,ETF,ETF,Delayed Quote,False,LOW,0.84,21.40411,-4.50196,15.17683,USD,True,1178803800000,2,0.0,1784322300.0,123.44,0.0,-0.759995,1784318400,123.44,124.88,123.08 - 124.88,123.08,41789,124.2,1300,100,us_market,finmb_34336579,NYSEArca,First Trust Health Care AlphaDEX Fund,123.65,37343,57140,[],25.920006,0.2657917,97.52 - 127.54,-4.0999985,-0.032146767,24.197601,,21.626612,,7.70346,11.39572,11.39572,959064000.0,CLOSED,5.7077827,,,117.9264,5.513603,0.046754614,114.39485,9.045151,0.07906956,,15,0,America/New_York,EDT,-14400000,False,False,False,0.61,PCX,127.54,97.52,0.84,,First Trust Health Care AlphaDE,123.47,123.34,-0.611912,FXH,,,,,,
Healthcare,healthcare,18,PPH,VanEck Pharmaceutical ETF,https://finance.yahoo.com/research-hub/screener/sec-ind_sec-top-etfs_healthcare/,2026-07-18T07:04:17+00:00,en-US,US,ETF,ETF,Nasdaq Real Time Price,False,LOW,1.97,23.696682,6.91462,17.80788,USD,True,949415400000,2,0.7278223,1784322745.0,110.8409,0.8008957,0.150002,1784318400,110.04,111.4673,109.59 - 111.4673,109.59,497456,109.89,1,1,us_market,finmb_3588556,NasdaqGM,VanEck Pharmaceutical ETF,109.94,243053,251820,[],28.300003,0.34621978,81.74 - 112.58,-2.540001,-0.022561742,27.58261,,23.84621,,6.95565,5.81662,5.81662,879456640.0,CLOSED,4.6145697,11547000.0,,105.3732,4.6668015,0.044288315,102.72115,7.3188477,0.071249664,,15,0,America/New_York,EDT,-14400000,False,False,False,0.36,NGM,112.58,81.74,1.97,,VanEck Pharmaceutical ETF,110.28,109.74,0.136502,PPH,1475798400.0,,,,,
Healthcare,healthcare,19,PBPH,Portfolio Building Block World Pharma And Biotech Index ETF,https://finance.yahoo.com/research-hub/screener/sec-ind_sec-top-etfs_healthcare/,2026-07-18T07:04:17+00:00,en-US,US,ETF,ETF,Nasdaq Real Time Price,False,LOW,,,,,USD,True,1764599400000,2,0.044883743,1784319005.0,27.1922,0.012199402,0.05739975,1784318400,27.1922,27.42,27.09 - 27.42,27.09,72132,27.1348,2,2,us_market,finmb_1959766823,NasdaqGM,Portfolio Building Block World Pharma And Biotech Index ETF,27.245,138612,80150,[],3.0081997,0.12438801,24.184 - 28.053,-0.8607998,-0.03068477,9.707093,0.0,24.904436,0.0,7.57426,6.94658,6.94658,859368450.0,CLOSED,1.0918617,,,26.0001,1.1921005,0.045849845,25.755993,1.4362068,0.055762045,,15,0,America/New_York,EDT,-14400000,False,False,False,0.13,NGM,28.053,24.184,,,Portfolio Building Block World ,29.55,25.16,0.21153556,PBPH,,2025-11-25,,,,
Healthcare,healthcare,20,FLBL,Franklin Senior Loan ETF,https://finance.yahoo.com/research-hub/screener/sec-ind_sec-top-etfs_healthcare/,2026-07-18T07:04:17+00:00,en-US,US,ETF,ETF,Nasdaq Real Time Price,False,LOW,,,13.57009,3.9411,USD,True,1527859800000,2,0.059645128,1784332535.0,22.9837,0.013700485,0.0699997,1784318400,22.97,22.975,22.905 - 22.975,22.905,436542,22.9,700,1500,us_market,finmb_556182240,Cboe US,Franklin Senior Loan ETF,22.91,196941,384090,[],0.39999962,0.017722623,22.57 - 24.29,-1.3200016,-0.054343414,-5.239272,0.0,,0.0,0.50124,1.577,1.577,847092740.0,CLOSED,,,,22.9372,0.032798767,0.0014299377,23.26463,-0.29463005,-0.012664292,,15,0,America/New_York,EDT,-14400000,False,False,False,0.45,BTS,24.29,22.57,7.58,,Franklin Senior Loan ETF,23.98,22.9,0.305676,FLBL,1530835200.0,,,,,
Healthcare,healthcare,21,RSPH,Invesco S&P 500 Equal Weight Health Care ETF,https://finance.yahoo.com/research-hub/screener/sec-ind_sec-top-etfs_healthcare/,2026-07-18T07:04:17+00:00,en-US,US,ETF,ETF,Delayed Quote,False,LOW,0.7,23.419204,3.94124,23.03046,USD,True,1162909800000,2,0.0,1784322300.0,33.99,0.0,-0.34,1784318400,33.99,34.594,33.91 - 34.594,33.91,49184,34.33,2200,1500,us_market,finmb_30119271,NYSEArca,Invesco S&P 500 Equal Weight Health Care ETF,34.26,156046,137960,[],6.6600018,0.24368832,27.33 - 34.9,-0.90999985,-0.026074493,21.306206,,23.983692,,4.58008,9.98141,9.98141,704804990.0,CLOSED,1.4172131,,,32.036,1.9540024,0.06099396,31.55935,2.4306526,0.07701846,,15,0,America/New_York,EDT,-14400000,False,False,False,0.4,PCX,34.9,27.33,0.7,,Invesco S&P 500 Equal Weight He,34.0,33.97,-0.990388,RSPH,,,,,,
Healthcare,healthcare,22,LABU,Direxion Daily S&P Biotech Bull 3X Shares,https://finance.yahoo.com/research-hub/screener/sec-ind_sec-top-etfs_healthcare/,2026-07-18T07:04:17+00:00,en-US,US,ETF,ETF,Nasdaq Real Time Price,False,LOW,,,-13.43866,-64.3054,USD,True,1432819800000,2,-0.58366764,1784332775.0,264.01,-1.5499878,10.76,1784318400,265.56,271.9299,240.25 - 271.9299,240.25,496878,254.8,1400,800,us_market,finmb_295054277,NYSEArca,Direxion Daily S&P Biotech Bull 3X Shares,242.85,577546,522320,[],207.20999,3.5511568,58.35 - 333.0,-67.44,-0.20252253,323.13574,,,,83.1538,75.40121,75.40121,677823040.0,CLOSED,,,,218.2084,47.351593,0.21700169,171.2516,94.308395,0.5507008,,15,0,America/New_York,EDT,-14400000,False,False,False,0.96,PCX,333.0,58.35,0.35,,Direxion Daily S&P Biotech Bull,266.6,264.8,4.22292,LABU,,,,,,
Healthcare,healthcare,23,NFLT,Virtus Newfleet Multi-Sector Bond ETF,https://finance.yahoo.com/research-hub/screener/sec-ind_sec-top-etfs_healthcare/,2026-07-18T07:04:17+00:00,en-US,US,ETF,ETF,Delayed Quote,False,LOW,,,9.21947,1.58677,USD,True,1439299800000,2,0.0,1784322300.0,22.9202,0.0,-0.0198002,1784318104,22.9202,22.95,22.89 - 22.95,22.89,57104,22.94,500,700,us_market,finmb_304205949,NYSEArca,Virtus Newfleet Multi-Sector Bond ETF,22.95,83825,68570,[],0.35020065,0.015516201,22.57 - 23.505,-0.5847988,-0.024879763,0.592494,0.0,,0.0,2.0427,2.36646,2.36646,439305664.0,CLOSED,,,,22.94316,-0.022958755,-0.0010006798,23.03646,-0.11626053,-0.005046805,,15,0,America/New_York,EDT,-14400000,False,False,False,0.5,PCX,23.505,22.57,5.48,,Virtus Newfleet Multi-Sector Bo,34.29,22.91,-0.0863129,NFLT,,,,,,
Healthcare,healthcare,24,XPH,State Street SPDR S&P Pharmaceuticals ETF,https://finance.yahoo.com/research-hub/screener/sec-ind_sec-top-etfs_healthcare/,2026-07-18T07:04:17+00:00,en-US,US,ETF,ETF,Delayed Quote,False,LOW,0.64,15.39883,2.84307,-10.49999,USD,True,1150983000000,2,0.36453775,1784324180.0,68.83,0.25,1.28,1784318400,68.58,69.055,66.84 - 69.055,66.84,48607,67.3,1300,600,us_market,finmb_27776200,NYSEArca,State Street SPDR S&P Pharmaceuticals ETF,66.83,75424,123410,[],27.780003,0.68088245,40.8 - 70.15,-1.5699997,-0.022380609,62.93657,0.24,18.129644,0.0035661217,18.67191,23.09774,23.09774,428431424.0,CLOSED,3.782755,5500270.0,52.017,61.5378,7.042202,0.114437014,56.0596,12.520401,0.22334088,1.3184152,15,0,America/New_York,EDT,-14400000,False,False,False,0.35,PCX,70.15,40.8,0.51,USD,State Street SPDR S&P Pharmaceu,68.92,68.53,1.90193,XPH,,,,,,
Healthcare,healthcare,25,BBH,VanEck Biotech ETF,https://finance.yahoo.com/research-hub/screener/sec-ind_sec-top-etfs_healthcare/,2026-07-18T07:04:17+00:00,en-US,US,ETF,ETF,Nasdaq Real Time Price,False,LOW,0.47,24.354603,3.87797,11.76526,USD,True,943367400000,2,-0.38011655,1784322030.0,204.0,-0.7783966,-0.77160645,1784318400,204.7784,206.85,204.23 - 206.85,204.23,2892,205.55,2,1,us_market,finmb_3588503,NasdaqGM,VanEck Biotech ETF,206.46,4985,4720,[],50.028397,0.32328528,154.75 - 212.54,-7.7615967,-0.036518287,31.742155,0.0,24.542576,0.0,7.41054,8.08468,8.08468,395554688.0,CLOSED,8.343802,,,192.53,12.248398,0.06361812,189.52325,15.255142,0.08049219,,15,0,America/New_York,EDT,-14400000,False,False,False,0.35,NGM,212.54,154.75,0.47,,VanEck Biotech ETF,206.61,204.62,-0.37538627,BBH,1513900800.0,,,,,
Healthcare,healthcare,26,PINK,Simplify Health Care ETF,https://finance.yahoo.com/research-hub/screener/sec-ind_sec-top-etfs_healthcare/,2026-07-18T07:04:17+00:00,en-US,US,ETF,ETF,Delayed Quote,False,LOW,0.64,26.116479,,,USD,True,1633699800000,2,-0.48855394,1784324637.0,38.7,-0.18999863,-0.0499992,1784318393,38.89,39.29,38.83 - 39.29,38.83,121573,38.94,100,1000,us_market,finmb_1679202900,NYSEArca,Simplify Health Care ETF,38.63,144601,114190,[],10.57,0.37323445,28.32 - 40.41,-1.5200005,-0.037614465,30.691933,0.0,25.943035,0.0,7.5221,16.86414,16.86414,358578880.0,CLOSED,1.4990536,,,37.76276,1.1272392,0.029850552,35.86482,3.0251808,0.084349535,,15,0,America/New_York,EDT,-14400000,False,False,False,0.51,PCX,40.41,28.32,0.64,,Simplify Health Care ETF,38.75,38.82,-0.128401,PINK,,,-0.35,-111.11429,,
Healthcare,healthcare,27,PJP,Invesco Pharmaceuticals ETF,https://finance.yahoo.com/research-hub/screener/sec-ind_sec-top-etfs_healthcare/,2026-07-18T07:04:17+00:00,en-US,US,ETF,ETF,Delayed Quote,False,LOW,0.9,21.551724,-2.22135,14.44747,USD,True,1119533400000,2,0.0,1784326153.0,119.71,0.0,0.336601,1784318375,119.71,121.3043,119.395 - 121.3043,119.395,13146,119.373,100,100,us_market,finmb_22938365,NYSEArca,Invesco Pharmaceuticals ETF,119.88,36548,79930,[],39.08,0.48468316,80.63 - 122.69,-2.9800034,-0.024288885,45.75672,0.999,21.781567,0.008368727,13.8191,14.21123,14.21123,356145184.0,CLOSED,5.4959316,6300000.0,96.831,112.5168,7.193199,0.063930005,105.57095,14.139046,0.13392931,1.2362776,15,0,America/New_York,EDT,-14400000,False,False,False,0.57,PCX,122.69,80.63,0.9,USD,Invesco Pharmaceuticals ETF,119.77,119.71,0.281973,PJP,,,,,,
Healthcare,healthcare,28,PBE,Invesco Biotechnology & Genome ETF,https://finance.yahoo.com/research-hub/screener/sec-ind_sec-top-etfs_healthcare/,2026-07-18T07:04:17+00:00,en-US,US,ETF,ETF,Delayed Quote,False,LOW,1.73,24.055809,3.67405,1.55426,USD,True,1119533400000,2,0.0,1784322300.0,91.0275,0.0,-0.0512009,1784316009,91.0275,91.0275,90.95 - 91.0275,90.95,814,91.0787,700,400,us_market,finmb_22938466,NYSEArca,Invesco Biotechnology & Genome ETF,90.95,6229,8460,[],27.107498,0.42408478,63.92 - 94.06,-3.0325012,-0.032240074,41.57076,0.57,24.425814,0.006258324,10.35995,14.22018,14.22018,277922656.0,CLOSED,3.7266924,4550000.0,75.349,85.611,5.4164963,0.0632687,80.77205,10.255447,0.12696777,1.2080784,15,0,America/New_York,EDT,-14400000,False,False,False,0.58,PCX,94.06,63.92,1.73,USD,Invesco Biotechnology & Genome ,91.09,90.93,-0.0562161,PBE,,,,,,
Healthcare,healthcare,29,PSQO,Palmer Square Credit Opportunities ETF,https://finance.yahoo.com/research-hub/screener/sec-ind_sec-top-etfs_healthcare/,2026-07-18T07:04:17+00:00,en-US,US,ETF,ETF,Delayed Quote,False,LOW,,,,,USD,True,1726147800000,2,0.0,1784322300.0,20.74,0.0,-0.0100002,1784318390,20.74,20.7438,20.66 - 20.7438,20.66,76635,20.75,100,10300,us_market,finmb_1879226427,NYSEArca,Palmer Square Credit Opportunities ETF,20.71,45312,72170,[],0.97999954,0.049595118,19.76 - 21.03,-0.29000092,-0.013789867,0.9737134,0.0,,0.0,2.03884,1.76483,1.76483,259136976.0,CLOSED,,,,20.76418,-0.024179459,-0.0011644794,20.70025,0.039749146,0.0019202253,,15,0,America/New_York,EDT,-14400000,False,False,False,0.52,PCX,21.03,19.76,4.55,,Palmer Square Credit Opportunit,23.62,17.62,-0.0481939,PSQO,,,,,,
Healthcare,healthcare,30,SLNZ,TCW Senior Loan ETF,https://finance.yahoo.com/research-hub/screener/sec-ind_sec-top-etfs_healthcare/,2026-07-18T07:04:17+00:00,en-US,US,ETF,ETF,Delayed Quote,False,LOW,,,,,USD,True,1732026600000,2,,,,,-0.00500107,1784041391,45.735,45.735,45.735 - 45.735,45.735,41,45.74,300,400,us_market,finmb_240742560,NYSE,TCW Senior Loan ETF,45.575,6053,740,[],1.1549988,0.025908452,44.58 - 47.61,-1.875,-0.039382484,-3.1448543,0.0,,0.0,1.81454,2.35516,2.35516,222343600.0,CLOSED,,,,45.61198,0.12302017,0.0026971023,45.946636,-0.21163559,-0.004606117,,15,0,America/New_York,EDT,-14400000,False,False,False,0.65,NYQ,47.61,44.58,7.52,,TCW Senior Loan ETF,47.76,44.12,-0.0109337,SLNZ,,,,,,
Healthcare,healthcare,31,FIXT,TCW Core Plus Bond ETF,https://finance.yahoo.com/research-hub/screener/sec-ind_sec-top-etfs_healthcare/,2026-07-18T07:04:17+00:00,en-US,US,ETF,ETF,Nasdaq Real Time Price,False,LOW,1.04,19.4325689856199,5.52524,-1.1661,USD,True,1750080600000,2,0.026779482,1784323897.0,37.36,0.010002136,-0.130001,1784318393,37.35,37.55,37.3 - 37.55,37.3,193160,37.48,1000,200,us_market,finmb_1938806888,NYSE,TCW Core Plus Bond ETF,37.55,20788,37220,[],0.22999954,0.0061961086,37.12 - 39.35,-2.0,-0.050825924,-1.2505591,0.0,26.737083,0.0,0.71085,0.72156,0.72156,219464304.0,CLOSED,1.3969362,,,37.55338,-0.20338058,-0.005415773,38.13938,-0.78938293,-0.020697318,,15,0,America/New_York,EDT,-14400000,False,False,False,0.4,NYQ,39.35,37.12,5.51,,TCW Core Plus Bond ETF,37.37,35.61,-0.346855,FIXT,,,,,,
Healthcare,healthcare,32,IDNA,iShares Genomics Immunology and Healthcare ETF,https://finance.yahoo.com/research-hub/screener/sec-ind_sec-top-etfs_healthcare/,2026-07-18T07:04:17+00:00,en-US,US,ETF,ETF,Delayed Quote,False,LOW,1.18,16.82935038707506,,,USD,True,1560519000000,2,0.0,1784322300.0,32.8,0.0,0.149998,1784318400,32.8,32.92,32.2009 - 32.92,32.2009,62421,32.65,500,500,us_market,finmb_607153959,NYSEArca,iShares Genomics Immunology and Healthcare ETF,32.26,52700,59570,[],11.869999,0.5671285,20.93 - 34.965,-2.165001,-0.06191909,54.498352,,21.076847,,29.10307,17.04089,17.04089,193553664.0,CLOSED,1.5562099,,,30.92248,1.8775196,0.06071698,28.52108,4.278919,0.15002654,,15,0,America/New_York,EDT,-14400000,False,False,False,0.47,PCX,34.965,20.93,0.83,,iShares Genomics Immunology and,32.93,32.7,0.459411,IDNA,,,,,,
Healthcare,healthcare,33,SBIO,ALPS Medical Breakthroughs ETF,https://finance.yahoo.com/research-hub/screener/sec-ind_sec-top-etfs_healthcare/,2026-07-18T07:04:17+00:00,en-US,US,ETF,ETF,Delayed Quote,False,LOW,,,8.18462,-17.54972,USD,True,1420036200000,2,0.6595097,1784322300.0,65.63,0.4300003,1.76,1784318400,65.2,65.3199,62.36 - 65.3199,62.36,38626,63.44,600,600,us_market,finmb_275139748,NYSEArca,ALPS Medical Breakthroughs ETF,62.76,40469,66360,[],32.848995,1.0153935,32.351 - 69.34,-4.1399994,-0.05970579,98.48397,0.0,,0.0,26.25697,23.48676,23.48676,190419616.0,CLOSED,,,,57.46152,7.738476,0.13467231,51.447643,13.752354,0.26730776,,15,0,America/New_York,EDT,-14400000,False,False,False,0.5,PCX,69.34,32.351,0.0,,ALPS Medical Breakthroughs ETF,65.25,61.86,2.77427,SBIO,,,,,,
Healthcare,healthcare,34,CANC,Tema Oncology ETF,https://finance.yahoo.com/research-hub/screener/sec-ind_sec-top-etfs_healthcare/,2026-07-18T07:04:17+00:00,en-US,US,ETF,ETF,Nasdaq Real Time Price,False,LOW,0.06,21.78649237472767,,,USD,True,1692019800000,2,0.14786272,1784319004.0,40.9104,0.060401917,0.56539917,1784318400,40.9104,41.27,39.93 - 41.27,39.93,9100,40.345,1,1,us_market,finmb_1815862546,NasdaqGM,Tema Oncology ETF,40.25,33393,37430,[],15.7904,0.6285987,25.12 - 42.63,-1.7196007,-0.040337805,56.264328,0.0,25.732801,0.0,18.49725,12.2116,12.2116,190030368.0,CLOSED,1.5898153,,,38.66822,2.2421799,0.05798508,35.91099,4.9994087,0.13921668,,15,0,America/New_York,EDT,-14400000,False,False,False,0.75,NGM,42.63,25.12,0.05,,Tema Oncology ETF,52.83,29.58,1.4014107,CANC,,2023-08-15,,,,
Healthcare,healthcare,35,GTOQ,Invesco High Yield Systematic Bond ETF,https://finance.yahoo.com/research-hub/screener/sec-ind_sec-top-etfs_healthcare/,2026-07-18T07:04:17+00:00,en-US,US,ETF,ETF,Nasdaq Real Time Price,False,LOW,,,,,USD,True,1607351400000,2,0.0,1784319004.0,22.365,0.0,-0.0051002502,1784318400,22.365,22.3901,22.365 - 22.3901,22.365,751,22.3701,1,1,us_market,finmb_649835652,NasdaqGM,Invesco High Yield Systematic Bond ETF,22.3901,62124,1550,[],0.5249996,0.024038443,21.84 - 23.01,-0.64500046,-0.02803131,-0.886327,0.0,,0.0,2.11029,3.10761,3.10761,185384848.0,CLOSED,,,,22.35486,0.010139465,0.0004535687,22.49953,-0.13453102,-0.0059792814,,15,0,America/New_York,EDT,-14400000,False,False,False,0.39,NGM,23.01,21.84,6.83,,Invesco High Yield Systematic B,28.65,16.13,-0.022799406,GTOQ,,,,,,
Healthcare,healthcare,36,MSMR,McElhenny Sheffield Managed Risk ETF,https://finance.yahoo.com/research-hub/screener/sec-ind_sec-top-etfs_healthcare/,2026-07-18T07:04:17+00:00,en-US,US,ETF,ETF,Delayed Quote,False,LOW,1.83,21.781747,,,USD,True,1637159400000,2,0.0,1784322300.0,34.52,0.0,-0.186001,1784318390,34.52,34.69,34.35 - 34.69,34.35,3048,34.706,600,500,us_market,finmb_1683192087,Cboe US,McElhenny Sheffield Managed Risk ETF,34.32,20014,11390,[],3.1900005,0.10181936,31.33 - 37.67,-3.1499977,-0.08362086,8.315027,0.0,21.385263,0.0,3.44808,2.09785,2.09785,183391840.0,CLOSED,1.6141957,,,36.10646,-1.5864601,-0.0439384,35.227226,-0.7072258,-0.020076113,,15,0,America/New_York,EDT,-14400000,False,False,False,1.06,BTS,37.67,31.33,1.83,,McElhenny Sheffield Managed Ris,51.94,17.32,-0.535933,MSMR,,,,,,
Healthcare,healthcare,37,CURE,Direxion Daily Healthcare Bull 3X Shares,https://finance.yahoo.com/research-hub/screener/sec-ind_sec-top-etfs_healthcare/,2026-07-18T07:04:17+00:00,en-US,US,ETF,ETF,Delayed Quote,False,LOW,1.12,28.563268,-9.75955,87.43447,USD,True,1308144600000,2,-0.5809663,1784332312.0,115.3559,-0.67409515,-1.65,1784318400,116.03,122.2999,115.6405 - 122.2999,115.6405,78320,117.68,100,200,us_market,finmb_134270136,NYSEArca,Direxion Daily Healthcare Bull 3X Shares,116.94,87811,83870,[],50.03,0.7580303,66.0 - 126.7,-10.669998,-0.084214665,58.749485,0.0,29.488354,0.0,1.51213,22.95173,22.95173,168585232.0,CLOSED,3.9347737,,,101.2734,14.756599,0.14571051,102.47325,13.556747,0.13229547,,15,0,America/New_York,EDT,-14400000,False,False,False,0.94,PCX,126.7,66.0,1.12,,Direxion Daily Healthcare Bull ,116.23,116.03,-1.40211,CURE,,,,,,
Healthcare,healthcare,38,LDSF,First Trust Low Duration Strategic Focus ETF,https://finance.yahoo.com/research-hub/screener/sec-ind_sec-top-etfs_healthcare/,2026-07-18T07:04:17+00:00,en-US,US,ETF,ETF,Nasdaq Real Time Price,False,LOW,3.8,12.03079884504331,6.60596,-0.32738,USD,True,1546957800000,2,-0.05335135,1784319005.0,18.9199,-0.010099411,-0.010099411,1784318400,18.9199,18.94,18.87 - 18.94,18.87,18860,18.93,10,10,us_market,finmb_578353227,NasdaqGM,First Trust Low Duration Strategic Focus ETF,18.87,23308,14390,[],0.14990044,0.007986171,18.77 - 19.59,-0.67009926,-0.03420619,-0.34237504,0.0,,0.0,0.92097,1.07054,1.07054,163435824.0,CLOSED,,,,18.92508,-0.0051784515,-0.00027362906,19.06155,-0.14164925,-0.0074311504,,15,0,America/New_York,EDT,-14400000,False,False,False,0.77,NGM,19.59,18.77,4.65,,First Trust Low Duration Strate,18.95,18.89,-0.05335135,LDSF,1548892800.0,,,,,
Healthcare,healthcare,39,PSCH,Invesco S&P SmallCap Health Care ETF,https://finance.yahoo.com/research-hub/screener/sec-ind_sec-top-etfs_healthcare/,2026-07-18T07:04:17+00:00,en-US,US,ETF,ETF,Nasdaq Real Time Price,False,LOW,0.01,28.86836,-2.61753,5.61712,USD,True,1270647000000,2,0.0,1784319005.0,53.64,0.0,0.0950012,1784318400,53.64,53.75,53.3494 - 53.75,53.3494,7760,53.545,2,2,us_market,finmb_100588930,NasdaqGM,Invesco S&P SmallCap Health Care ETF,53.75,16788,23300,[],16.189999,0.4323097,37.45 - 54.62,-0.97999954,-0.017942138,39.433323,0.0,29.570353,0.0,18.82611,27.16019,27.16019,158728112.0,CLOSED,1.813979,,,48.4116,5.228401,0.10799894,44.604,9.035999,0.20258272,,15,0,America/New_York,EDT,-14400000,False,False,False,0.29,NGM,54.62,37.45,0.01,,Invesco S&P SmallCap Health Car,53.9,53.47,0.177423,PSCH,1483056000.0,,,,,
Healthcare,healthcare,40,XHE,State Street SPDR S&P Health Care Equipment ETF,https://finance.yahoo.com/research-hub/screener/sec-ind_sec-top-etfs_healthcare/,2026-07-18T07:04:17+00:00,en-US,US,ETF,ETF,Nasdaq Real Time Price,False,LOW,0.06,27.056277,-5.97071,3.18509,USD,True,1296138600000,2,-1.0849669,1784326742.0,86.61,-0.94999695,-1.69,1784318394,87.56,88.465,87.03 - 88.465,87.03,15700,89.25,400,700,us_market,finmb_118789343,NYSEArca,State Street SPDR S&P Health Care Equipment ETF,88.465,34937,25170,[],11.93,0.15774165,75.63 - 93.62,-6.060005,-0.06472981,14.144182,,28.158846,,-4.53127,7.38401,7.38401,151436800.0,CLOSED,3.1095023,,,82.3974,5.1625977,0.06265486,83.66185,3.8981476,0.046594087,,15,0,America/New_York,EDT,-14400000,False,False,False,0.35,PCX,93.62,75.63,0.06,,State Street SPDR S&P Health Ca,87.47,87.17,-1.89356,XHE,,,,,,
Healthcare,healthcare,41,XHS,State Street SPDR S&P Health Care Services ETF,https://finance.yahoo.com/research-hub/screener/sec-ind_sec-top-etfs_healthcare/,2026-07-18T07:04:17+00:00,en-US,US,ETF,ETF,Delayed Quote,False,LOW,0.2,18.35536,5.12164,9.83001,USD,True,1317303000000,2,0.7291671,1784325408.0,136.76,0.98999023,0.415009,1784318399,135.77,136.23,135.0172 - 136.23,135.0172,12650,135.355,300,200,us_market,finmb_141049101,NYSEArca,State Street SPDR S&P Health Care Services ETF,135.27,19658,29430,[],48.130005,0.54917854,87.64 - 138.92,-3.149994,-0.022674877,49.263416,0.0,18.884691,0.0,23.54962,31.59977,31.59977,139882288.0,CLOSED,7.1894217,,,122.1226,13.647408,0.1117517,110.03965,25.730354,0.23382802,,15,0,America/New_York,EDT,-14400000,False,False,False,0.35,PCX,138.92,87.64,0.2,,State Street SPDR S&P Health Ca,135.77,135.61,0.306607,XHS,,,,,,
Healthcare,healthcare,42,FSYD,Fidelity Sustainable High Yield ETF,https://finance.yahoo.com/research-hub/screener/sec-ind_sec-top-etfs_healthcare/,2026-07-18T07:04:17+00:00,en-US,US,ETF,ETF,Delayed Quote,False,LOW,6.35,19.00057001710051,,,USD,True,1645108200000,2,0.0,1784325610.0,48.58,0.0,0.0,1784318391,48.58,48.65,48.5 - 48.65,48.5,19024,48.58,100,400,us_market,finmb_1762380382,NYSEArca,Fidelity Sustainable High Yield ETF,48.55,25279,21600,[],1.3600006,0.028801367,47.22 - 49.16,-0.579998,-0.011798169,1.4725804,0.0,18.922668,0.0,3.51813,3.36487,3.36487,136921888.0,CLOSED,2.5672913,,,48.75862,-0.17861938,-0.0036633394,48.595837,-0.015834808,-0.000325847,,15,0,America/New_York,EDT,-14400000,False,False,False,0.55,PCX,49.16,47.22,6.41,,Fidelity Sustainable High Yield,60.72,45.69,0.0,FSYD,,,,,,
Healthcare,healthcare,43,PTH,Invesco Dorsey Wright Healthcare Momentum ETF,https://finance.yahoo.com/research-hub/screener/sec-ind_sec-top-etfs_healthcare/,2026-07-18T07:04:17+00:00,en-US,US,ETF,ETF,Nasdaq Real Time Price,False,LOW,0.0,26.184865147944485,-4.36692,-3.02177,USD,True,1160659800000,2,-0.07316998,1784319005.0,59.5464,-0.04360199,1.3962975,1784318400,59.5464,59.59,57.12 - 59.59,57.12,96256,58.1501,3,3,us_market,finmb_29596930,NasdaqGM,Invesco Dorsey Wright Healthcare Momentum ETF,57.12,21698,70080,[],22.706398,0.6163517,36.84 - 61.78,-2.2336006,-0.036154106,57.831966,0.0,39.680344,0.0,20.01609,21.53188,21.53188,135422256.0,CLOSED,1.5006523,,,54.0466,5.499798,0.10176029,50.4886,9.0577965,0.1794028,,15,0,America/New_York,EDT,-14400000,False,False,False,0.6,NGM,61.78,36.84,2.56,,Invesco Dorsey Wright Healthcar,59.77,59.35,2.4011953,PTH,1380499200.0,,,,,
Healthcare,healthcare,44,LFSC,F/m Emerald Life Sciences Innovation ETF,https://finance.yahoo.com/research-hub/screener/sec-ind_sec-top-etfs_healthcare/,2026-07-18T07:04:17+00:00,en-US,US,ETF,ETF,Nasdaq Real Time Price,False,LOW,,,,,USD,True,1730381400000,2,0.0,1784319005.0,45.7,0.0,0.93,1784318401,45.7,46.015,45.62 - 46.015,45.62,6614,44.77,2,2,us_market,finmb_1897949216,NasdaqGM,F/m Emerald Life Sciences Innovation ETF,45.805,4079,9140,[],21.476,0.8865588,24.224 - 47.68,-1.9799995,-0.041526835,82.90975,0.0,,0.0,23.41109,29.00875,29.00875,121854288.0,CLOSED,,,,41.239,4.4610023,0.10817436,36.71327,8.9867325,0.2447816,,15,0,America/New_York,EDT,-14400000,False,False,False,0.54,NGM,47.68,24.224,0.0,,F/m Emerald Life Sciences Innov,45.87,45.65,2.07728,LFSC,,2024-10-31,,,,
Healthcare,healthcare,45,MJ,Amplify Alternative Harvest ETF,https://finance.yahoo.com/research-hub/screener/sec-ind_sec-top-etfs_healthcare/,2026-07-18T07:04:17+00:00,en-US,US,ETF,ETF,Delayed Quote,False,LOW,,,-11.43279,-21.74772,USD,True,1449153000000,2,5.1745877,1784332667.0,25.0,1.2299995,-0.0299988,1784318400,23.77,23.805,23.06 - 23.805,23.06,34855,23.8,300,100,us_market,finmb_310520628,NYSEArca,Amplify Alternative Harvest ETF,23.06,47729,33890,[],3.6100006,0.17906749,20.16 - 46.75,-22.98,-0.4915508,17.035938,0.0,,0.0,-14.72123,8.89418,8.89418,110788880.0,CLOSED,,,,25.46314,-1.69314,-0.066493765,27.89549,-4.12549,-0.14789094,,15,0,America/New_York,EDT,-14400000,False,False,False,0.75,PCX,46.75,20.16,2.33,,ETFMG Alternative Harvest ETF,23.77,23.0,-0.126045,MJ,1529539200.0,,,,,
Healthcare,healthcare,46,BBP,Virtus LifeSci Biotech Products ETF,https://finance.yahoo.com/research-hub/screener/sec-ind_sec-top-etfs_healthcare/,2026-07-18T07:04:17+00:00,en-US,US,ETF,ETF,Delayed Quote,False,LOW,,,17.43969,-8.23655,USD,True,1418826600000,2,0.0,1784322300.0,97.7165,0.0,0.792198,1784318145,97.7165,98.0699,95.89 - 98.0699,95.89,7741,96.9243,100,300,us_market,finmb_274653437,NYSEArca,Virtus LifeSci Biotech Products ETF,96.37,9861,11340,[],36.8065,0.6042768,60.91 - 105.21,-7.4934998,-0.07122422,58.595455,0.0,,0.0,20.89033,15.47821,15.47821,86779832.0,CLOSED,,,,90.80326,6.9132385,0.07613426,82.66007,15.056427,0.18214872,,15,0,America/New_York,EDT,-14400000,False,False,False,0.34,PCX,105.21,60.91,0.0,,Virtus Biotech ETF,146.46,84.0,0.817337,BBP,1514332800.0,,,,,
Healthcare,healthcare,47,AGNG,Global X Aging Population ETF,https://finance.yahoo.com/research-hub/screener/sec-ind_sec-top-etfs_healthcare/,2026-07-18T07:04:17+00:00,en-US,US,ETF,ETF,Nasdaq Real Time Price,False,LOW,0.91,24.777007,9.71289,3.62589,USD,True,1462887000000,2,-0.13438976,1784319005.0,36.7096,-0.04940033,-0.11040115,1784318400,36.7096,37.028,36.675 - 37.028,36.675,3593,36.82,1,1,us_market,finmb_329349475,NasdaqGM,Global X Aging Population ETF,36.8,13285,8880,[],4.998598,0.15762979,31.711 - 39.48,-2.770401,-0.070172265,14.464784,,25.254234,,0.82068,1.98805,1.98805,84506552.0,CLOSED,1.4536017,,,35.4723,1.237297,0.034880653,35.792145,0.91745377,0.025632825,,15,0,America/New_York,EDT,-14400000,False,False,False,0.5,NGM,39.48,31.711,0.91,,Global X Aging Population ETF,47.32,26.53,-0.29984018,AGNG,,,,,,
Healthcare,healthcare,48,CNBS,Amplify Seymour Cannabis ETF,https://finance.yahoo.com/research-hub/screener/sec-ind_sec-top-etfs_healthcare/,2026-07-18T07:04:17+00:00,en-US,US,ETF,ETF,Delayed Quote,False,LOW,69.86,11.531365313653136,,,USD,True,1563888600000,2,1.2527843,1784322300.0,26.55,0.32849884,0.4709,1784318213,26.2215,26.2215,25.5 - 26.2215,25.5,4375,25.7506,400,600,us_market,finmb_612263392,NYSEArca,Amplify Seymour Cannabis ETF,25.5,12835,3320,[],9.7855,0.5953699,16.436 - 43.94,-17.718498,-0.40324304,59.54003,0.0,19.689758,0.0,4.50252,34.34894,34.34894,84066384.0,CLOSED,1.331733,,,28.14428,-1.9227791,-0.06831865,26.580755,-0.35925484,-0.013515599,,15,0,America/New_York,EDT,-14400000,False,False,False,0.76,PCX,43.94,16.436,0.0,,Amplify Seymour Cannabis ETF,32.73,22.0,1.82869,CNBS,,,,,,
Healthcare,healthcare,49,BIB,ProShares Ultra Nasdaq Biotechnology,https://finance.yahoo.com/research-hub/screener/sec-ind_sec-top-etfs_healthcare/,2026-07-18T07:04:17+00:00,en-US,US,ETF,ETF,Nasdaq Real Time Price,False,LOW,0.77,22.593764121102577,-1.27935,-5.91113,USD,True,1270819800000,2,0.0,1784319004.0,100.08,0.0,1.45,1784318401,100.08,101.9985,98.19 - 101.9985,98.19,8800,98.63,1,1,us_market,finmb_100661718,NasdaqGM,ProShares Ultra Nasdaq Biotechnology,98.19,11440,13260,[],51.25,1.0495597,48.83 - 110.25,-10.169998,-0.09224488,103.74594,0.0,28.342957,0.0,26.37909,23.64481,23.64481,83660240.0,CLOSED,3.5310361,,,89.0382,11.041801,0.124011956,81.5491,18.5309,0.22723609,,15,0,America/New_York,EDT,-14400000,False,False,False,0.95,NGM,110.25,48.83,0.32,,ProShares Ultra Nasdaq Biotechn,103.27,96.91,1.47015,BIB,1285632000.0,,,,,
Healthcare,healthcare,50,RXL,ProShares Ultra Health Care,https://finance.yahoo.com/research-hub/screener/sec-ind_sec-top-etfs_healthcare/,2026-07-18T07:04:17+00:00,en-US,US,ETF,ETF,Delayed Quote,False,LOW,1.34,28.563268,-3.19276,47.8263,USD,True,1170340200000,2,0.0,1784326256.0,54.26,0.0,-0.450001,1784318387,54.26,55.385,54.2 - 55.385,54.2,5105,54.71,400,400,us_market,finmb_32431717,NYSEArca,ProShares Ultra Health Care,54.35,9298,13770,[],18.029999,0.49765384,36.23 - 57.41,-3.1500015,-0.054868516,40.315483,0.0,29.206059,0.0,2.87841,15.87489,15.87489,78892424.0,CLOSED,1.8578336,,,49.2522,5.0077972,0.10167662,49.18965,5.070347,0.10307751,,15,0,America/New_York,EDT,-14400000,False,False,False,0.95,PCX,57.41,36.23,1.34,,ProShares Ultra Health Care,55.6,52.96,-0.82252,RXL,,,,,,
Healthcare,healthcare,51,SURI,Simplify Propel Opportunities ETF,https://finance.yahoo.com/research-hub/screener/sec-ind_sec-top-etfs_healthcare/,2026-07-18T07:04:17+00:00,en-US,US,ETF,ETF,Delayed Quote,False,LOW,15.1,25.239778,,,USD,True,1676039400000,2,0.0,1784322300.0,17.8822,0.0,0.0104008,1784318058,17.8822,17.96,17.8 - 17.96,17.8,2544,17.8718,200,500,us_market,finmb_1803860914,NYSEArca,Simplify Propel Opportunities ETF,17.8,7990,2510,[],3.1822004,0.21647622,14.7 - 18.5,-0.61779976,-0.033394583,15.308226,0.0,25.221724,0.0,16.37771,19.94222,19.94222,77252816.0,CLOSED,0.70899993,,,17.64198,0.24022102,0.013616445,17.021496,0.8607044,0.050565735,,15,0,America/New_York,EDT,-14400000,False,False,False,2.56,PCX,18.5,14.7,15.1,,Simplify Propel Opportunities E,17.98,17.9,0.0581966,SURI,,,,,,
Healthcare,healthcare,52,GNOM,Global X Genomics & Biotechnology ETF,https://finance.yahoo.com/research-hub/screener/sec-ind_sec-top-etfs_healthcare/,2026-07-18T07:04:17+00:00,en-US,US,ETF,ETF,Nasdaq Real Time Price,False,LOW,,,-8.60979,-15.99639,USD,True,1554903000000,2,0.13680029,1784319300.0,54.9,0.07500076,-0.039100647,1784318400,54.9209,55.17,53.92 - 55.17,53.92,25290,54.96,3,3,us_market,finmb_605753422,NasdaqGM,Global X Genomics & Biotechnology ETF,54.43,23320,37830,[],20.880898,0.61342233,34.04 - 59.48,-4.559101,-0.076649316,59.006954,,,,24.56662,29.66318,29.66318,76762632.0,CLOSED,,,,50.93132,3.9895782,0.07833251,46.684616,8.236282,0.1764239,,15,0,America/New_York,EDT,-14400000,False,False,False,0.5,NGM,59.48,34.04,1.15,,Global X Genomics & Biotechnolo,55.4,54.48,-0.07114383,GNOM,,,,,,
Healthcare,healthcare,53,IBBQ,Invesco Nasdaq Biotechnology ETF,https://finance.yahoo.com/research-hub/screener/sec-ind_sec-top-etfs_healthcare/,2026-07-18T07:04:17+00:00,en-US,US,ETF,ETF,Nasdaq Real Time Price,False,LOW,0.79,23.299161,,,USD,True,1623418200000,2,-0.030346842,1784329190.0,32.6101,-0.009899139,0.0299988,1784318401,32.62,32.885,32.28 - 32.885,32.28,14169,32.59,1,3,us_market,finmb_713970250,NasdaqGM,Invesco Nasdaq Biotechnology ETF,32.43,23438,31150,[],10.747,0.49133635,21.873 - 34.22,-1.6000023,-0.04675635,48.807083,0.0,23.284883,0.0,15.28823,12.56156,12.56156,72762624.0,CLOSED,1.4009088,,,30.59852,2.0214787,0.06606459,28.895414,3.7245846,0.12889881,,15,0,America/New_York,EDT,-14400000,False,False,False,0.19,NGM,34.22,21.873,0.79,,Invesco Nasdaq Biotechnology ET,32.64,32.61,0.092049,IBBQ,,2021-06-11,,,,
Healthcare,healthcare,54,KURE,KraneShares MSCI All China Health Care Index ETF,https://finance.yahoo.com/research-hub/screener/sec-ind_sec-top-etfs_healthcare/,2026-07-18T07:04:17+00:00,en-US,US,ETF,ETF,Delayed Quote,False,LOW,4.57,22.421525,-17.30863,-15.85689,USD,True,1517495400000,2,0.0,1784322300.0,16.8567,0.0,-0.963299,1784318014,16.8567,17.02,16.65 - 17.02,16.65,54508,17.82,4400,1100,us_market,finmb_546573856,NYSEArca,KraneShares MSCI All China Health Care Index ETF,16.9,48870,155590,[],2.4767008,0.17223231,14.38 - 21.875,-5.018299,-0.22940797,-10.76231,0.0,24.001585,0.0,-8.79953,-7.56054,-7.56054,71227168.0,CLOSED,0.70231616,,,16.03804,0.81866074,0.051044937,17.7471,-0.89039993,-0.050171573,,15,0,America/New_York,EDT,-14400000,False,False,False,0.65,PCX,21.875,14.38,4.57,,KraneShares MSCI All China Heal,16.94,16.89,-5.40572,KURE,,,,,,
Healthcare,healthcare,55,HTEC,Robo Global Healthcare Technology and Innovation ETF,https://finance.yahoo.com/research-hub/screener/sec-ind_sec-top-etfs_healthcare/,2026-07-18T07:04:17+00:00,en-US,US,ETF,ETF,Delayed Quote,False,LOW,0.93,27.314941,,,USD,True,1561469400000,2,0.0,1784322300.0,38.135,0.0,-0.251801,1784318394,38.135,38.31,37.9 - 38.31,37.9,15005,38.3868,1400,500,us_market,finmb_612287202,NYSEArca,Robo Global Healthcare Technology and Innovation ETF,37.97,17311,43630,[],10.542999,0.3821035,27.592 - 39.155,-1.0200005,-0.026050325,37.52254,0.0,27.933903,0.0,5.38787,13.90244,13.90244,59778232.0,CLOSED,1.3651869,,,35.5757,2.5592995,0.07193954,34.72533,3.409668,0.098189645,,15,0,America/New_York,EDT,-14400000,False,False,False,0.68,PCX,39.155,27.592,0.93,,Robo Global Healthcare Technolo,47.41,37.88,-0.655956,HTEC,,,,,,
Healthcare,healthcare,56,OZEM,Roundhill Glp-1 & Weight Loss ETF,https://finance.yahoo.com/research-hub/screener/sec-ind_sec-top-etfs_healthcare/,2026-07-18T07:04:17+00:00,en-US,US,ETF,ETF,Nasdaq Real Time Price,False,LOW,1.27,13.902405,,,USD,True,1716298200000,2,-0.0975338,1784319005.0,32.3684,-0.031600952,-0.3015976,1784318400,32.3684,32.4999,31.79 - 32.4999,31.79,14462,32.67,1,1,us_market,finmb_1876551011,NasdaqGM,Roundhill Glp-1 & Weight Loss ETF,32.14,23990,24930,[],9.148401,0.393988,23.22 - 37.15,-4.781601,-0.12871066,25.33592,0.0,13.896352,0.0,-5.03471,4.50182,4.50182,54078828.0,CLOSED,2.3292732,,,31.54622,0.8221798,0.026062703,32.12654,0.24185944,0.007528337,,15,0,America/New_York,EDT,-14400000,False,False,False,0.59,NGM,37.15,23.22,1.27,,Roundhill GLP-1 & Weight Loss E,41.58,23.28,-0.92316383,OZEM,,2024-05-21,,,,
Healthcare,healthcare,57,HRTS,Tema Heart & Health ETF,https://finance.yahoo.com/research-hub/screener/sec-ind_sec-top-etfs_healthcare/,2026-07-18T07:04:17+00:00,en-US,US,ETF,ETF,Nasdaq Real Time Price,False,LOW,1.3,24.084778,,,USD,True,1700577000000,2,0.102172285,1784319005.0,36.4472,0.037200928,-0.012798309,1784318400,36.4472,36.7,36.41 - 36.7,36.41,1292,36.46,1,2,us_market,finmb_1859892661,NasdaqGM,Tema Heart & Health ETF,36.7,5169,2090,[],9.2122,0.33824858,27.235 - 37.575,-1.1278,-0.030014636,28.87907,0.0,24.20505,0.0,2.64901,7.97403,7.97403,54036488.0,CLOSED,1.5057685,,,34.80982,1.6373825,0.04703795,34.468327,1.9788742,0.05741138,,15,0,America/New_York,EDT,-14400000,False,False,False,0.75,NGM,37.575,27.235,1.3,,Tema Heart & Health ETF,46.97,26.38,-0.03510233,HRTS,,2023-11-21,,,,
Healthcare,healthcare,58,BBC,Virtus LifeSci Biotech Clinical Trials ETF,https://finance.yahoo.com/research-hub/screener/sec-ind_sec-top-etfs_healthcare/,2026-07-18T07:04:17+00:00,en-US,US,ETF,ETF,Delayed Quote,False,LOW,,,-1.63898,-22.34784,USD,True,1418826600000,2,0.0,1784322300.0,50.97,0.0,1.059,1784318400,50.97,51.41,49.125 - 51.41,49.125,77548,49.911,500,400,us_market,finmb_274653436,NYSEArca,Virtus LifeSci Biotech Clinical Trials ETF,49.1,28961,45900,[],30.1,1.4422616,20.87 - 54.95,-3.9799995,-0.07242947,135.91762,0.0,,0.0,36.18484,26.28685,26.28685,52678624.0,CLOSED,,,,46.35002,4.61998,0.099675894,40.460957,10.509045,0.25973296,,15,0,America/New_York,EDT,-14400000,False,False,False,0.65,PCX,54.95,20.87,1.24,,Virtus Biotech Clinical Trials ,63.07,48.77,2.12178,BBC,1514332800.0,,,,,
Healthcare,healthcare,59,NVOX,Defiance Daily Target 2X Long NVO ETF,https://finance.yahoo.com/research-hub/screener/sec-ind_sec-top-etfs_healthcare/,2026-07-18T07:04:17+00:00,en-US,US,ETF,ETF,Delayed Quote,False,LOW,,,,,USD,True,1733236200000,2,-0.63000405,1784332201.0,17.35,-0.1099987,-0.880001,1784318400,17.46,18.16,17.445 - 18.16,17.445,255219,18.34,800,200,us_market,finmb_1878723759,NYSEArca,Defiance Daily Target 2X Long NVO ETF,17.99,563870,254770,[],8.23,0.89165765,9.23 - 54.08,-36.620003,-0.677145,-60.173355,0.0,85.561905,0.0,-26.50877,57.48594,57.48594,51743852.0,CLOSED,0.20406277,,,15.1072,2.3527994,0.15574028,18.40555,-0.9455509,-0.051373143,,15,0,America/New_York,EDT,-14400000,False,False,False,1.3,PCX,54.08,9.23,0.0,,Defiance Daily Target 2X Long N,17.48,17.47,-4.79826,NVOX,,,,,,
Healthcare,healthcare,60,FMED,Fidelity Disruptive Medicine ETF,https://finance.yahoo.com/research-hub/screener/sec-ind_sec-top-etfs_healthcare/,2026-07-18T07:04:17+00:00,en-US,US,ETF,ETF,Nasdaq Real Time Price,False,LOW,0.0,40.502228,,,USD,True,1686576600000,2,-0.063778825,1784319005.0,28.8316,-0.018400192,0.15159988,1784318400,28.8316,28.89,28.23 - 28.89,28.23,3724,28.68,1,1,us_market,finmb_647865790,NasdaqGM,Fidelity Disruptive Medicine ETF,28.23,18861,10940,[],6.0296,0.26443294,22.802 - 30.33,-1.4983997,-0.049403224,22.293854,0.0,40.862427,0.0,5.47597,16.29596,16.29596,46404236.0,CLOSED,0.70557725,,,26.34046,2.4911404,0.094574675,26.2842,2.5473995,0.09691752,,15,0,America/New_York,EDT,-14400000,False,False,False,0.5,NGM,30.33,22.802,0.0,,Fidelity Disruptive Medicine ET,37.0,20.82,0.5285909,FMED,,2023-06-12,,,,
Healthcare,healthcare,61,MEDI,Harbor Health Care ETF,https://finance.yahoo.com/research-hub/screener/sec-ind_sec-top-etfs_healthcare/,2026-07-18T07:04:17+00:00,en-US,US,ETF,ETF,Delayed Quote,False,LOW,0.22,32.071841,,,USD,True,1668695400000,2,0.0,1784322300.0,33.49,0.0,-0.0544968,1784318385,33.49,33.49,33.41 - 33.49,33.41,2149,33.5445,3200,3400,us_market,finmb_1797262633,NYSEArca,Harbor Health Care ETF,33.48,9812,3430,[],7.7700024,0.30209965,25.72 - 34.97,-1.4799995,-0.042321976,25.205624,0.0,31.74013,0.0,7.62041,15.28641,15.28641,43132372.0,CLOSED,1.0551312,,,31.7431,1.7469025,0.05503251,30.94487,2.5451317,0.08224729,,15,0,America/New_York,EDT,-14400000,False,False,False,0.8,PCX,34.97,25.72,0.22,,Harbor Health Care ETF,50.23,16.75,-0.162461,MEDI,,,,,,
Healthcare,healthcare,62,PSIL,AdvisorShares Psychedelics ETF,https://finance.yahoo.com/research-hub/screener/sec-ind_sec-top-etfs_healthcare/,2026-07-18T07:04:17+00:00,en-US,US,ETF,ETF,Delayed Quote,False,LOW,,,,,USD,True,1631799000000,2,-0.62163126,1784331954.0,23.98,-0.14999962,-0.140001,1784318400,24.13,24.7299,23.915 - 24.7299,23.915,71518,24.27,100,300,us_market,finmb_1674017254,NYSEArca,AdvisorShares Psychedelics ETF,24.19,52472,59810,[],8.7699995,0.5709635,15.36 - 25.42,-1.2900009,-0.05074748,46.95493,0.0,,0.0,37.20903,38.67041,38.67041,41467772.0,CLOSED,,,,21.39756,2.732439,0.12769863,18.950874,5.179125,0.27329212,,15,0,America/New_York,EDT,-14400000,False,False,False,1.0,PCX,25.42,15.36,7.19,,AdvisorShares Psychedelics ETF,24.24,24.1,-0.576849,PSIL,,,,,,
Healthcare,healthcare,63,FCBD,Frontier Asset Core Bond ETF,https://finance.yahoo.com/research-hub/screener/sec-ind_sec-top-etfs_healthcare/,2026-07-18T07:04:17+00:00,en-US,US,ETF,ETF,Delayed Quote,False,LOW,,,,,USD,True,1734705000000,2,0.0,1784322300.0,25.2335,0.0,0.0284996,1784315486,25.2335,25.25,25.2335 - 25.25,25.2335,494,25.205,700,1000,us_market,finmb_1900657967,NYSEArca,Frontier Asset Core Bond ETF,25.235,4427,3980,[],0.12349892,0.004918316,25.11 - 26.39,-1.1564999,-0.043823414,-0.5478263,0.0,32.224594,0.0,0.70752,0.682,0.682,39923540.0,CLOSED,0.78305095,,,25.3528,-0.11930084,-0.004705628,25.557945,-0.32444572,-0.012694515,,15,0,America/New_York,EDT,-14400000,False,False,False,0.84,PCX,26.39,25.11,4.15,,Frontier Asset Core Bond ETF,37.83,22.3,0.113071,FCBD,,,,,,
Healthcare,healthcare,64,FTXH,First Trust Nasdaq Pharmaceuticals ETF,https://finance.yahoo.com/research-hub/screener/sec-ind_sec-top-etfs_healthcare/,2026-07-18T07:04:17+00:00,en-US,US,ETF,ETF,Nasdaq Real Time Price,False,LOW,1.11,26.089225,-1.41102,6.10797,USD,True,1474551000000,2,-0.02353655,1784319005.0,38.6459,-0.009098053,0.055999756,1784318400,38.6459,39.03,38.6459 - 39.03,38.6459,3562,38.5899,1,2,us_market,finmb_374263734,NasdaqGM,First Trust Nasdaq Pharmaceuticals ETF,39.03,16690,56060,[],12.880901,0.49993795,25.765 - 39.57,-0.92409897,-0.023353525,48.592747,0.0,26.428352,0.0,16.3363,11.43495,11.43495,36243672.0,CLOSED,1.4622895,,,36.05274,2.5931625,0.07192692,33.64132,5.0045815,0.14876294,,15,0,America/New_York,EDT,-14400000,False,False,False,0.6,NGM,39.57,25.765,1.11,,First Trust Nasdaq Pharmaceutic,38.7,38.58,0.14511505,FTXH,1490918400.0,,,,,
Healthcare,healthcare,65,YOLO,AdvisorShares Pure Cannabis ETF,https://finance.yahoo.com/research-hub/screener/sec-ind_sec-top-etfs_healthcare/,2026-07-18T07:04:17+00:00,en-US,US,ETF,ETF,Delayed Quote,False,LOW,,,,,USD,True,1555594200000,4,0.37453148,1784331091.0,2.68,0.00999999,0.0700002,1784318400,2.67,2.68,2.5379 - 2.68,2.5379,20666,2.6,100,100,us_market,finmb_607810843,NYSEArca,AdvisorShares Pure Cannabis ETF,2.6,46219,26930,[],0.6500001,0.32178223,2.02 - 4.526,-1.856,-0.4100751,30.243896,0.0,,0.0,-11.16624,9.07558,9.07558,34258024.0,CLOSED,,,,2.89664,-0.22663999,-0.07824237,3.039955,-0.36995482,-0.12169747,,15,0,America/New_York,EDT,-14400000,False,False,False,0.51,PCX,4.526,2.02,0.0,,AdvisorShares Pure Cannabis ETF,2.75,2.46,2.69231,YOLO,,,,,,
Healthcare,healthcare,66,FOPC,Frontier Asset Opportunistic Credit ETF,https://finance.yahoo.com/research-hub/screener/sec-ind_sec-top-etfs_healthcare/,2026-07-18T07:04:17+00:00,en-US,US,ETF,ETF,Delayed Quote,False,LOW,,,,,USD,True,1734705000000,2,0.0,1784322300.0,25.2947,0.0,0.019701,1784315486,25.2947,25.2947,25.29 - 25.2947,25.29,670,25.275,100,700,us_market,finmb_1900657966,NYSEArca,Frontier Asset Opportunistic Credit ETF,25.291,2311,2890,[],0.10470009,0.004156415,25.19 - 26.2,-0.90530014,-0.03455344,-0.47216415,0.0,32.164364,0.0,0.75431,0.80969,0.80969,33199124.0,CLOSED,0.78642005,,,25.45874,-0.16403961,-0.0064433515,25.65346,-0.35875893,-0.013984816,,15,0,America/New_York,EDT,-14400000,False,False,False,0.87,PCX,26.2,25.19,4.21,,Frontier Asset Opportunistic Cr,37.95,22.25,0.0779466,FOPC,,,,,,
Healthcare,healthcare,67,HYBX,TCW High Yield Bond ETF,https://finance.yahoo.com/research-hub/screener/sec-ind_sec-top-etfs_healthcare/,2026-07-18T07:04:17+00:00,en-US,US,ETF,ETF,Delayed Quote,False,LOW,,,,,USD,True,1732026600000,2,0.0,1784322300.0,29.665,0.0,0.0,1784315434,29.665,29.7169,29.62 - 29.7169,29.62,1809,29.665,300,500,us_market,finmb_33210848,NYSE,TCW High Yield Bond ETF,29.7169,3732,1230,[],0.34500122,0.011766754,29.32 - 30.937,-1.2719994,-0.041115794,-3.0713916,0.0,,0.0,2.22093,2.39322,2.39322,32071764.0,CLOSED,,,,29.75214,-0.08713913,-0.0029288358,30.01289,-0.34788895,-0.011591318,,15,0,America/New_York,EDT,-14400000,False,False,False,0.5,NYQ,30.937,29.32,7.66,,TCW High Yield Bond ETF,32.73,26.73,0.0,HYBX,,,,,,
Healthcare,healthcare,68,HEAL,Global X HealthTech ETF,https://finance.yahoo.com/research-hub/screener/sec-ind_sec-top-etfs_healthcare/,2026-07-18T07:04:17+00:00,en-US,US,ETF,ETF,Nasdaq Real Time Price,False,LOW,0.26,28.169014,,,USD,True,1596115800000,2,0.0,1784319005.0,27.44,0.0,-0.74,1784318401,27.44,27.8273,27.345 - 27.8273,27.345,7138,28.18,2,2,us_market,finmb_674482665,NasdaqGM,Global X HealthTech ETF,27.8273,8061,6890,[],4.4400005,0.1930435,23.0 - 33.59,-6.1499996,-0.1830902,-11.266333,,28.015867,,-5.36202,16.72283,16.72283,29364110.0,CLOSED,0.979445,,,26.20886,1.2311401,0.046974197,28.00279,-0.5627899,-0.020097638,,15,0,America/New_York,EDT,-14400000,False,False,False,0.5,NGM,33.59,23.0,0.26,,Global X HealthTech ETF,35.09,19.81,-2.62598,HEAL,,,,,,
Healthcare,healthcare,69,HELX,Franklin Genomic Advancements ETF,https://finance.yahoo.com/research-hub/screener/sec-ind_sec-top-etfs_healthcare/,2026-07-18T07:04:17+00:00,en-US,US,ETF,ETF,Delayed Quote,False,LOW,0.43,28.184893,,,USD,True,1582813800000,2,0.0,1784322300.0,39.537,0.0,0.292297,1784301428,39.537,39.537,39.2013 - 39.537,39.2013,1993,39.2447,600,600,us_market,finmb_641524305,Cboe US,Franklin Genomic Advancements ETF,39.2013,1580,3170,[],12.546,0.4648216,26.991 - 41.3,-1.7630005,-0.042687666,45.715546,0.0,33.363655,0.0,9.9852,20.9539,20.9539,27936548.0,CLOSED,1.185032,,,36.47766,3.0593376,0.0838688,35.25368,4.2833176,0.121499866,,15,0,America/New_York,EDT,-14400000,False,False,False,0.5,BTS,41.3,26.991,0.36,,Franklin Genomic Advancements E,59.14,39.4,0.744807,HELX,,,,,,
Healthcare,healthcare,70,ELIL,Direxion Daily LLY Bull 2X Shares,https://finance.yahoo.com/research-hub/screener/sec-ind_sec-top-etfs_healthcare/,2026-07-18T07:04:17+00:00,en-US,US,ETF,ETF,Nasdaq Real Time Price,False,LOW,16.07,33.222591,,,USD,True,1743082200000,2,-0.97249836,1784327706.0,29.53,-0.289999,0.395,1784318401,29.82,30.22,28.2913 - 30.22,28.2913,151039,29.425,2,2,us_market,finmb_1901305177,NasdaqGM,Direxion Daily LLY Bull 2X Shares,28.34,121712,99870,[],18.324,1.5939456,11.496 - 34.28,-4.459999,-0.13010499,62.84404,0.0,50.703598,0.0,10.67247,61.15532,61.15532,23314900.0,CLOSED,0.5881239,,,27.05768,2.7623196,0.10209004,24.63854,5.1814594,0.21029896,,15,0,America/New_York,EDT,-14400000,False,False,False,1.07,NGM,34.28,11.496,10.18,,Direxion Daily LLY Bull 2X ETF,29.9,29.73,1.3424,ELIL,,2025-03-26,,,,
Healthcare,healthcare,71,TMED,T. Rowe Price Health Care ETF,https://finance.yahoo.com/research-hub/screener/sec-ind_sec-top-etfs_healthcare/,2026-07-18T07:04:17+00:00,en-US,US,ETF,ETF,Nasdaq Real Time Price,False,LOW,0.47,30.845157,,,USD,True,1749735000000,2,0.20816237,1784319005.0,34.3714,0.07139969,-0.1889,1784318400,34.3714,34.63,34.27 - 34.63,34.27,21044,34.5603,1,1,us_market,finmb_1931382524,NasdaqGM,T. Rowe Price Health Care ETF,34.63,2624,5970,[],10.9114,0.46510658,23.46 - 35.68,-1.3086014,-0.036676046,40.582443,0.0,31.042679,0.0,14.95957,17.8991,17.8991,23028730.0,CLOSED,1.1072304,,,32.23042,2.1409798,0.0664273,30.112265,4.2591343,0.14144185,,15,0,America/New_York,EDT,-14400000,False,False,False,0.44,NGM,35.68,23.46,0.47,,T. Rowe Price Health Care ETF,44.36,24.88,-0.5465809,TMED,,2025-06-12,,,,
Healthcare,healthcare,72,PILL,Direxion Daily Pharmaceutical & Medical Bull 3X Shares ETF,https://finance.yahoo.com/research-hub/screener/sec-ind_sec-top-etfs_healthcare/,2026-07-18T07:04:17+00:00,en-US,US,ETF,ETF,Delayed Quote,False,LOW,1.64,14.378145219266715,-12.66429,-37.17096,USD,True,1510756200000,2,-0.15399784,1784332106.0,19.45,-0.02999878,1.04,1784318400,19.48,19.795,18.3658 - 19.795,18.3658,104826,18.44,100,200,us_market,finmb_429657323,NYSEArca,Direxion Daily Pharmaceutical & Medical Bull 3X Shares ETF,18.43,73896,105250,[],14.28,2.7461538,5.2 - 21.03,-1.5500011,-0.07370429,239.9651,0.0,54.33293,0.0,47.16691,75.88516,75.88516,19809376.0,CLOSED,0.35853025,,,14.6556,4.8244,0.32918474,11.9287,7.551299,0.6330362,,15,0,America/New_York,EDT,-14400000,False,False,False,0.98,PCX,21.03,5.2,0.38,,Direxion Daily Pharmaceutical &,20.37,18.53,5.63991,PILL,,,,,,
Healthcare,healthcare,73,MEDX,Horizon Kinetics Medical ETF,https://finance.yahoo.com/research-hub/screener/sec-ind_sec-top-etfs_healthcare/,2026-07-18T07:04:17+00:00,en-US,US,ETF,ETF,Nasdaq Real Time Price,False,LOW,1.11,29.788502,,,USD,True,1675175400000,2,0.3943695,1784319005.0,35.3589,0.13889694,0.038898468,1784318400,35.3589,35.3589,35.22 - 35.3589,35.22,792,35.32,5,5,us_market,finmb_34618475,NasdaqGM,Horizon Kinetics Medical ETF,35.22,1835,4930,[],8.278898,0.30572003,27.08 - 37.79,-2.4311028,-0.064331904,28.27499,0.0,28.689173,0.0,10.37369,10.13018,10.13018,19076936.0,CLOSED,1.2324823,,,34.53946,0.81943893,0.023724718,33.42058,1.9383163,0.057997685,,15,0,America/New_York,EDT,-14400000,False,False,False,0.85,NGM,37.79,27.08,1.11,,Horizon Kinetics Medical ETF,35.47,35.24,0.11013156,MEDX,,2023-01-30,,,,
Healthcare,healthcare,74,XLVI,State Street Health Care Select Sector SPDR Premium Income ETF,https://finance.yahoo.com/research-hub/screener/sec-ind_sec-top-etfs_healthcare/,2026-07-18T07:04:17+00:00,en-US,US,EQUITY,Equity,Nasdaq Real Time Price,False,LOW,,,,,USD,True,1753882200000,2,-1.0394658,1784324430.0,26.0,-0.2730999,-0.106899,1784318114,26.2731,26.5496,26.26 - 26.5496,26.26,20768,26.38,100,100,us_market,finmb_1945105166,NYSEArca,State Street Health Care Select Sector SPDR Premium Income ETF,26.3,15862,17110,[],2.3540993,0.09841964,23.919 - 27.12,-0.84690094,-0.031227909,5.7391286,0.0,28.469212,0.0,,,,,CLOSED,0.9228601,,,25.50422,0.76888084,0.030147202,25.85696,0.4161396,0.01609391,,15,0,America/New_York,EDT,-14400000,False,False,False,,PCX,27.12,23.919,,,State Street Health Care Select,26.32,26.27,-0.405228,XLVI,,,,,The Select Sector SPDR Trust - The Health Care Select Sector SPDR Premium Income Fund,2026-07-17
Healthcare,healthcare,75,BMED,iShares Health Innovation Active ETF,https://finance.yahoo.com/research-hub/screener/sec-ind_sec-top-etfs_healthcare/,2026-07-18T07:04:17+00:00,en-US,US,ETF,ETF,Delayed Quote,False,LOW,0.26,29.265438,,,USD,True,1601645400000,2,0.0,1784322300.0,30.6468,0.0,-0.1506,1784314903,30.6468,30.6468,30.64 - 30.6468,30.64,302,30.7974,1000,1400,us_market,finmb_672850732,NYSEArca,iShares Health Innovation Active ETF,30.64,2704,3140,[],6.146799,0.25088975,24.5 - 32.185,-1.5382023,-0.04779252,24.031734,0.0,29.291052,0.0,1.44959,6.38479,6.38479,11030106.0,CLOSED,1.0462854,,,29.0369,1.6098995,0.05544323,29.431385,1.215414,0.04129653,,15,0,America/New_York,EDT,-14400000,False,False,False,0.55,PCX,32.185,24.5,0.26,,iShares Health Innovation Activ,39.28,30.62,-0.489004,BMED,,,,,,
Healthcare,healthcare,76,WEED,Roundhill Cannabis ETF,https://finance.yahoo.com/research-hub/screener/sec-ind_sec-top-etfs_healthcare/,2026-07-18T07:04:17+00:00,en-US,US,ETF,ETF,Delayed Quote,False,LOW,,,,,USD,True,1650461400000,2,-0.7238654,1784327253.0,19.42,-0.14159966,0.3188,1784307328,19.5616,19.5616,19.52 - 19.5616,19.52,10640,19.2428,300,300,us_market,finmb_1677880975,Cboe US,Roundhill Cannabis ETF,19.09,26600,13100,[],8.961599,0.8454339,10.6 - 31.047,-11.485401,-0.36993593,80.81154,0.0,,0.0,10.80326,45.25802,45.25802,9182823.0,CLOSED,,,,21.08278,-1.5211811,-0.07215277,19.080324,0.48127556,0.025223657,,15,0,America/New_York,EDT,-14400000,False,False,False,0.41,BTS,31.047,10.6,0.0,,Roundhill Cannabis ETF,21.0,16.0,1.65672,WEED,,,,,,
Healthcare,healthcare,77,JDOC,Jpmorgan Healthcare Leaders ETF,https://finance.yahoo.com/research-hub/screener/sec-ind_sec-top-etfs_healthcare/,2026-07-18T07:04:17+00:00,en-US,US,ETF,ETF,Nasdaq Real Time Price,False,LOW,0.85,28.449502,,,USD,True,1698931800000,2,0.9880015,1784319005.0,60.613,0.5929985,0.5929985,1784318400,60.613,60.613,60.613 - 60.613,60.613,43,60.02,1,2,us_market,finmb_1837659648,NasdaqGM,Jpmorgan Healthcare Leaders ETF,60.613,606,310,[],12.2630005,0.2536298,48.35 - 62.03,-1.4169998,-0.022843782,21.979832,0.0,28.630268,0.0,4.09441,8.51983,8.51983,9032362.0,CLOSED,2.117095,,,57.74658,2.8664207,0.049637932,57.05956,3.55344,0.062275983,,15,0,America/New_York,EDT,-14400000,False,False,False,0.65,NGM,62.03,48.35,0.85,,JPMorgan Healthcare Leaders ETF,78.08,43.87,0.98800147,JDOC,,2023-11-02,,,,
Healthcare,healthcare,78,IBRN,iShares Neuroscience and Healthcare ETF,https://finance.yahoo.com/research-hub/screener/sec-ind_sec-top-etfs_healthcare/,2026-07-18T07:04:17+00:00,en-US,US,ETF,ETF,Delayed Quote,False,LOW,0.4,17.979144192736424,,,USD,True,1661779800000,2,0.0,1784322300.0,37.8706,0.0,0.498001,1784310904,37.8706,37.879,37.615 - 37.879,37.615,3617,37.3726,100,100,us_market,finmb_1775702912,NYSEArca,iShares Neuroscience and Healthcare ETF,37.615,2474,4390,[],15.205601,0.6708846,22.665 - 40.42,-2.5493965,-0.06307265,66.729774,0.0,27.256676,0.0,20.4077,18.21824,18.21824,5835693.0,CLOSED,1.3894064,,,36.2705,1.6001015,0.04411578,32.726185,5.144417,0.15719573,,15,0,America/New_York,EDT,-14400000,False,False,False,0.47,PCX,40.42,22.665,0.82,,iShares Neuroscience and Health,56.71,18.91,1.33253,IBRN,,,,,,
Healthcare,healthcare,79,UNHU,Direxion Daily Unh Bull 2X ETF,https://finance.yahoo.com/research-hub/screener/sec-ind_sec-top-etfs_healthcare/,2026-07-18T07:04:17+00:00,en-US,US,EQUITY,Equity,Delayed Quote,False,LOW,,,,,USD,True,1774445400000,2,-0.012917702,1784327267.0,58.05,-0.007499695,0.922501,1784317813,58.0575,60.045,57.92 - 60.045,57.92,5079,57.135,700,600,us_market,finmb_1982510595,NYSEArca,Direxion Daily Unh Bull 2X ETF,59.55,6183,7960,[],35.9075,1.6211061,22.15 - 67.11,-9.052502,-0.1348905,135.15594,0.0,52.137913,0.0,,,,,CLOSED,1.1135371,,,52.4214,5.636101,0.10751527,45.74544,12.3120575,0.26914284,,15,0,America/New_York,EDT,-14400000,False,False,False,,PCX,67.11,22.15,,,Direxion Daily UNH Bull 2X ETF,59.52,58.36,1.6146,UNHU,,,,,,
Healthcare,healthcare,80,THNR,Amplify Weight Loss Drug & Treatment ETF,https://finance.yahoo.com/research-hub/screener/sec-ind_sec-top-etfs_healthcare/,2026-07-18T07:04:17+00:00,en-US,US,ETF,ETF,Delayed Quote,False,LOW,1.61,17.972682,,,USD,True,1716298200000,2,0.0,1784322300.0,25.7208,0.0,-0.107199,1784316312,25.7208,25.812,25.67 - 25.812,25.67,2324,25.828,100,300,us_market,finmb_1875824170,NYSEArca,Amplify Weight Loss Drug & Treatment ETF,25.67,1961,2300,[],4.0207996,0.18529029,21.7 - 27.28,-1.5592003,-0.057155434,13.059341,0.0,18.006565,0.0,1.93042,5.1161,5.1161,4364303.0,CLOSED,1.4284123,,,24.93098,0.7898197,0.031680252,24.950686,0.7701149,0.030865481,,15,0,America/New_York,EDT,-14400000,False,False,False,0.59,PCX,27.28,21.7,1.61,,Amplify Weight Loss Drug & Trea,25.76,25.67,-0.415048,THNR,,,,,,
Healthcare,healthcare,81,NVOH,Novo Nordisk A/S (B Shares) ADRhedged,https://finance.yahoo.com/research-hub/screener/sec-ind_sec-top-etfs_healthcare/,2026-07-18T07:04:17+00:00,en-US,US,ETF,ETF,Delayed Quote,False,LOW,4.01,11.50748,,,USD,True,1736260200000,2,0.0,1784322300.0,27.3523,0.0,-0.547298,1784308819,27.3523,27.643,27.3523 - 27.643,27.3523,2090,27.8996,1400,100,us_market,finmb_1889428653,NYSEArca,Novo Nordisk A/S (B Shares) ADRhedged,27.73,2264,1600,[],8.352301,0.43959478,19.0 - 38.51,-11.157698,-0.28973508,-20.973099,0.0,12.079242,0.0,-14.13197,-25.39133,-25.39133,4169899.0,CLOSED,2.2644055,,,25.28444,2.0678616,0.08178396,25.877165,1.4751358,0.05700531,,15,0,America/New_York,EDT,-14400000,False,False,False,0.19,PCX,38.51,19.0,4.01,,Novo Nordisk A/S B Shares,27.35,27.3,-1.96167,NVOH,,,,,,
Healthcare,healthcare,82,REMC,Columbia Research Enhanced Mid Cap ETF,https://finance.yahoo.com/research-hub/screener/sec-ind_sec-top-etfs_healthcare/,2026-07-18T07:04:17+00:00,en-US,US,EQUITY,Equity,Delayed Quote,False,LOW,,,,,USD,True,1765549800000,2,,,,,-0.1087,1784313691,22.6096,22.6096,22.6096 - 22.6096,22.6096,510,22.7183,1100,1100,us_market,finmb_1960673872,NYSEArca,Columbia Research Enhanced Mid Cap ETF,22.56,296,440,[],2.9666004,0.15102583,19.643 - 22.718,-0.108400345,-0.004771562,10.985672,0.0,18.627352,0.0,,,,,CLOSED,1.2137849,,,21.9862,0.62339973,0.028354136,21.04706,1.56254,0.0742403,,15,0,America/New_York,EDT,-14400000,False,False,False,,PCX,22.718,19.643,,,Columbia Research Enhanced Mid ,33.9,11.3,-0.478468,REMC,,,,,,
Healthcare,healthcare,83,TBXU,Direxion Daily Biotech Top 5 Bull 2X ETF,https://finance.yahoo.com/research-hub/screener/sec-ind_sec-top-etfs_healthcare/,2026-07-18T07:04:17+00:00,en-US,US,ETF,ETF,Delayed Quote,False,LOW,,,,,USD,True,1759411800000,2,,,,,-0.3918,1784124668,32.7048,32.7048,32.7048 - 32.7048,32.7048,60,33.0966,3600,400,us_market,finmb_1962765725,NYSEArca,Direxion Daily Biotech Top 5 Bull 2X ETF,31.32,1606,3380,[],6.9948006,0.27206537,25.71 - 38.89,-6.1851997,-0.15904345,22.24797,0.0,23.11839,0.0,4.31209,2.76754,2.76754,3212232.0,CLOSED,1.414666,,,30.39756,2.3072395,0.07590213,31.127535,1.5772648,0.05067105,,15,0,America/New_York,EDT,-14400000,False,False,False,0.98,PCX,38.89,25.71,,,Direxion Daily Biotech Top 5 Bu,32.63,32.59,-1.18381,TBXU,,,,,,
Healthcare,healthcare,84,EKG,First Trust Nasdaq Lux Digital Health Solutions ETF,https://finance.yahoo.com/research-hub/screener/sec-ind_sec-top-etfs_healthcare/,2026-07-18T07:04:17+00:00,en-US,US,ETF,ETF,Delayed Quote,False,LOW,0.0,27.019724,,,USD,True,1648042200000,2,,,,,-0.5904999,1784318400,19.2796,19.2796,19.2796 - 19.2796,19.2796,243,19.8701,1,1,us_market,finmb_1763782161,NasdaqGM,First Trust Nasdaq Lux Digital Health Solutions ETF,19.2796,993,1720,[],3.5646,0.22682787,15.715 - 20.3,-1.0203991,-0.050265968,13.418436,0.0,27.370237,0.0,-1.21053,15.57882,15.57882,2815656.0,CLOSED,0.7044002,,,17.7686,1.5109997,0.085037634,18.01492,1.2646809,0.07020186,,15,0,America/New_York,EDT,-14400000,False,False,False,0.65,NGM,20.3,15.715,0.0,,First Trust Nasdaq Lux Digital ,24.76,13.91,-2.9718013,EKG,,,,,,
Healthcare,healthcare,85,WDNA,WisdomTree BioRevolution Fund,https://finance.yahoo.com/research-hub/screener/sec-ind_sec-top-etfs_healthcare/,2026-07-18T07:04:17+00:00,en-US,US,ETF,ETF,Delayed Quote,False,LOW,0.61,21.186440677966104,,,USD,True,1622727000000,2,,,,,0.187801,1784134110,20.0174,20.0174,20.0174 - 20.0174,20.0174,35,19.8296,100,300,us_market,finmb_712066275,Cboe US,WisdomTree BioRevolution Fund,20.12,1150,1360,[],6.706401,0.503824,13.311 - 21.7,-1.6826,-0.07753917,42.368423,0.0,24.335653,0.0,21.76432,18.26117,18.26117,2677257.0,CLOSED,0.82255447,,,18.8389,1.1785011,0.062556796,17.81825,2.19915,0.123421215,,15,0,America/New_York,EDT,-14400000,False,False,False,0.45,BTS,21.7,13.311,3.74,,WisdomTree BioRevolution Fund,29.97,19.94,0.947076,WDNA,,,,,,
Healthcare,healthcare,86,LGHT,Langar Global Healthtech ETF,https://finance.yahoo.com/research-hub/screener/sec-ind_sec-top-etfs_healthcare/,2026-07-18T07:04:17+00:00,en-US,US,ETF,ETF,Delayed Quote,False,LOW,0.0,25.96054,,,USD,True,1704897000000,2,0.0,1784322300.0,8.506,0.0,-0.2361,1784308575,8.506,8.53,8.506 - 8.53,8.506,289,8.7421,5700,600,us_market,finmb_1857344788,NYSEArca,Langar Global Healthtech ETF,8.53,3374,990,[],0.56799936,0.07155447,7.938 - 10.665,-2.1590004,-0.20243792,-17.111677,0.0,25.86415,0.0,-14.57962,-1.80524,-1.80524,2473889.0,CLOSED,0.3288722,,,8.35042,0.15557957,0.018631347,9.352385,-0.846385,-0.09049938,,15,0,America/New_York,EDT,-14400000,False,False,False,0.85,PCX,10.665,7.938,0.0,,Langar Global HealthTech ETF,8.51,4.26,-2.70073,LGHT,,,,,,
Healthcare,healthcare,87,MDEV,First Trust Indxx Global Medical Devices ETF,https://finance.yahoo.com/research-hub/screener/sec-ind_sec-top-etfs_healthcare/,2026-07-18T07:04:17+00:00,en-US,US,ETF,ETF,Delayed Quote,False,LOW,0.0,29.385836,,,USD,True,1624541400000,2,0.0,1784322300.0,19.6789,0.0,-0.2927,1784317507,19.6789,19.7,19.66 - 19.7,19.66,295,19.9716,900,1000,us_market,finmb_716357142,Cboe US,First Trust Indxx Global Medical Devices ETF,19.7,2204,1210,[],1.8258991,0.102274075,17.853 - 21.82,-2.1411,-0.09812557,-1.7278373,0.0,30.150202,0.0,-8.8403,0.62959,0.62959,1918488.0,CLOSED,0.6526955,,,18.92598,0.75292015,0.03978236,20.005236,-0.3263359,-0.016312525,,15,0,America/New_York,EDT,-14400000,False,False,False,0.7,BTS,21.82,17.853,0.0,,First Trust Indxx Medical Devic,19.67,19.65,-1.46558,MDEV,,,,,,
Healthcare,healthcare,88,GNMX,Corgi Genomics & Precision Medicine ETF,https://finance.yahoo.com/research-hub/screener/sec-ind_sec-top-etfs_healthcare/,2026-07-18T07:04:17+00:00,en-US,US,ETF,ETF,Delayed Quote,False,LOW,,,,,USD,True,1778074200000,2,,,,,-0.0573997,1783701285,30.2696,30.2696,30.2696 - 30.2696,30.2696,80,30.327,2600,1300,us_market,finmb_1992790800,Cboe US,Corgi Genomics & Precision Medicine ETF,30.98,1528,520,[],6.3896008,0.26757124,23.88 - 32.31,-2.0404015,-0.06315077,17.736292,0.0,,0.0,,,,1708987.0,CLOSED,,,,27.7322,2.5373993,0.0914965,27.7322,2.5373993,0.0914965,,15,0,America/New_York,EDT,-14400000,False,False,False,0.35,BTS,32.31,23.88,,,Corgi Genomics & Precision Medi,45.37,15.13,-0.189269,GNMX,,,,,,
Healthcare,healthcare,89,ASD,Defiance Autism Impact ETF,https://finance.yahoo.com/research-hub/screener/sec-ind_sec-top-etfs_healthcare/,2026-07-18T07:04:17+00:00,en-US,US,ETF,ETF,Nasdaq Real Time Price,False,LOW,,,,,USD,True,1780407000000,2,-0.0601,1784319004.0,27.2736,-0.01640129,0.3335991,1784318400,27.2736,27.29,27.18 - 27.29,27.18,1083,26.94,1,1,us_market,finmb_1996251455,NasdaqGM,Defiance Autism Impact ETF,27.18,868,1350,[],2.6835995,0.10913377,24.59 - 28.0,-0.7264004,-0.025942871,10.763609,0.0,21.677502,0.0,,,,1351024.0,CLOSED,1.2581524,,,26.075312,1.198288,0.045954887,26.075312,1.198288,0.045954887,,15,0,America/New_York,EDT,-14400000,False,False,False,0.79,NGM,28.0,24.59,,,Defiance Autism Impact ETF,34.96,19.64,1.2383039,ASD,,2026-06-01,,,,
Healthcare,healthcare,90,TRUH,Vaneck Healthcare TruSector ETF,https://finance.yahoo.com/research-hub/screener/sec-ind_sec-top-etfs_healthcare/,2026-07-18T07:04:17+00:00,en-US,US,ETF,ETF,Nasdaq Real Time Price,False,LOW,,,,,USD,True,1775136600000,2,-1.4923724,1784319005.0,28.0993,-0.42569923,-0.020700455,1784318400,28.0993,28.525,28.0993 - 28.525,28.0993,300,28.12,1,1,us_market,finmb_1989624019,NasdaqGM,Vaneck Healthcare TruSector ETF,28.525,803,1550,[],3.3192997,0.13395076,24.78 - 28.76,-0.66069984,-0.022972872,9.8085165,,28.825466,,,,,833117.0,CLOSED,0.97480816,,,26.6752,1.4241009,0.0533867,26.316301,1.782999,0.067752644,,15,0,America/New_York,EDT,-14400000,False,False,False,0.1,NGM,28.76,24.78,,,VanEck Healthcare TruSector ETF,36.28,20.4,-0.0736147,TRUH,,2026-04-02,,,Vaneck Etf Trust - Vaneck Healthcare Trisector Etf,2026-07-16
Healthcare,healthcare,91,GSKH,GSK plc ADRhedged,https://finance.yahoo.com/research-hub/screener/sec-ind_sec-top-etfs_healthcare/,2026-07-18T07:04:17+00:00,en-US,US,ETF,ETF,Nasdaq Real Time Price,False,LOW,1.59,13.96648,,,USD,True,1736260200000,2,-0.022107422,1784318681.0,71.9041,-0.015899658,-1.1605,1784318215,71.9041,71.92,71.15 - 71.92,71.15,1620,73.0646,1400,400,us_market,finmb_1889418526,NYSEArca,GSK plc ADRhedged,72.0,569,500,[],21.404099,0.42384353,50.5 - 85.03,-13.1259,-0.15436788,41.22361,0.0,13.597111,0.0,6.3256,3.06831,3.06831,737441.0,CLOSED,5.2881894,,,72.25474,-0.35063934,-0.0048528216,71.93665,-0.032554626,-0.00045254573,,15,0,America/New_York,EDT,-14400000,False,False,False,0.19,PCX,85.03,50.5,1.59,,GSK plc,107.2,35.74,-1.58832,GSKH,,,,,,
