sector,yahoo_sector_key,rank,ticker,etf_name,source_url,retrieved_at_utc,screen_language,screen_region,screen_quote_type,screen_type_disp,screen_quote_source_name,screen_triggerable,screen_custom_price_alert_confidence,screen_yield_ttm,screen_pe_ttm,screen_annual_return_nav_y3,screen_annual_return_nav_y5,screen_regular_market_change,screen_pre_market_change,screen_regular_market_time,screen_regular_market_price,screen_regular_market_day_high,screen_long_name,screen_regular_market_day_range,screen_regular_market_day_low,screen_regular_market_volume,screen_two_hundred_day_average_change_percent,screen_regular_market_previous_close,screen_message_board_id,screen_full_exchange_name,screen_price_hint,screen_regular_market_change_percent,screen_currency,screen_net_assets,screen_market_state,screen_eps_trailing_twelve_months,screen_trailing_annual_dividend_rate,screen_trailing_annual_dividend_yield,screen_ytd_return,screen_trailing_three_month_returns,screen_trailing_three_month_nav_returns,screen_fifty_two_week_high_change_percent,screen_fifty_two_week_change_percent,screen_has_pre_post_market_data,screen_shares_outstanding,screen_bid,screen_ask,screen_exchange_timezone_short_name,screen_gmt_off_set_milliseconds,screen_exchange,screen_fifty_two_week_high,screen_fifty_two_week_low,screen_dividend_yield,screen_financial_currency,screen_short_name,screen_first_trade_date_milliseconds,screen_esg_populated,screen_tradeable,screen_crypto_tradeable,screen_pre_market_change_percent,screen_corporate_actions,screen_fifty_two_week_low_change,screen_ask_size,screen_market,screen_trailing_pe,screen_bid_size,screen_pre_market_time,screen_pre_market_price,screen_net_expense_ratio,screen_book_value,screen_fifty_day_average,screen_fifty_day_average_change,screen_fifty_day_average_change_percent,screen_two_hundred_day_average,screen_two_hundred_day_average_change,screen_price_to_book,screen_source_interval,screen_exchange_data_delayed_by,screen_exchange_timezone_name,screen_regular_market_open,screen_average_daily_volume3_month,screen_average_daily_volume10_day,screen_fifty_two_week_low_change_percent,screen_fifty_two_week_range,screen_fifty_two_week_high_change,screen_symbol,screen_dividend_date,screen_eps_forward,screen_earnings_timestamp_start,screen_earnings_timestamp_end,screen_forward_pe,screen_ipo_expected_date,screen_display_name,screen_prev_name,screen_name_change_date,screen_earnings_call_timestamp_start,screen_earnings_call_timestamp_end,screen_is_earnings_date_estimate
Industrials,industrials,1,XLI,State Street Industrial Select Sector SPDR ETF,https://finance.yahoo.com/research-hub/screener/sec-ind_sec-top-etfs_industrials/,2026-07-20T08:47:27+00:00,en-US,US,ETF,ETF,Nasdaq Real Time Price,False,LOW,1.11,31.806616,18.0251,20.95729,-0.73999,2.1327057,1784318400,179.41,181.46,State Street Industrial Select Sector SPDR ETF,177.6 - 181.46,177.6,6636124,0.080999374,180.15,finmb_8795505,NYSEArca,2,-0.410763,USD,33963890700.0,PRE,5.8263206,1.24,0.006883153,20.12333,14.84846,14.84846,-0.03775808,19.0827,True,136626000.0,0.0,0.0,EDT,-14400000,PCX,186.45,147.14,1.11,USD,State Street Industrial Select ,914337000000,False,False,False,1.188468,[],32.270004,300,us_market,30.793018,300,1784536792.0,181.5827,0.08,98.382,177.077,2.3330078,0.013175104,165.9668,13.443207,1.8236059,15,0,America/New_York,178.26,7982058,6615780,0.21931496,147.14 - 186.45,-7.0399933,XLI,,,,,,,,,,,,
Industrials,industrials,2,FBND,Fidelity Total Bond ETF,https://finance.yahoo.com/research-hub/screener/sec-ind_sec-top-etfs_industrials/,2026-07-20T08:47:27+00:00,en-US,US,ETF,ETF,Nasdaq Real Time Price,False,LOW,3.89,7.1301247771836,6.84211,-0.34811,0.0300026,-0.008296967,1784318400,45.29,45.385,Fidelity Total Bond ETF,45.2 - 45.385,45.2,2689942,-0.015524649,45.26,finmb_270037181,NYSEArca,2,0.0662894,USD,26618243100.0,PRE,5.0484543,0.0,0.0,0.98856,0.91019,0.91019,-0.033504046,-0.6362438,True,,42.28,48.28,EDT,-14400000,PCX,46.86,44.817,4.69,,Fidelity Total Bond ETF,1412861400000,False,False,False,-0.018317621,[],0.47299957,12400,us_market,8.971063,10600,1784535931.0,45.2867,0.36,,45.4508,-0.16080093,-0.003537912,46.0042,-0.71419907,,15,0,America/New_York,45.32,2641466,2717070,0.010554021,44.817 - 46.86,-1.5699997,FBND,,,,,,,,,,,,
Industrials,industrials,3,PAVE,Global X U.S. Infrastructure Development ETF,https://finance.yahoo.com/research-hub/screener/sec-ind_sec-top-etfs_industrials/,2026-07-20T08:47:27+00:00,en-US,US,ETF,ETF,Delayed Quote,False,LOW,0.73,31.826862,30.88295,36.26288,-0.48,0.0,1784318400,56.3,57.03,Global X U.S. Infrastructure Development ETF,55.85 - 57.03,55.85,1186113,0.07696525,56.78,finmb_415556335,Cboe US,2,-0.845367,USD,14567146500.0,PRE,1.8500096,,,23.47318,16.08569,16.08569,-0.06834356,24.72309,True,,0.0,0.0,EDT,-14400000,BTS,60.43,44.28,0.73,,Global X U.S. Infrastructure De,1488983400000,False,False,False,0.0,[],12.02,600,us_market,30.432274,800,1784534529.0,56.3,0.47,,56.9354,-0.63539886,-0.0111599965,52.276524,4.0234756,,15,0,America/New_York,56.37,1892201,2506060,0.2714544,44.28 - 60.43,-4.130001,PAVE,,,,,,,,,,,,
Industrials,industrials,4,ITA,iShares U.S. Aerospace & Defense ETF,https://finance.yahoo.com/research-hub/screener/sec-ind_sec-top-etfs_industrials/,2026-07-20T08:47:27+00:00,en-US,US,ETF,ETF,Delayed Quote,False,LOW,0.44,38.387716,14.27192,9.35039,-0.160004,0.0,1784318400,230.73,235.075,iShares U.S. Aerospace & Defense ETF,229.37 - 235.075,229.37,724896,0.0284143,230.89,finmb_32993612,Cboe US,2,-0.0692987,USD,14444112900.0,PRE,6.3185406,,,13.17627,11.02569,11.02569,-0.08254805,18.535828,True,,0.0,0.0,EDT,-14400000,BTS,251.49,190.16,0.44,,iShares U.S. Aerospace & Defens,1146835800000,False,False,False,0.0,[],40.569992,500,us_market,36.516342,700,1784535825.0,230.73,0.38,,232.4556,-1.7256012,-0.0074233585,224.3551,6.374893,,15,0,America/New_York,229.94,844933,624720,0.21334662,190.16 - 251.49,-20.76001,ITA,,,,,,,,,,,,
Industrials,industrials,5,GRID,First Trust NASDAQ Clean Edge Smart Grid Infrastructure Index Fund,https://finance.yahoo.com/research-hub/screener/sec-ind_sec-top-etfs_industrials/,2026-07-20T08:47:27+00:00,en-US,US,ETF,ETF,Nasdaq Real Time Price,False,LOW,0.75,32.446463,21.36002,28.35459,0.17999268,0.009994507,1784318401,177.85,179.0999,First Trust NASDAQ Clean Edge Smart Grid Infrastructure Index Fund,174.38 - 179.0999,174.38,486058,0.047721315,177.67001,finmb_79682012,NasdaqGM,2,0.10130729,USD,12076603400.0,PRE,5.8893943,,,25.4212,17.56267,17.56267,-0.11070553,24.483799,True,,163.28,191.77,EDT,-14400000,NGM,199.99,139.18,0.75,,First Trust NASDAQ Clean Edge S,1258468200000,False,False,False,0.005619627,[],38.670013,1,us_market,30.198353,1,1784534463.0,177.86,0.56,,189.979,-12.128998,-0.06384388,169.74934,8.100662,,15,0,America/New_York,175.57,758630,541090,0.27784175,139.18 - 199.99,-22.14,GRID,1483056000.0,,,,,,,,,,,
Industrials,industrials,6,AIRR,First Trust RBA American Industrial RenaissanceTM ETF,https://finance.yahoo.com/research-hub/screener/sec-ind_sec-top-etfs_industrials/,2026-07-20T08:47:27+00:00,en-US,US,ETF,ETF,Nasdaq Real Time Price,False,LOW,0.08,32.133676,31.64293,33.16576,-1.1399994,,1784318401,121.12,122.13,First Trust RBA American Industrial RenaissanceTM ETF,118.91 - 122.13,118.91,783250,0.07285058,122.26,finmb_256655888,NasdaqGM,2,-0.93243855,USD,11489859600.0,PRE,4.145807,,,35.64833,20.19127,20.19127,-0.103146985,44.345127,True,,120.87,121.47,EDT,-14400000,NGM,135.05,82.386,0.08,,First Trust RBA American Indust,1394544600000,False,False,False,,[],38.734,1,us_market,29.215061,1,,,0.69,,127.7826,-6.6625977,-0.0521401,112.8955,8.224503,,15,0,America/New_York,120.25,751874,712080,0.4701527,82.386 - 135.05,-13.93,AIRR,1490918400.0,,,,,,,,,,,
Industrials,industrials,7,VIS,Vanguard Industrials Index Fund ETF Shares,https://finance.yahoo.com/research-hub/screener/sec-ind_sec-top-etfs_industrials/,2026-07-20T08:47:27+00:00,en-US,US,ETF,ETF,Nasdaq Real Time Price,False,LOW,0.86,31.298905,22.37282,20.70322,-1.60001,-3.3099976,1784318400,345.3,349.0,Vanguard Industrials Index Fund ETF Shares,342.17 - 349.0,342.17,46975,0.07365689,346.9,finmb_22939114,NYSEArca,2,-0.46123,USD,9029749800.0,PRE,11.522768,2.202,0.0063476507,21.42001,15.69104,15.69104,-0.046685636,20.44369,True,24431600.0,327.72,367.31,EDT,-14400000,PCX,362.21,282.03,0.86,USD,Vanguard Industrials ETF,1096464600000,False,False,False,-0.95878035,[],63.26999,560,us_market,29.966757,480,1784534462.0,341.92,0.09,187.867,344.9354,0.3645935,0.0010569907,321.6111,23.688873,1.8380023,15,0,America/New_York,343.0,85480,69210,0.2243378,282.03 - 362.21,-16.910004,VIS,,,,,,,,,,,,
Industrials,industrials,8,PPA,Invesco Aerospace & Defense ETF,https://finance.yahoo.com/research-hub/screener/sec-ind_sec-top-etfs_industrials/,2026-07-20T08:47:27+00:00,en-US,US,ETF,ETF,Delayed Quote,False,LOW,0.36,34.638033,18.38341,7.17891,-0.290009,1.4900055,1784318400,168.51,171.24,Invesco Aerospace & Defense ETF,167.34 - 171.24,167.34,164697,0.008822597,168.8,finmb_25304304,NYSEArca,2,-0.171806,USD,8324131800.0,PRE,5.099885,0.44,0.002606635,12.98123,6.76636,6.76636,-0.095491186,15.758741,True,15150000.0,0.0,0.0,EDT,-14400000,PCX,186.3,142.07,0.36,USD,Invesco Aerospace & Defense ETF,1130333400000,False,False,False,0.8842238,[],26.439987,300,us_market,33.04192,900,1784535736.0,170.0,0.58,75.015,172.36,-3.850006,-0.022337005,167.0363,1.4736938,2.2463508,15,0,America/New_York,167.89,236298,158030,0.18610534,142.07 - 186.3,-17.790009,PPA,,,,,,,,,,,,
Industrials,industrials,9,SHLD,Global X Defense Tech ETF,https://finance.yahoo.com/research-hub/screener/sec-ind_sec-top-etfs_industrials/,2026-07-20T08:47:27+00:00,en-US,US,ETF,ETF,Delayed Quote,False,LOW,0.71,28.296548,,,0.170002,0.19999695,1784318400,60.06,60.8,Global X Defense Tech ETF,59.96 - 60.8,59.96,952975,-0.12285244,59.89,finmb_1838113289,NYSEArca,2,0.283857,USD,6854938100.0,PRE,2.1119184,,,-7.59869,-14.52813,-14.52813,-0.23483618,-2.3414612,True,,0.0,0.0,EDT,-14400000,PCX,78.493,57.89,0.71,,Global X Defense Tech ETF,1694698200000,False,False,False,0.33299524,[],2.170002,100,us_market,28.438599,700,1784534551.0,60.26,0.5,,63.0922,-3.0321999,-0.04805982,68.47195,-8.411945,,15,0,America/New_York,60.11,1848317,988280,0.03748492,57.89 - 78.493,-18.432995,SHLD,,-9.78,1527760807.0,1527760807.0,-6.1411047,,,,,,,
Industrials,industrials,10,XAR,State Street SPDR S&P Aerospace & Defense ETF,https://finance.yahoo.com/research-hub/screener/sec-ind_sec-top-etfs_industrials/,2026-07-20T08:47:27+00:00,en-US,US,ETF,ETF,Delayed Quote,False,LOW,0.28,39.093041,23.65133,2.38029,-0.48999,0.009979248,1784318400,258.57,262.78,State Street SPDR S&P Aerospace & Defense ETF,255.23 - 262.78,255.23,199277,-0.009105359,259.06,finmb_141049103,NYSEArca,2,-0.189142,USD,6468274700.0,PRE,7.2649164,0.0,0.0,17.94178,11.80981,11.80981,-0.12464879,18.090057,True,,258.58,0.0,EDT,-14400000,PCX,295.39,208.77,0.28,,State Street SPDR S&P Aerospace,1317303000000,False,False,False,0.003859399,[],49.800003,160,us_market,35.591602,80,1784534535.0,258.58,0.35,,273.9958,-15.425781,-0.056299336,260.946,-2.376007,,15,0,America/New_York,256.18,224304,200830,0.23854002,208.77 - 295.39,-36.820007,XAR,,,,,,,,,,,,
Industrials,industrials,11,IDEF,iShares Defense Industrials Act,https://finance.yahoo.com/research-hub/screener/sec-ind_sec-top-etfs_industrials/,2026-07-20T08:47:27+00:00,en-US,US,ETF,ETF,Nasdaq Real Time Price,False,LOW,0.34,31.766201,,,-0.020000458,,1784318401,31.09,31.41,,30.835 - 31.41,30.835,548372,-0.05371604,31.11,finmb_1935637303,NasdaqGM,2,-0.06428948,USD,4074098180.0,PRE,1.0004344,0.0,0.0,3.20738,-2.40865,-2.40865,-0.15699568,7.663536,True,,30.83,31.1,EDT,-14400000,NGM,36.88,28.01,0.34,,iShares Defense Industrials Act,1747834200000,False,False,False,,[],3.08,3,us_market,31.0765,2,,,0.55,,32.39538,-1.305378,-0.04029519,32.85483,-1.7648315,,15,0,America/New_York,30.99,898570,653290,0.10996073,28.01 - 36.88,-5.790001,IDEF,,,,,,,,,,,,
Industrials,industrials,12,GSY,Invesco Ultra Short Duration ETF,https://finance.yahoo.com/research-hub/screener/sec-ind_sec-top-etfs_industrials/,2026-07-20T08:47:27+00:00,en-US,US,ETF,ETF,Nasdaq Real Time Price,False,LOW,5.29,32.89473684210526,5.98607,0.04504,0.0,,1784318400,50.24,50.25,Invesco Ultra Short Duration ETF,50.23 - 50.25,50.23,424478,0.00021302757,50.24,finmb_41075875,NYSEArca,2,0.0,USD,3634663680.0,PRE,,0.0,0.0,1.85077,1.06189,1.06189,-0.0029767358,0.31949282,True,,0.0,0.0,EDT,-14400000,PCX,50.39,50.05,4.3,,Invesco Ultra Short Duration ET,1202826600000,False,False,False,,[],0.19000244,10300,us_market,,12200,,,0.22,,50.1734,0.0666008,0.0013274126,50.2293,0.010700226,,15,0,America/New_York,50.25,649037,556310,0.0037962527,50.05 - 50.39,-0.14999771,GSY,,,,,,,,,,,,
Industrials,industrials,13,PFFA,Virtus InfraCap U.S. Preferred Stock ETF,https://finance.yahoo.com/research-hub/screener/sec-ind_sec-top-etfs_industrials/,2026-07-20T08:47:27+00:00,en-US,US,ETF,ETF,Nasdaq Real Time Price,False,LOW,9.57,58.858152,24.81526,24.06526,-0.0600014,,1784318400,20.88,20.93,Virtus InfraCap U.S. Preferred Stock ETF,20.78 - 20.93,20.78,1229984,-0.025423955,20.94,finmb_544631656,NYSEArca,2,-0.286539,USD,2390625540.0,PRE,0.3651151,0.0,0.0,0.35757,3.87931,3.87931,-0.072000034,-1.6022623,True,,0.0,0.0,EDT,-14400000,PCX,22.5,20.23,8.5,,Virtus InfraCap U.S. Preferred ,1526477400000,False,False,False,,[],0.6499996,10600,us_market,57.187443,4900,,,2.11,,21.207,-0.32700157,-0.01541951,21.4247,-0.5447006,,15,0,America/New_York,20.9,973741,891390,0.03213048,20.23 - 22.5,-1.6200008,PFFA,1532908800.0,,,,,,,,,,,
Industrials,industrials,14,FIDU,Fidelity MSCI Industrials Index ETF,https://finance.yahoo.com/research-hub/screener/sec-ind_sec-top-etfs_industrials/,2026-07-20T08:47:27+00:00,en-US,US,ETF,ETF,Delayed Quote,False,LOW,0.9,31.685678,22.55211,21.13433,-0.400002,,1784318400,95.47,96.315,Fidelity MSCI Industrials Index ETF,94.46 - 96.315,94.46,46433,0.07270869,95.87,finmb_243638579,NYSEArca,2,-0.417233,USD,2364943870.0,PRE,3.1426368,0.0,0.0,21.4152,15.31084,15.31084,-0.04529999,20.558155,True,,90.43,101.36,EDT,-14400000,PCX,100.0,78.16,0.9,,Fidelity MSCI Industrials Index,1382621400000,False,False,False,,[],17.309998,500,us_market,30.378948,100,,,0.084,,95.4118,0.05820465,0.0006100362,88.999,6.4710007,,15,0,America/New_York,95.09,106850,84610,0.22146875,78.16 - 100.0,-4.529999,FIDU,,,,,,,,,,,,
Industrials,industrials,15,IYT,iShares Transportation Average ETF,https://finance.yahoo.com/research-hub/screener/sec-ind_sec-top-etfs_industrials/,2026-07-20T08:47:27+00:00,en-US,US,ETF,ETF,Nasdaq Real Time Price,False,LOW,0.9,21.0615,24.52928,26.34938,-0.800003,,1784318400,89.21,89.9952,iShares Transportation Average ETF,88.85 - 89.9952,88.85,600316,0.14423804,90.01,finmb_8781443,Cboe US,2,-0.888794,USD,2252120830.0,PRE,4.120643,1.884,0.020931007,17.1161,16.56652,16.56652,-0.009438136,26.971245,True,2800000.0,0.0,91.78,EDT,-14400000,BTS,90.06,66.28,0.9,USD,iShares U.S. Transportation ETF,1073053800000,False,False,False,,[],22.93,200,us_market,21.649532,900,,,0.38,269.724,84.5384,4.6716003,0.0552601,77.96455,11.245453,0.3307455,15,0,America/New_York,89.58,743996,634130,0.34595656,66.28 - 90.06,-0.8499985,IYT,,,,,,,,,,,,
Industrials,industrials,16,PHO,Invesco Water Resources ETF,https://finance.yahoo.com/research-hub/screener/sec-ind_sec-top-etfs_industrials/,2026-07-20T08:47:27+00:00,en-US,US,ETF,ETF,Nasdaq Real Time Price,False,LOW,0.58,25.54931,18.91888,31.25654,-0.9000015,-0.126297,1784318400,69.03,70.33,Invesco Water Resources ETF,68.935 - 70.33,68.935,66033,-0.016696136,69.93,finmb_25875309,NasdaqGM,2,-1.2870034,USD,1988272130.0,PRE,2.7037914,,,-1.45593,3.52418,3.52418,-0.07874018,-1.8065453,True,,67.29,71.17,EDT,-14400000,NGM,74.93,63.54,0.58,,Invesco Water Resources ETF,1133879400000,False,False,False,-0.18295959,[],5.489998,1,us_market,25.530815,1,1784534403.0,68.9037,0.59,,67.198,1.8320007,0.027262729,70.2021,-1.1721039,,15,0,America/New_York,69.59,133367,70610,0.08640223,63.54 - 74.93,-5.9000015,PHO,1514505600.0,0.09,,,766.99994,,,,,,,
Industrials,industrials,17,IYJ,iShares U.S. Industrials ETF,https://finance.yahoo.com/research-hub/screener/sec-ind_sec-top-etfs_industrials/,2026-07-20T08:47:27+00:00,en-US,US,ETF,ETF,Delayed Quote,False,LOW,0.7,30.30303,19.87006,16.92784,-0.960007,,1784318388,162.84,163.97,iShares U.S. Industrials ETF,162.714 - 163.97,162.714,30952,0.06207748,163.8,finmb_8796449,Cboe US,2,-0.586085,USD,1874796540.0,PRE,5.4994035,0.925,0.005647131,12.83802,13.09546,13.09546,-0.029905898,12.910831,True,5850000.0,0.0,0.0,EDT,-14400000,BTS,167.86,138.9,0.7,USD,iShares U.S. Industrials ETF,963581400000,False,False,False,,[],23.940002,700,us_market,29.610483,800,,,0.38,111.259,159.964,2.8759918,0.017978994,153.32214,9.517853,1.4636118,15,0,America/New_York,162.94,78930,39570,0.17235424,138.9 - 167.86,-5.0200043,IYJ,,,,,,,,,,,,
Industrials,industrials,18,FIW,First Trust Water ETF,https://finance.yahoo.com/research-hub/screener/sec-ind_sec-top-etfs_industrials/,2026-07-20T08:47:27+00:00,en-US,US,ETF,ETF,Delayed Quote,False,LOW,0.71,24.987506,20.39505,31.89349,-1.38,3.6561966,1784318400,108.32,110.58,First Trust Water ETF,108.1 - 110.58,108.1,40229,-0.007873717,109.7,finmb_34335512,NYSEArca,2,-1.25797,USD,1856126850.0,PRE,4.3825903,,,1.16254,6.35931,6.35931,-0.068615675,0.0831604,True,,102.33,0.0,EDT,-14400000,PCX,116.3,98.52,0.71,,First Trust Water ETF,1178890200000,False,False,False,3.3753662,[],9.800003,300,us_market,24.715977,300,1784534405.0,111.9762,0.5,,105.4116,2.9084015,0.027590906,109.17965,-0.85964966,,15,0,America/New_York,109.57,57504,52790,0.099472225,98.52 - 116.3,-7.9800034,FIW,,,,,,,,,,,,
Industrials,industrials,19,HYDB,iShares High Yield Systematic Bond ETF,https://finance.yahoo.com/research-hub/screener/sec-ind_sec-top-etfs_industrials/,2026-07-20T08:47:27+00:00,en-US,US,ETF,ETF,Delayed Quote,False,LOW,,,14.78308,5.2711,-0.0600014,,1784318401,46.51,46.58,iShares High Yield Systematic Bond ETF,46.49 - 46.58,46.49,457505,-0.012366723,46.57,finmb_428736116,Cboe US,2,-0.128841,USD,1632710270.0,PRE,,,,1.62707,2.45218,2.45218,-0.030839827,-1.71175,True,,0.0,0.0,EDT,-14400000,BTS,47.99,45.964,6.99,,iShares High Yield Systematic B,1500039000000,False,False,False,,[],0.5459976,900,us_market,,900,,,0.35,,46.6778,-0.1678009,-0.003594876,47.092377,-0.5823784,,15,0,America/New_York,46.54,201032,184970,0.01187881,45.964 - 47.99,-1.4800034,HYDB,,,,,,,,,,,,
Industrials,industrials,20,PWRD,TCW Transform Systems ETF,https://finance.yahoo.com/research-hub/screener/sec-ind_sec-top-etfs_industrials/,2026-07-20T08:47:27+00:00,en-US,US,ETF,ETF,Nasdaq Real Time Price,False,LOW,0.05,37.979491,,,-0.33999634,,1784318401,109.85,110.9765,TCW Transform Systems ETF,106.83 - 110.9765,106.83,125826,0.051837455,110.189995,finmb_713673640,NasdaqGM,2,-0.30855465,USD,1583251070.0,PRE,3.2315502,0.0,0.0,27.96723,26.17384,26.17384,-0.10857749,20.647991,True,,100.87,118.62,EDT,-14400000,NGM,123.23,88.802,0.05,,TCW Transform Systems ETF,1643898600000,False,False,False,,[],21.047997,1,us_market,33.992973,1,,,0.75,,114.09098,-4.240982,-0.03717193,104.43629,5.4137115,,15,0,America/New_York,107.54,111319,89990,0.23702164,88.802 - 123.23,-13.380005,PWRD,,,,,,2025-06-27,,,,,,
Industrials,industrials,21,EXI,iShares Global Industrials ETF,https://finance.yahoo.com/research-hub/screener/sec-ind_sec-top-etfs_industrials/,2026-07-20T08:47:27+00:00,en-US,US,ETF,ETF,Delayed Quote,False,LOW,1.06,27.716186,21.67382,17.51284,-0.669998,,1784318400,194.98,195.97,iShares Global Industrials ETF,194.585 - 195.97,194.585,18858,0.048678122,195.65,finmb_29103200,NYSEArca,2,-0.342447,USD,1435181440.0,PRE,7.2421465,,,15.56647,11.47607,11.47607,-0.040452763,16.733515,True,,0.0,304.26,EDT,-14400000,PCX,203.2,164.62,1.06,,iShares Global Industrials ETF,1159363800000,False,False,False,,[],30.36,100,us_market,26.922956,300,,,0.39,,195.9942,-1.0142059,-0.005174673,185.9293,9.05069,,15,0,America/New_York,193.71,63243,32350,0.18442474,164.62 - 203.2,-8.220001,EXI,,,,,,,,,,,,
Industrials,industrials,22,EUAD,Select STOXX Europe Aerospace & Defense ETF,https://finance.yahoo.com/research-hub/screener/sec-ind_sec-top-etfs_industrials/,2026-07-20T08:47:27+00:00,en-US,US,ETF,ETF,Nasdaq Real Time Price,False,LOW,0.4,26.034887,,,0.360001,,1784318400,41.63,41.88,Select STOXX Europe Aerospace & Defense ETF,41.21 - 41.88,41.21,77566,-0.035453897,41.27,finmb_1892901693,Cboe US,2,0.872306,USD,1149650560.0,PRE,1.6222659,0.0,0.0,0.24547,3.28025,3.28025,-0.14039108,-3.8790107,True,,39.18,42.0,EDT,-14400000,BTS,48.429,37.62,0.4,,Select STOXX Europe Aerospace &,1729603800000,False,False,False,,[],4.010002,100,us_market,25.661638,1600,,,0.5,,41.2424,0.38759995,0.009398093,43.1602,-1.5301971,,15,0,America/New_York,41.18,390061,158390,0.1065923,37.62 - 48.429,-6.799,EUAD,,,,,,,,,,,,
Industrials,industrials,23,RSPN,Invesco S&P 500 Equal Weight Industrials ETF,https://finance.yahoo.com/research-hub/screener/sec-ind_sec-top-etfs_industrials/,2026-07-20T08:47:27+00:00,en-US,US,ETF,ETF,Delayed Quote,False,LOW,0.81,27.862914,22.13942,26.07755,-0.639999,,1784318400,62.84,63.81,Invesco S&P 500 Equal Weight Industrials ETF,62.775 - 63.81,62.775,182356,0.05950441,63.48,finmb_30119204,NYSEArca,2,-1.00819,USD,1086999420.0,PRE,2.2967806,,,13.50871,11.48252,11.48252,-0.025736433,14.73434,True,,0.0,0.0,EDT,-14400000,PCX,64.5,53.47,0.81,,Invesco S&P 500 Equal Weight In,1162909800000,False,False,False,,[],9.369999,600,us_market,27.360037,600,,,0.4,,61.7574,1.0825996,0.017529877,59.31075,3.529251,,15,0,America/New_York,62.99,162159,65150,0.17523843,53.47 - 64.5,-1.6599998,RSPN,,,,,,,,,,,,
Industrials,industrials,24,FTXR,First Trust Nasdaq Transportation ETF,https://finance.yahoo.com/research-hub/screener/sec-ind_sec-top-etfs_industrials/,2026-07-20T08:47:27+00:00,en-US,US,ETF,ETF,Nasdaq Real Time Price,False,LOW,0.96,23.663038,20.6545,24.22383,-0.5515976,,1784318400,45.1184,45.51,First Trust Nasdaq Transportation ETF,44.99 - 45.51,44.99,12768,0.12841296,45.67,finmb_374035393,NasdaqGM,2,-1.2077899,USD,1086919550.0,PRE,1.9257882,0.0,0.0,18.00389,19.81434,19.81434,-0.022776643,37.115944,True,,45.09,45.25,EDT,-14400000,NGM,46.17,31.39,0.96,,First Trust Nasdaq Transportati,1474551000000,False,False,False,,[],13.728401,3,us_market,23.428537,10,,,0.6,,43.98674,1.1316605,0.02572731,39.983944,5.1344566,,15,0,America/New_York,45.26,135654,49100,0.43734953,31.39 - 46.17,-1.0515976,FTXR,1490918400.0,,,,,,,,,,,
Industrials,industrials,25,JETS,U.S. Global Jets ETF,https://finance.yahoo.com/research-hub/screener/sec-ind_sec-top-etfs_industrials/,2026-07-20T08:47:27+00:00,en-US,US,ETF,ETF,Delayed Quote,False,LOW,0.7,16.818029,11.50847,-5.04491,-0.790001,-0.069999695,1784318400,30.46,30.96,U.S. Global Jets ETF,30.3299 - 30.96,30.3299,3111804,0.11244615,31.25,finmb_281809878,NYSEArca,2,-2.528,USD,959064190.0,PRE,1.9766346,0.0,0.0,18.36687,35.02642,35.02642,-0.10359036,21.742607,True,,0.0,0.0,EDT,-14400000,PCX,33.98,22.905,0.7,,U.S. Global Jets ETF,1430400600000,False,False,False,-0.2298086,[],7.5549984,400,us_market,15.41003,6600,1784534506.0,30.39,0.6,,29.5236,0.93639946,0.03171698,27.3811,3.0788994,,15,0,America/New_York,30.72,3592009,3116960,0.32984057,22.905 - 33.98,-3.5200005,JETS,,,,,,,,,,,,
Industrials,industrials,26,ARKX,ARK Space & Defense Innovation ETF,https://finance.yahoo.com/research-hub/screener/sec-ind_sec-top-etfs_industrials/,2026-07-20T08:47:27+00:00,en-US,US,ETF,ETF,Nasdaq Real Time Price,False,LOW,0.0,36.023055,,,-0.470001,-0.0099983215,1784318400,30.3,30.77,ARK Space & Defense Innovation ETF,29.905 - 30.77,29.905,978028,-0.041536603,30.77,finmb_701246380,Cboe US,2,-1.52747,USD,933603140.0,PRE,0.94758767,0.0,0.0,17.93056,16.58527,16.58527,-0.20031671,12.891209,True,,0.0,31.11,EDT,-14400000,BTS,37.89,24.771,0.0,,ARK Space & Defense Innovation ,1617111000000,False,False,False,-0.03299776,[],5.5289993,1000,us_market,31.975933,400,1784536772.0,30.29,0.75,,33.9571,-3.6571007,-0.10769767,31.6131,-1.3131008,,15,0,America/New_York,30.13,1317567,798110,0.22320452,24.771 - 37.89,-7.59,ARKX,,,,,,2021-03-30,,,,,,
Industrials,industrials,27,VOLT,Tema Electrification ETF,https://finance.yahoo.com/research-hub/screener/sec-ind_sec-top-etfs_industrials/,2026-07-20T08:47:27+00:00,en-US,US,ETF,ETF,Nasdaq Real Time Price,False,LOW,0.21,34.470872,,,0.0099983215,0.0,1784318400,37.71,38.09,Tema Electrification ETF,36.9501 - 38.09,36.9501,332731,0.0998766,37.7,finmb_1899385920,NasdaqGM,2,0.026520746,USD,809755840.0,PRE,1.2133781,0.0,0.0,44.64275,22.33389,22.33389,-0.105550304,42.463173,True,,37.62,37.82,EDT,-14400000,NGM,42.16,26.14,0.21,,Tema Electrification ETF,1733409000000,False,False,False,0.0,[],11.57,5,us_market,31.078524,5,1784535470.0,37.71,0.75,,39.6317,-1.9216995,-0.048488952,34.285664,3.4243355,,15,0,America/New_York,37.2065,404732,303480,0.44261667,26.14 - 42.16,-4.450001,VOLT,,,,,,2024-12-04,Volt Information Sciences,,,,,
Industrials,industrials,28,MISL,First Trust Indxx Aerospace & Defense ETF,https://finance.yahoo.com/research-hub/screener/sec-ind_sec-top-etfs_industrials/,2026-07-20T08:47:27+00:00,en-US,US,ETF,ETF,Delayed Quote,False,LOW,0.3,34.638033,,,-0.190002,,1784318400,42.53,43.19,First Trust Indxx Aerospace & Defense ETF,42.22 - 43.19,42.22,37070,-0.05903939,42.72,finmb_1793304002,NYSEArca,2,-0.444762,USD,801873410.0,PRE,1.3228233,0.0,0.0,7.1988,2.57443,2.57443,-0.16771036,8.939552,True,,41.69,0.0,EDT,-14400000,PCX,51.1,37.761,0.3,,First Trust Indxx Aerospace & D,1666791000000,False,False,False,,[],4.768997,700,us_market,32.15093,100,,,0.6,,45.606,-3.0760002,-0.067447275,45.19849,-2.6684914,,15,0,America/New_York,42.51,445509,75060,0.12629424,37.761 - 51.1,-8.57,MISL,,,,,,,,,,,,
Industrials,industrials,29,FXR,First Trust Industrials/Producer Durables AlphaDEX Fund,https://finance.yahoo.com/research-hub/screener/sec-ind_sec-top-etfs_industrials/,2026-07-20T08:47:27+00:00,en-US,US,ETF,ETF,Delayed Quote,False,LOW,0.64,21.800741,26.8154,25.26969,-0.730003,,1784318390,88.7,89.425,First Trust Industrials/Producer Durables AlphaDEX Fund,88.2901 - 89.425,88.2901,14787,0.056221437,89.43,finmb_34336549,NYSEArca,2,-0.816285,USD,733236540.0,PRE,4.1782985,,,14.32547,11.7721,11.7721,-0.043975014,16.373657,True,,83.84,0.0,EDT,-14400000,PCX,92.78,73.08,0.64,,First Trust Industrials AlphaDE,1178803800000,False,False,False,,[],15.619995,100,us_market,21.228737,200,,,0.6,,87.5622,1.1377945,0.012994128,83.9786,4.7213974,,15,0,America/New_York,88.62,32219,21080,0.21373829,73.08 - 92.78,-4.080002,FXR,,,,,,,,,,,,
Industrials,industrials,30,PRN,Invesco Dorsey Wright Industrials Momentum ETF,https://finance.yahoo.com/research-hub/screener/sec-ind_sec-top-etfs_industrials/,2026-07-20T08:47:27+00:00,en-US,US,ETF,ETF,Nasdaq Real Time Price,False,LOW,0.08,47.915668,37.15169,25.55719,0.22999573,,1784318401,220.99,223.2028,Invesco Dorsey Wright Industrials Momentum ETF,212.76 - 223.2028,212.76,43122,0.08374145,220.76001,finmb_29596967,NasdaqGM,2,0.1041836,USD,644142400.0,PRE,5.441001,0.0,0.0,49.36426,33.95829,33.95829,-0.15887034,38.516987,True,,220.48,221.51,EDT,-14400000,NGM,262.73,155.82,0.08,,Invesco Dorsey Wright Industria,1160659800000,False,False,False,,[],65.17,1,us_market,40.61569,1,,,0.6,,241.2382,-20.2482,-0.08393446,203.91396,17.07605,,15,0,America/New_York,215.68,38814,43450,0.41823897,155.82 - 262.73,-41.740005,PRN,1506643200.0,,,,,,,,,,,
Industrials,industrials,31,EMHY,iShares J.P. Morgan EM High Yield Bond ETF,https://finance.yahoo.com/research-hub/screener/sec-ind_sec-top-etfs_industrials/,2026-07-20T08:47:27+00:00,en-US,US,ETF,ETF,Nasdaq Real Time Price,False,LOW,,,11.42688,-2.53964,-0.0150032,,1784318400,40.35,40.405,iShares J.P. Morgan EM High Yield Bond ETF,40.32 - 40.405,40.32,49110,0.0022777338,40.365,finmb_183653985,Cboe US,2,-0.0371688,USD,607238400.0,PRE,,0.0,0.0,3.66282,5.23477,5.23477,-0.015613642,3.9144993,True,,36.49,0.0,EDT,-14400000,BTS,40.99,38.82,6.37,,iShares J.P. Morgan EM High Yie,1333459800000,False,False,False,,[],1.5299988,1500,us_market,,1800,,,0.5,,40.4408,-0.09080124,-0.0022452879,40.2583,0.09169769,,15,0,America/New_York,40.36,87424,89540,0.039412644,38.82 - 40.99,-0.6400032,EMHY,,,,,,,,,,,,
Industrials,industrials,32,HYEM,VanEck Emerging Markets High Yield Bond ETF,https://finance.yahoo.com/research-hub/screener/sec-ind_sec-top-etfs_industrials/,2026-07-20T08:47:27+00:00,en-US,US,ETF,ETF,Delayed Quote,False,LOW,6.62,59.988002,8.11524,-1.42163,-0.0100002,,1784318400,20.03,20.08,VanEck Emerging Markets High Yield Bond ETF,20.0 - 20.08,20.0,113575,0.0009945616,20.04,finmb_206637445,NYSEArca,2,-0.0499013,USD,533540768.0,PRE,0.3352337,0.0,0.0,3.9181,3.7522,3.7522,-0.016208246,1.0595322,True,,0.0,0.0,EDT,-14400000,PCX,20.36,19.45,6.52,,VanEck Emerging Markets High Yi,1337002200000,False,False,False,,[],0.5799999,1900,us_market,59.749367,600,,,0.4,,20.0904,-0.06040001,-0.0030064115,20.0101,0.019901276,,15,0,America/New_York,20.04,225362,127520,0.029820045,19.45 - 20.36,-0.32999992,HYEM,,,,,,,,,,,,
Industrials,industrials,33,PKB,Invesco Building & Construction ETF,https://finance.yahoo.com/research-hub/screener/sec-ind_sec-top-etfs_industrials/,2026-07-20T08:47:27+00:00,en-US,US,ETF,ETF,Delayed Quote,False,LOW,0.17,27.839644,54.78778,32.90815,-2.0252,,1784317973,102.154,103.26,Invesco Building & Construction ETF,102.07 - 103.26,102.07,7795,0.013474232,104.179,finmb_25304387,NYSEArca,2,-1.94396,USD,470252512.0,PRE,4.0251956,0.102,0.000979084,20.91692,14.68601,14.68601,-0.11791726,24.104,True,3750000.0,0.0,0.0,EDT,-14400000,PCX,115.81,81.88,0.17,USD,Invesco Building & Construction,1130333400000,False,False,False,,[],20.274002,1000,us_market,25.378643,500,,,0.57,95.69,105.5408,-3.3868027,-0.032089986,100.79585,1.3581467,1.0675514,15,0,America/New_York,102.94,16117,19450,0.24760629,81.88 - 115.81,-13.655998,PKB,,,,,,,,,,,,
Industrials,industrials,34,DFEN,Direxion Daily Aerospace & Defense Bull 3X Shares,https://finance.yahoo.com/research-hub/screener/sec-ind_sec-top-etfs_industrials/,2026-07-20T08:47:27+00:00,en-US,US,ETF,ETF,Delayed Quote,False,LOW,0.13,38.387716,24.26105,12.74799,-0.309998,0.19999695,1784318400,68.05,71.8216,Direxion Daily Aerospace & Defense Bull 3X Shares,67.0 - 71.8216,67.0,193249,-0.052090418,68.36,finmb_427185794,NYSEArca,2,-0.453478,USD,416188768.0,PRE,2.0849376,0.0,0.0,25.35054,26.86261,26.86261,-0.3038363,20.250929,True,,68.05,68.25,EDT,-14400000,PCX,97.75,52.56,0.13,,Direxion Daily Aerospace & Defe,1493818200000,False,False,False,0.29389703,[],15.490002,100,us_market,32.63887,100,1784535843.0,68.25,0.96,,71.5662,-3.5161972,-0.049132094,71.78955,-3.7395477,,15,0,America/New_York,67.44,243551,153880,0.29471084,52.56 - 97.75,-29.699997,DFEN,,,,,,,,,,,,
Industrials,industrials,35,CEMB,iShares J.P. Morgan EM Corporate Bond ETF,https://finance.yahoo.com/research-hub/screener/sec-ind_sec-top-etfs_industrials/,2026-07-20T08:47:27+00:00,en-US,US,ETF,ETF,Delayed Quote,False,LOW,,,8.06672,-0.44435,-0.000598907,,1784318400,45.435,45.47,iShares J.P. Morgan EM Corporate Bond ETF,45.425 - 45.47,45.425,163508,-0.0081546,45.4356,finmb_201032157,Cboe US,2,-0.00131815,USD,396952224.0,PRE,,0.0,0.0,1.83825,2.3714,2.3714,-0.022903197,0.15429258,True,,43.44,47.44,EDT,-14400000,BTS,46.5,44.92,5.13,,iShares J.P. Morgan EM Corporat,1334842200000,False,False,False,,[],0.5150032,200,us_market,,1000,,,0.5,,45.5648,-0.12979889,-0.002848666,45.80855,-0.37355042,,15,0,America/New_York,45.4399,69024,73270,0.0114648985,44.92 - 46.5,-1.0649986,CEMB,,,,,,,,,,,,
Industrials,industrials,36,XTN,State Street SPDR S&P Transportation ETF,https://finance.yahoo.com/research-hub/screener/sec-ind_sec-top-etfs_industrials/,2026-07-20T08:47:27+00:00,en-US,US,ETF,ETF,Delayed Quote,False,LOW,0.64,19.146085,25.29278,33.88697,-1.58,,1784318390,116.13,117.04,State Street SPDR S&P Transportation ETF,115.93 - 117.04,115.93,21283,0.18217298,117.71,finmb_118789341,NYSEArca,2,-1.34228,USD,367344288.0,PRE,6.033457,,,26.93545,24.28054,24.28054,-0.03945413,36.94576,True,,109.95,123.23,EDT,-14400000,PCX,120.9,79.18,0.64,,State Street SPDR S&P Transport,1296138600000,False,False,False,,[],36.949997,400,us_market,19.247671,300,,,0.35,,111.2254,4.9045944,0.044095993,98.23435,17.895645,,15,0,America/New_York,116.5,63459,34170,0.4666582,79.18 - 120.9,-4.7700043,XTN,,,,,,,,,,,,
Industrials,industrials,37,RKLX,Defiance Daily Target 2X Long RKLB ETF,https://finance.yahoo.com/research-hub/screener/sec-ind_sec-top-etfs_industrials/,2026-07-20T08:47:27+00:00,en-US,US,ETF,ETF,Nasdaq Real Time Price,False,LOW,,,,,0.10000038,0.7599983,1784318400,18.54,20.2,Defiance Daily Target 2X Long RKLB ETF,16.8801 - 20.2,16.8801,3162306,-0.5714797,18.44,finmb_1916074834,NasdaqGM,2,0.5423014,USD,345145440.0,PRE,,0.0,0.0,11.7297,73.57662,73.57662,-0.83854395,-41.612427,True,,18.52,18.61,EDT,-14400000,NGM,114.83,15.023333,13.35,,Defiance Daily Target 2X Long R,1741872600000,False,False,False,4.0992355,[],3.5166683,1,us_market,,1,1784537222.0,19.3,1.29,,56.8814,-38.3414,-0.6740586,43.26516,-24.725159,,15,0,America/New_York,17.66,3321261,2970330,0.23408043,15.023333 - 114.83,-96.29,RKLX,,,,,,2025-03-13,,,,,,
Industrials,industrials,38,WELD,Tema U.S. Manufacturing & Reshoring ETF,https://finance.yahoo.com/research-hub/screener/sec-ind_sec-top-etfs_industrials/,2026-07-20T08:47:27+00:00,en-US,US,EQUITY,Equity,Delayed Quote,False,LOW,0.21,40.883074,,,-0.259998,0.0,1784318400,57.29,57.7,Tema U.S. Manufacturing & Reshoring ETF,55.9001 - 57.7,55.9001,133476,0.1266501,57.55,finmb_1815862737,NYSEArca,2,-0.451778,USD,,PRE,1.535095,0.0,0.0,,,,-0.14492536,40.41667,True,,0.0,0.0,EDT,-14400000,PCX,67.0,40.13,,,Tema U.S. Manufacturing & Resho,1683811800000,False,False,False,0.0,[],17.16,500,us_market,37.320168,200,1784536235.0,57.29,,,58.67494,-1.3849373,-0.023603559,50.84986,6.44014,,15,0,America/New_York,56.72,44577,71250,0.42761025,40.13 - 67.0,-9.709999,WELD,,,,,,,,Tema ETF Trust  - Tema American Industrial Revolution ETF,2026-07-19,,,
Industrials,industrials,39,OPPJ,WisdomTree Japan Opportunities Fund,https://finance.yahoo.com/research-hub/screener/sec-ind_sec-top-etfs_industrials/,2026-07-20T08:47:27+00:00,en-US,US,ETF,ETF,Nasdaq Real Time Price,False,LOW,1.13,16.155089,36.7,11.97926,-0.8532982,,1784318400,55.6567,55.8899,WisdomTree Japan Opportunities Fund,55.05 - 55.8899,55.05,52553,0.07350036,56.51,finmb_206612698,NasdaqGM,2,-1.5099951,USD,280235360.0,PRE,3.569482,0.0,0.0,24.66933,8.95173,8.95173,-0.09206034,55.735874,True,,50.97,60.16,EDT,-14400000,NGM,61.3,35.3,1.13,,WisdomTree Japan Opportunities ,1372426200000,False,False,False,,[],20.3567,2,us_market,15.592374,1,,,0.58,,58.415,-2.7583008,-0.04721905,51.846,3.8106995,,15,0,America/New_York,55.27,77575,41680,0.5766771,35.3 - 61.3,-5.643299,OPPJ,,,,,,,,,,,,
Industrials,industrials,40,PIO,Invesco Global Water ETF,https://finance.yahoo.com/research-hub/screener/sec-ind_sec-top-etfs_industrials/,2026-07-20T08:47:27+00:00,en-US,US,ETF,ETF,Nasdaq Real Time Price,False,LOW,0.9,22.84148,21.13131,25.85905,-0.35669708,2.0993996,1784318400,44.3883,44.6351,Invesco Global Water ETF,44.2201 - 44.6351,44.2201,8855,-0.018215299,44.745,finmb_34951151,NasdaqGM,2,-0.79717755,USD,274940416.0,PRE,1.9687866,0.0,0.0,2.86979,4.8037,4.8037,-0.08722392,-0.40385723,True,,44.01,44.79,EDT,-14400000,NGM,48.63,42.09,0.9,,Invesco Global Water ETF,1181741400000,False,False,False,4.740121,[],2.2983017,1,us_market,22.54602,1,1784535694.0,46.3894,0.75,,44.525,-0.13669968,-0.003070178,45.21185,-0.82354736,,15,0,America/New_York,44.59,10477,5910,0.05460446,42.09 - 48.63,-4.241699,PIO,1514505600.0,,,,,,,,,,,
Industrials,industrials,41,ROKT,State Street SPDR S&P Kensho Final Frontiers ETF,https://finance.yahoo.com/research-hub/screener/sec-ind_sec-top-etfs_industrials/,2026-07-20T08:47:27+00:00,en-US,US,ETF,ETF,Delayed Quote,False,LOW,0.26,27.262814,14.45714,4.71499,0.0499954,-0.009994507,1784318394,107.27,108.56,State Street SPDR S&P Kensho Final Frontiers ETF,105.44 - 108.56,105.44,25624,0.078179784,107.22,finmb_578353013,NYSEArca,2,0.0466288,USD,248353792.0,PRE,4.382527,0.0,0.0,40.61653,20.23004,20.23004,-0.22059149,58.40224,True,,85.3,137.41,EDT,-14400000,PCX,137.63,66.24,0.26,,State Street SPDR S&P Kensho Fi,1540301400000,False,False,False,-0.00931715,[],41.03,500,us_market,24.476746,200,1784534424.0,107.26,0.45,,118.4788,-11.208801,-0.09460597,99.49175,7.778244,,15,0,America/New_York,105.59,53350,26740,0.61941427,66.24 - 137.63,-30.360008,ROKT,,,,,,,,,,,,
Industrials,industrials,42,PSCI,Invesco S&P SmallCap Industrials ETF,https://finance.yahoo.com/research-hub/screener/sec-ind_sec-top-etfs_industrials/,2026-07-20T08:47:27+00:00,en-US,US,ETF,ETF,Nasdaq Real Time Price,False,LOW,0.45,21.299255,31.47969,25.55186,-2.7133942,,1784318400,178.9866,180.25,Invesco S&P SmallCap Industrials ETF,178.6101 - 180.25,178.6101,2424,0.104189634,181.7,finmb_100588929,NasdaqGM,2,-1.4933375,USD,191492432.0,PRE,8.735537,0.0,0.0,24.1258,20.18045,20.18045,-0.042391527,29.608976,True,,130.04,229.17,EDT,-14400000,NGM,186.91,136.18,0.45,,Invesco S&P SmallCap Industrial,1270647000000,False,False,False,,[],42.80661,1,us_market,20.489481,1,,,0.29,,174.8288,4.1578064,0.02378216,162.0977,16.8889,,15,0,America/New_York,180.0,4220,4560,0.31433848,136.18 - 186.91,-7.923401,PSCI,1498780800.0,,,,,,,,,,,
Industrials,industrials,43,JEDI,Defiance Drone and Modern Warfare ETF,https://finance.yahoo.com/research-hub/screener/sec-ind_sec-top-etfs_industrials/,2026-07-20T08:47:27+00:00,en-US,US,ETF,ETF,Delayed Quote,False,LOW,,,,,-0.039999,0.069999695,1784318400,23.18,23.8776,Defiance Drone and Modern Warfare ETF,22.43 - 23.8776,22.43,135766,-0.1549238,23.22,finmb_1958728556,NYSEArca,2,-0.172261,USD,152795008.0,PRE,0.739651,0.0,0.0,19.82799,13.77202,13.77202,-0.46080485,-8.056009,True,,0.0,0.0,EDT,-14400000,PCX,42.99,21.91,,,Defiance Drone and Modern Warfa,1758893400000,False,False,False,0.30198315,[],1.2700005,1000,us_market,31.339104,400,1784534485.0,23.25,0.69,,30.752,-7.5720005,-0.24622789,27.42948,-4.2494793,,15,0,America/New_York,22.76,232419,201050,0.05796442,21.91 - 42.99,-19.810001,JEDI,,,,,,,,,,,,
Industrials,industrials,44,ERTH,Invesco MSCI Sustainable Future ETF,https://finance.yahoo.com/research-hub/screener/sec-ind_sec-top-etfs_industrials/,2026-07-20T08:47:27+00:00,en-US,US,ETF,ETF,Delayed Quote,False,LOW,1.92,21.331058,-0.23778,2.18936,-0.186501,,1784312093,46.3747,46.44,Invesco MSCI Sustainable Future ETF,46.06 - 46.44,46.06,2853,-0.03621069,46.5612,finmb_29855207,NYSEArca,2,-0.400549,USD,137243040.0,PRE,2.217485,,,1.19792,0.63794,0.63794,-0.09864533,4.2256713,True,,0.0,72.36,EDT,-14400000,PCX,51.45,42.98,1.92,,Invesco MSCI Sustainable Future,1161696600000,False,False,False,,[],3.394699,200,us_market,20.913197,200,,,0.66,,48.6082,-2.2335014,-0.045949068,48.11705,-1.7423515,,15,0,America/New_York,46.06,3174,2290,0.078983225,42.98 - 51.45,-5.075302,ERTH,,,,,,,,,,,,
Industrials,industrials,45,HYDR,Global X Hydrogen ETF,https://finance.yahoo.com/research-hub/screener/sec-ind_sec-top-etfs_industrials/,2026-07-20T08:47:27+00:00,en-US,US,ETF,ETF,Nasdaq Real Time Price,False,LOW,,,,,0.11999893,,1784318401,42.39,42.8799,Global X Hydrogen ETF,40.57 - 42.8799,40.57,98551,-0.044564445,42.27,finmb_712165665,NasdaqGM,2,0.28388676,USD,111817168.0,PRE,,,,67.10523,51.52763,51.52763,-0.4332888,72.527466,True,,39.22,42.39,EDT,-14400000,NGM,74.8,22.67,2.48,,Global X Hydrogen ETF,1626269400000,False,False,False,,[],19.72,1,us_market,,1,,,0.5,,57.66172,-15.271721,-0.26485026,44.3672,-1.9771996,,15,0,America/New_York,40.82,103003,51710,0.86987203,22.67 - 74.8,-32.410004,HYDR,,,,,,,,,,,,
Industrials,industrials,46,KDEF,PLUS Korea Defense Industry Index ETF,https://finance.yahoo.com/research-hub/screener/sec-ind_sec-top-etfs_industrials/,2026-07-20T08:47:27+00:00,en-US,US,ETF,ETF,Delayed Quote,False,LOW,1.76,26.896181,,,-0.0499992,-0.9300003,1784318393,37.93,38.59,PLUS Korea Defense Industry Index ETF,36.78 - 38.59,36.78,41740,-0.25569773,37.98,finmb_1911562524,NYSEArca,2,-0.131646,USD,107557696.0,PRE,1.5333031,0.0,0.0,-8.13419,-19.55734,-19.55734,-0.43732387,-10.097181,True,,29.2,48.0,EDT,-14400000,PCX,67.41,36.78,1.76,,PLUS Korea Defense Industry Ind,1738852200000,False,False,False,-2.451886,[],1.1500015,100,us_market,24.737444,500,1784534604.0,37.0,0.65,,47.1907,-9.2607,-0.19623993,50.96048,-13.030479,,15,0,America/New_York,36.94,133440,59050,0.031267036,36.78 - 67.41,-29.480003,KDEF,,,,,,,,,,,,
Industrials,industrials,47,EVX,VanEck Environmental Services ETF,https://finance.yahoo.com/research-hub/screener/sec-ind_sec-top-etfs_industrials/,2026-07-20T08:47:27+00:00,en-US,US,ETF,ETF,Nasdaq Real Time Price,False,LOW,0.17,29.913252,13.14221,27.73453,-0.437401,,1784318214,41.3469,41.85,VanEck Environmental Services ETF,41.23 - 41.85,41.23,10569,0.046619218,41.7843,finmb_29729919,NYSEArca,2,-1.04681,USD,101223368.0,PRE,1.3783189,0.0,0.0,7.9602,6.45494,6.45494,-0.025756309,7.963443,True,,39.48,43.3,EDT,-14400000,PCX,42.44,36.44,0.17,,VanEck Environmental Services E,1161005400000,False,False,False,,[],4.9069023,200,us_market,29.998066,900,,,0.55,,40.0052,1.3417015,0.033538178,39.5052,1.8417015,,15,0,America/New_York,41.5,8059,4850,0.13465704,36.44 - 42.44,-1.0930977,EVX,,,,,,,,,,,,
Industrials,industrials,48,NATO,Themes Transatlantic Defense ETF,https://finance.yahoo.com/research-hub/screener/sec-ind_sec-top-etfs_industrials/,2026-07-20T08:47:27+00:00,en-US,US,ETF,ETF,Nasdaq Real Time Price,False,LOW,0.42,30.750308,,,0.10110092,,1784318400,39.4011,39.8,Themes Transatlantic Defense ETF,39.06 - 39.8,39.06,7801,-0.007844348,39.3,finmb_1881887176,NasdaqGM,2,0.25725424,USD,100726240.0,PRE,1.3203218,0.0,0.0,7.03925,5.27988,5.27988,-0.11238791,7.6824307,True,,38.76,39.99,EDT,-14400000,NGM,44.39,35.0,0.42,,THEMES TRANSATLANTIC DEFENSE ET,1728653400000,False,False,False,,[],4.4011,2,us_market,29.842043,2,,,0.35,,39.8234,-0.42229843,-0.010604279,39.71262,-0.31151962,,15,0,America/New_York,39.16,31248,14830,0.12574571,35.0 - 44.39,-4.988899,NATO,,,,,,,,,,,,
Industrials,industrials,49,DRNZ,REX Drone ETF,https://finance.yahoo.com/research-hub/screener/sec-ind_sec-top-etfs_industrials/,2026-07-20T08:47:27+00:00,en-US,US,ETF,ETF,Nasdaq Real Time Price,False,LOW,,,,,-0.18449974,,1784318400,20.1155,20.4,REX Drone ETF,19.8148 - 20.4,19.8148,111418,-0.16911207,20.3,finmb_1960080577,NasdaqGM,2,-0.9088658,USD,98313920.0,PRE,0.4659388,0.0,0.0,2.83172,-5.6405,-5.6405,-0.33215475,-17.668724,True,,19.85,20.41,EDT,-14400000,NGM,30.12,18.0,,,REX Drone ETF,1761744600000,False,False,False,,[],2.1154995,1,us_market,43.171978,1,,,0.65,,23.93034,-3.8148403,-0.15941438,24.209642,-4.094143,,15,0,America/New_York,20.11,170933,143160,0.11752775,18.0 - 30.12,-10.004501,DRNZ,,,,,,2025-10-29,,,,,,
Industrials,industrials,50,WDEF,WisdomTree Trust,https://finance.yahoo.com/research-hub/screener/sec-ind_sec-top-etfs_industrials/,2026-07-20T08:47:27+00:00,en-US,US,EQUITY,Equity,Delayed Quote,False,LOW,,,,,0.41,,1784318400,27.92,28.1211,WisdomTree Trust,27.7401 - 28.1211,27.7401,38054,-0.09192426,27.51,finmb_1941702066,NYSEArca,2,1.49037,USD,,PRE,,0.0,0.0,,,,-0.19631553,-8.055061,True,,26.5,44.67,EDT,-14400000,PCX,34.74,26.25,,,WisdomTree Europe Defense Fund,1752759000000,False,False,False,,[],1.6700001,100,us_market,,3400,,,,,28.763,-0.8430004,-0.0293085,30.746334,-2.826334,,15,0,America/New_York,27.93,41993,36680,0.06361905,26.25 - 34.74,-6.8200016,WDEF,,,,,,,,,,,,
Industrials,industrials,51,MARS,Roundhill Space & Technology ETF,https://finance.yahoo.com/research-hub/screener/sec-ind_sec-top-etfs_industrials/,2026-07-20T08:47:27+00:00,en-US,US,ETF,ETF,Delayed Quote,False,LOW,,,,,-0.4,,1784318400,24.4,25.0198,Roundhill Space & Technology ETF,23.675 - 25.0198,23.675,49035,-0.21814276,24.8,finmb_1977587227,Cboe US,2,-1.6129,USD,74903600.0,PRE,,0.0,0.0,,27.18134,27.18134,-0.4686411,-1.5334964,True,,16.0,27.0,EDT,-14400000,BTS,45.92,23.59,,,Roundhill Space & Technology ET,1772721000000,False,False,False,,[],0.80999947,100,us_market,,3100,,,0.75,,33.7348,-9.334799,-0.27671126,31.207743,-6.807743,,15,0,America/New_York,24.0,174066,48720,0.03433656,23.59 - 45.92,-21.519999,MARS,,,,,,,,,,,,
Industrials,industrials,52,POW,VistaShares Electrification Supercycle ETF,https://finance.yahoo.com/research-hub/screener/sec-ind_sec-top-etfs_industrials/,2026-07-20T08:47:27+00:00,en-US,US,EQUITY,Equity,Delayed Quote,False,LOW,,,,,0.369999,0.040000916,1784318400,27.06,27.4491,VistaShares Electrification Supercycle ETF,26.1 - 27.4491,26.1,377104,0.07952105,26.69,finmb_1889507223,NYSEArca,2,1.38628,USD,,PRE,0.88476455,0.0,0.0,,,,-0.23881857,33.51754,True,,24.5,29.85,EDT,-14400000,PCX,35.55,18.72,,,VistaShares Electrification Sup,1761658200000,False,False,False,0.14782305,[],8.34,300,us_market,30.584408,100,1784534495.0,27.1,,,30.2424,-3.1823997,-0.105229735,25.066671,1.9933281,,15,0,America/New_York,26.46,109850,115610,0.44551283,18.72 - 35.55,-8.49,POW,,,,,,,,,,,,
Industrials,industrials,53,BOAT,SonicShares Global Shipping ETF,https://finance.yahoo.com/research-hub/screener/sec-ind_sec-top-etfs_industrials/,2026-07-20T08:47:27+00:00,en-US,US,ETF,ETF,Nasdaq Real Time Price,False,LOW,7.41,8.628128,,,-0.1661,,1784317667,41.3939,41.4999,SonicShares Global Shipping ETF,41.015 - 41.4999,41.015,9485,0.119683854,41.56,finmb_1674688220,NYSEArca,2,-0.399662,USD,67047328.0,PRE,4.3937693,0.0,0.0,24.5025,-3.05572,-3.05572,-0.048853368,39.787926,True,,35.0,42.6,EDT,-14400000,PCX,43.52,29.12,7.41,,SonicShares Global Shipping ETF,1628083800000,False,False,False,,[],12.273901,1200,us_market,9.421046,600,,,0.69,,41.1539,0.24000168,0.005831809,36.969276,4.4246254,,15,0,America/New_York,41.29,22479,12180,0.42149383,29.12 - 43.52,-2.1260986,BOAT,,,,,,,,,,,,
Industrials,industrials,54,BOTT,Themes Humanoid Robotics ETF,https://finance.yahoo.com/research-hub/screener/sec-ind_sec-top-etfs_industrials/,2026-07-20T08:47:27+00:00,en-US,US,ETF,ETF,Nasdaq Real Time Price,False,LOW,0.0,43.010753,,,-2.2874985,-0.58000183,1784318400,41.82,42.55,Themes Humanoid Robotics ETF,41.25 - 42.55,41.25,38783,-0.13360894,44.1075,finmb_1857168236,NasdaqGM,2,-5.1861897,USD,63432624.0,PRE,1.2369629,0.0,0.0,17.85294,11.88721,11.88721,-0.40316826,31.23294,True,,30.15,53.86,EDT,-14400000,NGM,70.07,30.9,0.0,,Themes Humanoid Robotics ETF,1713792600000,False,False,False,-1.386569,[],10.92,1,us_market,33.808613,1,1784534425.0,41.25,0.35,,51.37342,-9.553421,-0.18596038,48.269196,-6.449196,,15,0,America/New_York,41.84,31251,22730,0.35339805,30.9 - 70.07,-28.25,BOTT,,,,,,2024-04-22,,,,,,
Industrials,industrials,55,DUSL,Direxion Daily Industrials Bull 3X Shares,https://finance.yahoo.com/research-hub/screener/sec-ind_sec-top-etfs_industrials/,2026-07-20T08:47:27+00:00,en-US,US,ETF,ETF,Nasdaq Real Time Price,False,LOW,7.26,31.806616,36.79296,60.76354,-1.41,,1784318390,94.33,97.105,Direxion Daily Industrials Bull 3X Shares,92.015 - 97.105,92.015,13218,0.14595814,95.74,finmb_424861532,NYSEArca,2,-1.47273,USD,62862432.0,PRE,3.2940004,0.0,0.0,55.68912,43.15193,43.15193,-0.11360643,31.27644,True,,0.0,0.0,EDT,-14400000,PCX,106.42,64.943,7.26,,Direxion Daily Industrials Bull,1493818200000,False,False,False,,[],29.387001,200,us_market,28.636913,500,,,0.97,,92.38214,1.9478607,0.021084819,82.3154,12.014603,,15,0,America/New_York,93.66,20514,17260,0.45250452,64.943 - 106.42,-12.089996,DUSL,,,,,,,,,,,,
Industrials,industrials,56,MADE,iShares U.S. Manufacturing ETF,https://finance.yahoo.com/research-hub/screener/sec-ind_sec-top-etfs_industrials/,2026-07-20T08:47:27+00:00,en-US,US,ETF,ETF,Nasdaq Real Time Price,False,LOW,0.61,34.423408,,,-0.174099,,1784315995,36.5159,36.825,iShares U.S. Manufacturing ETF,35.84 - 36.825,35.84,7181,0.06879439,36.69,finmb_1880486593,NYSEArca,2,-0.474513,USD,62704896.0,PRE,1.146313,0.0,0.0,26.76416,18.47014,18.47014,-0.07974044,32.867588,True,,0.0,38.25,EDT,-14400000,PCX,39.68,27.22,0.61,,iShares U.S. Manufacturing ETF,1721309400000,False,False,False,,[],9.2959,800,us_market,31.855087,1200,,,0.4,,37.61552,-1.0996208,-0.029233167,34.165504,2.3503952,,15,0,America/New_York,35.93,20303,27880,0.34150994,27.22 - 39.68,-3.1641006,MADE,,,,,,,,,,,,
Industrials,industrials,57,WARP,VanEck Space ETF,https://finance.yahoo.com/research-hub/screener/sec-ind_sec-top-etfs_industrials/,2026-07-20T08:47:27+00:00,en-US,US,ETF,ETF,Nasdaq Real Time Price,False,LOW,,,,,-0.17339897,,1784318400,19.4666,19.9,VanEck Space ETF,18.925 - 19.9,18.925,55425,-0.2922129,19.64,finmb_1989624077,NasdaqGM,2,-0.8828868,USD,57988784.0,PRE,,0.0,0.0,,,,-0.53395736,-22.982597,True,,19.12,19.76,EDT,-14400000,NGM,41.77,18.925,,,VanEck Space ETF,1778160600000,False,False,False,,[],0.5416012,2,us_market,,2,,,0.5,,27.50347,-8.036869,-0.2922129,27.50347,-8.036869,,15,0,America/New_York,19.12,144720,53830,0.028618293,18.925 - 41.77,-22.3034,WARP,,,,,,2026-05-07,,,,,,
Industrials,industrials,58,TBLU,Tortoise Global Water Fund,https://finance.yahoo.com/research-hub/screener/sec-ind_sec-top-etfs_industrials/,2026-07-20T08:47:27+00:00,en-US,US,ETF,ETF,Nasdaq Real Time Price,False,LOW,3.44,23.34267,20.14715,29.49159,-0.224403,,1784310098,51.6798,51.77,Tortoise Global Water Fund,51.6798 - 51.77,51.6798,984,-0.012602996,51.9042,finmb_419484269,NYSE,2,-0.432341,USD,55413032.0,PRE,2.210544,0.0,0.0,2.64634,4.30322,4.30322,-0.09174347,-3.297031,True,,0.0,0.0,EDT,-14400000,NYQ,56.9,48.94,3.44,,Tortoise Global Water ETF,1487169000000,False,False,False,,[],2.7397995,100,us_market,23.378769,100,,,0.4,,50.66984,1.0099564,0.0199321,52.33943,-0.65963364,,15,0,America/New_York,51.8,2461,1140,0.05598283,48.94 - 56.9,-5.2202034,TBLU,,,,,,,,,,,,
Industrials,industrials,59,ORBX,Global X Space Tech ETF,https://finance.yahoo.com/research-hub/screener/sec-ind_sec-top-etfs_industrials/,2026-07-20T08:47:27+00:00,en-US,US,ETF,ETF,Nasdaq Real Time Price,False,LOW,,,,,-0.40999985,0.63000107,1784318401,41.44,42.6299,Global X Space Tech ETF,40.17 - 42.6299,40.17,70125,-0.26459628,41.85,finmb_1978567763,NasdaqGM,2,-0.97968906,USD,55103696.0,PRE,,0.0,0.0,,,,-0.48018065,-21.006483,True,,39.09,42.23,EDT,-14400000,NGM,79.72,40.17,,,Global X Space Tech ETF,1776259800000,False,False,False,1.5202729,[],1.2700005,2,us_market,,1,1784534416.0,42.07,0.5,,57.2948,-15.854801,-0.2767232,56.35,-14.91,,15,0,America/New_York,40.41,89808,39540,0.031615645,40.17 - 79.72,-38.280003,ORBX,,,,,,2026-04-15,,,,,,
Industrials,industrials,60,RSBA,Return Stacked Bonds & Merger Arbitrage ETF,https://finance.yahoo.com/research-hub/screener/sec-ind_sec-top-etfs_industrials/,2026-07-20T08:47:27+00:00,en-US,US,ETF,ETF,Delayed Quote,False,LOW,2.84,24.838549,,,-0.0499001,,1784318172,20.9901,21.0615,Return Stacked Bonds & Merger Arbitrage ETF,20.9901 - 21.0615,20.9901,4452,-0.0047202464,21.04,finmb_1905791102,Cboe US,2,-0.237168,USD,50087264.0,PRE,0.83818495,0.0,0.0,0.94824,1.63419,1.63419,-0.034937892,0.440228,True,,0.0,0.0,EDT,-14400000,BTS,21.75,20.54,2.81,,Return Stacked Bonds & Merger A,1734532200000,False,False,False,,[],0.45009995,900,us_market,25.042326,400,,,1.01,,20.87628,0.11382103,0.00545217,21.08965,-0.09954834,,15,0,America/New_York,21.0193,20035,16700,0.021913337,20.54 - 21.75,-0.75989914,RSBA,,,,,,,,,,,,
Industrials,industrials,61,GCAD,Gabelli Commercial Aerospace & Defense ETF,https://finance.yahoo.com/research-hub/screener/sec-ind_sec-top-etfs_industrials/,2026-07-20T08:47:27+00:00,en-US,US,ETF,ETF,Delayed Quote,False,LOW,1.71,33.400134,,,0.225498,,1784315667,53.7478,54.32,Gabelli Commercial Aerospace & Defense ETF,53.7478 - 54.32,53.7478,11169,0.06281989,53.5223,finmb_1818180866,NYSEArca,2,0.421316,USD,43675248.0,PRE,,0.0,0.0,20.79648,12.70934,12.70934,-0.09071564,24.186695,True,,0.0,0.0,EDT,-14400000,PCX,59.11,42.0,1.71,,Gabelli Commercial Aerospace an,1672842600000,False,False,False,,[],11.747799,200,us_market,,300,,,0.1,,54.13246,-0.38466263,-0.007105951,50.57094,3.1768608,,15,0,America/New_York,54.27,7846,7490,0.2797095,42.0 - 59.11,-5.3622017,GCAD,,,,,,,,,,,,
Industrials,industrials,62,DRES,GMO Domestic Resilience ETF,https://finance.yahoo.com/research-hub/screener/sec-ind_sec-top-etfs_industrials/,2026-07-20T08:47:27+00:00,en-US,US,EQUITY,Equity,Delayed Quote,False,LOW,,,,,-0.1821,,1784318400,30.85,30.91,GMO Domestic Resilience ETF,30.85 - 30.91,30.85,920,0.10097777,31.0321,finmb_1953382749,NYSEArca,2,-0.586813,USD,,PRE,1.2960469,0.0,0.0,,,,-0.030026723,23.5829,True,,0.0,48.14,EDT,-14400000,PCX,31.805,23.89,,,GMO Domestic Resilience ETF,1759325400000,False,False,False,,[],6.960001,2400,us_market,23.803152,300,,,,,30.45638,0.39361954,0.012924042,28.020548,2.8294525,,15,0,America/New_York,31.15,3824,2080,0.29133534,23.89 - 31.805,-0.9549999,DRES,,,,,,,,,,,,
Industrials,industrials,63,UXI,ProShares Ultra Industrials,https://finance.yahoo.com/research-hub/screener/sec-ind_sec-top-etfs_industrials/,2026-07-20T08:47:27+00:00,en-US,US,ETF,ETF,Delayed Quote,False,LOW,0.47,31.806616,27.21668,34.54241,-0.563301,,1784315109,59.4279,60.26,ProShares Ultra Industrials,59.4279 - 60.26,59.4279,1351,0.1338032,59.9912,finmb_32431804,NYSEArca,2,-0.938973,USD,32443996.0,PRE,2.000367,0.0,0.0,37.62064,28.70707,28.70707,-0.085020766,32.863853,True,,23.78,0.0,EDT,-14400000,PCX,64.95,41.72,0.47,,ProShares Ultra Industrials,1170426600000,False,False,False,,[],17.707897,200,us_market,29.708498,100,,,0.95,,58.2394,1.1884995,0.020407138,52.41465,7.0132484,,15,0,America/New_York,60.26,5272,4410,0.42444623,41.72 - 64.95,-5.5220985,UXI,,,,,,,,,,,,
Industrials,industrials,64,CTEC,Global X ClimateTech ETF,https://finance.yahoo.com/research-hub/screener/sec-ind_sec-top-etfs_industrials/,2026-07-20T08:47:27+00:00,en-US,US,ETF,ETF,Nasdaq Real Time Price,False,LOW,0.55,22.727273,,,-0.81830215,,1784318400,56.4567,56.4567,Global X ClimateTech ETF,56.45 - 56.4567,56.45,1070,-0.07043621,57.275,finmb_687578004,NasdaqGM,2,-1.4287248,USD,28385238.0,PRE,2.8488152,,,21.24005,12.73421,12.73421,-0.31988075,35.45345,True,,40.64,71.82,EDT,-14400000,NGM,83.01,39.35,0.55,,Global X ClimateTech ETF,1603978200000,False,False,False,,[],17.1067,1,us_market,19.817606,1,,,0.5,,67.39724,-10.94054,-0.16232921,60.734615,-4.277916,,15,0,America/New_York,56.45,4222,3010,0.43473193,39.35 - 83.01,-26.553303,CTEC,,,,,,,Global X CleanTech ETF,,,,,
Industrials,industrials,65,WDAF,WisdomTree Asia Defense Fund,https://finance.yahoo.com/research-hub/screener/sec-ind_sec-top-etfs_industrials/,2026-07-20T08:47:27+00:00,en-US,US,ETF,ETF,Nasdaq Real Time Price,False,LOW,,,,,-0.0977993,,1784318400,29.3372,29.3372,WisdomTree Asia Defense Fund,29.15 - 29.3372,29.15,721,-0.09106047,29.435,finmb_1941702064,NasdaqGM,2,-0.33225515,USD,22073632.0,PRE,,0.0,0.0,6.75316,0.28657,0.28657,-0.24036248,-5.052108,True,,21.04,37.42,EDT,-14400000,NGM,38.62,26.67,,,WisdomTree Asia Defense Fund,1757683800000,False,False,False,,[],2.6672,1,us_market,,2,,,0.45,,32.46144,-3.1242409,-0.09624468,32.276295,-2.9390945,,15,0,America/New_York,29.15,16330,5740,0.100007504,26.67 - 38.62,-9.282799,WDAF,,,,,,2025-09-12,,,,,,
Industrials,industrials,66,BOEU,Direxion Daily BA Bull 2X Shares,https://finance.yahoo.com/research-hub/screener/sec-ind_sec-top-etfs_industrials/,2026-07-20T08:47:27+00:00,en-US,US,ETF,ETF,Nasdaq Real Time Price,False,LOW,2.26,59.988002,,,-0.016601562,,1784318400,32.9284,33.369,Direxion Daily BA Bull 2X Shares,32.0 - 33.369,32.0,11748,-0.1311321,32.945,finmb_1901291987,NasdaqGM,2,-0.050391752,USD,22037656.0,PRE,0.5651797,0.0,0.0,-10.59717,11.83631,11.83631,-0.3723022,-30.32586,True,,24.01,42.21,EDT,-14400000,NGM,52.459,26.38,2.26,,Direxion Daily BA Bull 2X ETF,1745415000000,False,False,False,,[],6.548399,1,us_market,58.261818,1,,,1.06,,36.36522,-3.436821,-0.09450846,37.89805,-4.9696503,,15,0,America/New_York,32.0,42730,20960,0.24823348,26.38 - 52.459,-19.530602,BOEU,,,,,,2025-04-23,,,,,,
Industrials,industrials,67,TPOR,Direxion Daily Transportation Bull 3X Shares,https://finance.yahoo.com/research-hub/screener/sec-ind_sec-top-etfs_industrials/,2026-07-20T08:47:27+00:00,en-US,US,ETF,ETF,Delayed Quote,False,LOW,0.53,21.0615,54.47794,105.3995,-1.2744,,1784317397,45.5456,46.63,Direxion Daily Transportation Bull 3X Shares,45.1 - 46.63,45.1,17305,0.3671325,46.82,finmb_427185795,NYSEArca,2,-2.72191,USD,21122372.0,PRE,2.0057926,0.0,0.0,41.55592,48.89625,48.89625,-0.027219111,69.127365,True,,44.16,0.0,EDT,-14400000,PCX,46.82,22.6,0.53,,Direxion Daily Transportation B,1493818200000,False,False,False,,[],22.9456,200,us_market,22.707033,400,,,0.99,,39.57166,5.973942,0.15096515,33.314693,12.230907,,15,0,America/New_York,46.02,22906,23280,1.015292,22.6 - 46.82,-1.2743988,TPOR,,,,,,,,,,,,
Industrials,industrials,68,SEA,U.S. Global Sea to Sky Cargo ETF,https://finance.yahoo.com/research-hub/screener/sec-ind_sec-top-etfs_industrials/,2026-07-20T08:47:27+00:00,en-US,US,ETF,ETF,Delayed Quote,False,LOW,5.9,8.213552,,,-0.0284004,,1784318108,17.7216,17.7699,U.S. Global Sea to Sky Cargo ETF,17.66 - 17.7699,17.66,5035,0.10646378,17.75,finmb_718684272,NYSEArca,2,-0.160002,USD,17514280.0,PRE,1.9835997,0.0,0.0,14.22922,-2.4378,-2.4378,-0.013823024,23.930073,True,,0.0,0.0,EDT,-14400000,PCX,17.97,13.37,5.9,,U.S. Global Sea to Sky Cargo ET,1642689000000,False,False,False,,[],4.3515997,100,us_market,8.934061,500,,,0.6,,17.2025,0.5191002,0.03017586,16.01643,1.7051697,,15,0,America/New_York,17.73,15372,41320,0.32547492,13.37 - 17.97,-0.24839973,SEA,,-0.13,,,-136.32,,,,,,,
Industrials,industrials,69,LOPP,Gabelli Love Our Planet & People ETF,https://finance.yahoo.com/research-hub/screener/sec-ind_sec-top-etfs_industrials/,2026-07-20T08:47:27+00:00,en-US,US,ETF,ETF,Delayed Quote,False,LOW,0.69,26.184865,,,-0.260002,,1784308424,37.9885,37.9885,Gabelli Love Our Planet & People ETF,37.9885 - 37.9885,37.9885,128,0.07356539,38.2485,finmb_692500560,NYSEArca,2,-0.679771,USD,16325132.0,PRE,,0.0,0.0,20.61006,14.84238,14.84238,-0.050287534,24.427628,True,,0.0,0.0,EDT,-14400000,PCX,40.0,28.48,0.69,,Gabelli Love Our Planet & Peopl,1612449000000,False,False,False,,[],9.508499,900,us_market,,100,,,0.9,,38.08262,-0.094120026,-0.0024714693,35.38536,2.603138,,15,0,America/New_York,38.23,512,190,0.33386585,28.48 - 40.0,-2.0115013,LOPP,,,,,,,,,,,,
Industrials,industrials,70,WABF,Western Asset Bond ETF,https://finance.yahoo.com/research-hub/screener/sec-ind_sec-top-etfs_industrials/,2026-07-20T08:47:27+00:00,en-US,US,ETF,ETF,Nasdaq Real Time Price,False,LOW,,,,,0.02999878,,1784318400,24.72,24.74,Western Asset Bond ETF,24.72 - 24.74,24.72,4491,-0.022325372,24.69,finmb_1838408637,NasdaqGM,2,0.121501744,USD,16226140.0,PRE,,0.0,0.0,0.59896,0.8029,0.8029,-0.04148901,-1.2424588,True,,17.81,31.71,EDT,-14400000,NGM,25.79,24.611,5.11,,Western Asset Bond ETF,1695303000000,False,False,False,,[],0.10899925,2,us_market,,2,,,0.35,,24.88448,-0.16448021,-0.006609751,25.284485,-0.56448555,,15,0,America/New_York,24.73,825,810,0.0044288835,24.611 - 25.79,-1.0700016,WABF,,,,,,2023-09-21,,,,,,
Industrials,industrials,71,FOWF,Pacer Solactive Whitney Future of Warfare ETF,https://finance.yahoo.com/research-hub/screener/sec-ind_sec-top-etfs_industrials/,2026-07-20T08:47:27+00:00,en-US,US,ETF,ETF,Delayed Quote,False,LOW,0.76,24.473813,,,-0.151299,,1784318390,33.47,33.53,Pacer Solactive Whitney Future of Warfare ETF,33.47 - 33.53,33.47,1003,0.0243453,33.6213,finmb_1904639378,Cboe US,2,-0.450008,USD,15133773.0,PRE,1.3741463,0.0,0.0,8.84237,4.76791,4.76791,-0.06456114,12.8341675,True,,0.0,52.22,EDT,-14400000,BTS,35.78,29.23,0.76,,Pacer Solactive Whitney Future ,1734532200000,False,False,False,,[],4.2400017,100,us_market,24.356941,900,,,0.49,,33.7028,-0.23279953,-0.006907424,32.67453,0.7954712,,15,0,America/New_York,33.53,3075,3140,0.14505652,29.23 - 35.78,-2.3099976,FOWF,,,,,,,,,,,,
Industrials,industrials,72,HVAC,AdvisorShares HVAC and Industrials ETF,https://finance.yahoo.com/research-hub/screener/sec-ind_sec-top-etfs_industrials/,2026-07-20T08:47:27+00:00,en-US,US,ETF,ETF,Nasdaq Real Time Price,False,LOW,0.14,45.228403,,,-0.176403,,1784318063,36.0436,36.31,AdvisorShares HVAC and Industrials ETF,34.8357 - 36.31,34.8357,5364,0.014231161,36.22,finmb_1914779975,NYSEArca,2,-0.487032,USD,15088757.0,PRE,0.9266965,0.0,0.0,35.30798,22.56338,22.56338,-0.16969366,24.935877,True,,0.0,0.0,EDT,-14400000,PCX,43.41,28.57,0.14,,AdvisorShares HVAC and Industri,1738679400000,False,False,False,,[],7.4735985,100,us_market,38.89472,700,,,1.0,,39.93626,-3.892662,-0.09747187,35.537853,0.50574493,,15,0,America/New_York,35.21,10470,8850,0.26158902,28.57 - 43.41,-7.3664017,HVAC,,,,,,,,,,,,
Industrials,industrials,73,SUPP,TCW Transform Supply Chain ETF,https://finance.yahoo.com/research-hub/screener/sec-ind_sec-top-etfs_industrials/,2026-07-20T08:47:27+00:00,en-US,US,ETF,ETF,Nasdaq Real Time Price,False,LOW,0.28,40.983607,,,-0.5722046,,1784318400,80.7278,80.7278,TCW Transform Supply Chain ETF,80.7278 - 80.7278,80.7278,21,0.06838493,81.3,finmb_1797827730,NasdaqGM,2,-0.7038187,USD,13323385.0,PRE,2.075425,0.0,0.0,26.95185,26.01331,26.01331,-0.0891286,16.795671,True,,58.19,103.73,EDT,-14400000,NGM,88.627,67.341,0.28,,TCW Transform Supply Chain ETF,1676471400000,False,False,False,,[],13.386795,1,us_market,38.897,1,,,0.75,,83.29036,-2.562561,-0.030766599,75.56059,5.167206,,15,0,America/New_York,80.7278,348,180,0.19879115,67.341 - 88.627,-7.8992004,SUPP,,,,,,2025-06-27,,,,,,
Industrials,industrials,74,JOUL,Corgi High Voltage Grid Equipme,https://finance.yahoo.com/research-hub/screener/sec-ind_sec-top-etfs_industrials/,2026-07-20T08:47:27+00:00,en-US,US,ETF,ETF,Delayed Quote,False,LOW,,,,,0.024601,,1784307846,23.839,24.02,,23.0001 - 24.02,23.0001,1902,-0.056792643,23.8144,finmb_1992791035,Cboe US,2,0.103303,USD,12180363.0,PRE,0.7064618,,,,,,-0.14062722,-9.662753,True,,9.54,37.9,EDT,-14400000,BTS,27.74,23.0,,,Corgi High Voltage Grid Equipme,1778074200000,False,False,False,,[],0.8390007,3100,us_market,33.744217,6200,,,0.35,,25.2744,-1.4354,-0.056792643,25.2744,-1.4354,,15,0,America/New_York,23.27,14586,11780,0.036478292,23.0 - 27.74,-3.900999,JOUL,,,,,,,,,,,,
Industrials,industrials,75,GASZ,Corgi Natural Gas Power & Turbines ETF,https://finance.yahoo.com/research-hub/screener/sec-ind_sec-top-etfs_industrials/,2026-07-20T08:47:27+00:00,en-US,US,ETF,ETF,Delayed Quote,False,LOW,,,,,0.0533009,,1784305865,23.818,23.8299,Corgi Natural Gas Power & Turbines ETF,23.28 - 23.8299,23.28,846,-0.027566815,23.7647,finmb_1992147141,Cboe US,2,0.224286,USD,12037812.0,PRE,0.7776695,0.0,0.0,,,,-0.18010323,-6.294256,True,,0.0,37.16,EDT,-14400000,BTS,29.05,23.22,,,Corgi Natural Gas Power & Turbi,1778074200000,False,False,False,,[],0.5980015,1600,us_market,30.627409,3300,,,0.35,,24.4932,-0.6751995,-0.027566815,24.4932,-0.6751995,,15,0,America/New_York,23.28,12292,2840,0.025753725,23.22 - 29.05,-5.2319984,GASZ,,,,,,,,,,,,
Industrials,industrials,76,LMTL,Direxion Daily LMT Bull 2X ETF,https://finance.yahoo.com/research-hub/screener/sec-ind_sec-top-etfs_industrials/,2026-07-20T08:47:27+00:00,en-US,US,ETF,ETF,Nasdaq Real Time Price,False,LOW,,,,,-0.53289986,,1784318400,30.2471,32.3054,Direxion Daily LMT Bull 2X ETF,30.19 - 32.3054,30.19,8834,-0.19040406,30.78,finmb_1949726324,NasdaqGM,2,-1.7313186,USD,8413003.0,PRE,1.2390164,0.0,0.0,3.07077,-31.31712,-31.31712,-0.49343324,17.464077,True,,30.15,30.29,EDT,-14400000,NGM,59.71,24.58,,,Direxion Daily LMT Bull 2X ETF,1754487000000,False,False,False,,[],5.667101,2,us_market,24.412188,2,,,1.07,,32.33168,-2.0845795,-0.06447483,37.360737,-7.113636,,15,0,America/New_York,31.65,30816,10590,0.2305574,24.58 - 59.71,-29.462898,LMTL,,,,,,2025-08-06,,,,,,
Industrials,industrials,77,XLII,State Street Industrial Select Sector SPDR Premium Income ETF,https://finance.yahoo.com/research-hub/screener/sec-ind_sec-top-etfs_industrials/,2026-07-20T08:47:27+00:00,en-US,US,EQUITY,Equity,Nasdaq Real Time Price,False,LOW,,,,,-0.0187988,,1784315817,25.8087,25.9599,State Street Industrial Select Sector SPDR Premium Income ETF,25.8087 - 25.9599,25.8087,14692,0.027913405,25.8275,finmb_1945101988,NYSEArca,2,-0.0727861,USD,,PRE,0.83516157,0.0,0.0,,,,-0.026417451,4.80386,True,,0.0,0.0,EDT,-14400000,PCX,26.509,23.21,,,State Street Industrial Select ,1753882200000,False,False,False,,[],2.5987015,1700,us_market,30.902643,100,,,,,25.50686,0.30183983,0.011833672,25.107855,0.7008457,,15,0,America/New_York,25.8498,6588,8340,0.11196474,23.21 - 26.509,-0.7003002,XLII,,,,,,,,The Select Sector SPDR Trust - The Industrial Select Sector SPDR Premium Income Fund,2026-07-19,,,
Industrials,industrials,78,JETU,MAX Airlines 3X Leveraged ETN,https://finance.yahoo.com/research-hub/screener/sec-ind_sec-top-etfs_industrials/,2026-07-20T08:47:27+00:00,en-US,US,ETF,ETF,Delayed Quote,False,LOW,0.0,23.62949,,,-1.4094,,1784304307,34.3486,34.3486,MAX Airlines 3X Leveraged ETN,34.3486 - 34.3486,34.3486,102,0.16464767,35.758,finmb_1846639205,NYSEArca,2,-3.9415,USD,6503704.0,PRE,1.7173117,,,36.88898,70.58345,70.58345,-0.20855767,41.069447,True,,0.0,53.6,EDT,-14400000,PCX,43.4,20.101,0.0,,MAX Airlines 3X Leveraged ETNs,1720791000000,False,False,False,,[],14.247599,1100,us_market,20.001377,100,,,0.95,,33.33126,1.0173378,0.030522032,29.492695,4.8559036,,15,0,America/New_York,35.16,9072,3860,0.7088005,20.101 - 43.4,-9.051403,JETU,,,1756125000.0,1756470600.0,,,,,,1748433600.0,1748433600.0,False
Industrials,industrials,79,EFRA,iShares Environmental Infrastructure and Industrials ETF,https://finance.yahoo.com/research-hub/screener/sec-ind_sec-top-etfs_industrials/,2026-07-20T08:47:27+00:00,en-US,US,ETF,ETF,Delayed Quote,False,LOW,1.58,21.815009,,,-0.019897461,,1784318400,35.5101,35.82,iShares Environmental Infrastructure and Industrials ETF,35.5101 - 35.82,35.5101,411,0.019511627,35.53,finmb_1802093055,NasdaqGM,2,-0.056001864,USD,5721481.0,PRE,1.6392044,0.0,0.0,8.69671,5.35936,5.35936,-0.051926322,5.649936,True,,35.46,35.53,EDT,-14400000,NGM,37.455,32.412,1.58,,iShares Environmental Infrastru,1667482200000,False,False,False,,[],3.0981026,5,us_market,21.66301,5,,,0.47,,35.07278,0.4373207,0.012468949,34.8305,0.67959976,,15,0,America/New_York,35.74,782,1190,0.09558505,32.412 - 37.455,-1.9449005,EFRA,,,,,,2022-11-03,,,,,,
Industrials,industrials,80,ARMY,Tema International Defense Innovation ETF,https://finance.yahoo.com/research-hub/screener/sec-ind_sec-top-etfs_industrials/,2026-07-20T08:47:27+00:00,en-US,US,ETF,ETF,Nasdaq Real Time Price,False,LOW,,,,,0.30949974,,1784318400,23.6495,23.65,Tema International Defense Innovation ETF,23.6495 - 23.65,23.6495,364,-0.063945726,23.34,finmb_1954808142,NasdaqGM,2,1.3260486,USD,5614615.0,PRE,0.815522,,,-1.97975,-6.50398,-6.50398,-0.1833736,-7.0909443,True,,17.05,30.45,EDT,-14400000,NGM,28.96,21.145,,,Tema International Defense ETF,1758807000000,False,False,False,,[],2.5044994,1,us_market,28.999216,2,,,0.68,,24.5453,-0.89579964,-0.03649577,25.265095,-1.6155949,,15,0,America/New_York,23.65,3843,2140,0.11844405,21.145 - 28.96,-5.310499,ARMY,,,,,,,,,,,,
Industrials,industrials,81,WDGF,WisdomTree Global Defense Fund,https://finance.yahoo.com/research-hub/screener/sec-ind_sec-top-etfs_industrials/,2026-07-20T08:47:27+00:00,en-US,US,ETF,ETF,Nasdaq Real Time Price,False,LOW,,,,,0.048700333,,1784318400,30.0087,30.0087,WisdomTree Global Defense Fund,30.0087 - 30.0087,30.0087,97,-0.07443353,29.96,finmb_1941702065,NasdaqGM,2,0.16255118,USD,5331268.0,PRE,,0.0,0.0,-0.32392,-5.99272,-5.99272,-0.17080131,-2.167958,True,,21.73,38.78,EDT,-14400000,NGM,36.19,28.43,,,WisdomTree Global Defense Fund,1757683800000,False,False,False,,[],1.5786991,1,us_market,,1,,,0.45,,31.51598,-1.5072803,-0.047825906,32.42198,-2.4132824,,15,0,America/New_York,30.0087,5137,1370,0.055529337,28.43 - 36.19,-6.181299,WDGF,,,,,,2025-09-12,,,,,,
Industrials,industrials,82,XDEF,Xtrackers Europe Defense Technologies ETF,https://finance.yahoo.com/research-hub/screener/sec-ind_sec-top-etfs_industrials/,2026-07-20T08:47:27+00:00,en-US,US,ETF,ETF,Nasdaq Real Time Price,False,LOW,,,,,0.29669952,,1784318400,21.0467,21.0467,Xtrackers Europe Defense Technologies ETF,21.0467 - 21.0467,21.0467,17,-0.86238366,20.75,finmb_1973691735,NasdaqGM,2,1.4298773,USD,4154944.0,PRE,0.80797046,0.0,0.0,,-4.48715,-4.48715,-0.99275506,-99.22151,True,,15.15,27.05,EDT,-14400000,NGM,2905.0,20.21,,,Xtrackers Europe Defense Techno,1770906600000,False,False,False,,[],0.83670044,1,us_market,26.048847,1,,,0.35,,21.612,-0.5653,-0.026156764,152.93758,-131.89087,,15,0,America/New_York,21.0467,1456,710,0.04140032,20.21 - 2905.0,-2883.9534,XDEF,,,,,,2026-02-19,,,,,,
Industrials,industrials,83,TEUP,T-Rex 2X Long TE Daily Target ETF,https://finance.yahoo.com/research-hub/screener/sec-ind_sec-top-etfs_industrials/,2026-07-20T08:47:27+00:00,en-US,US,ETF,ETF,Delayed Quote,False,LOW,,,,,-0.0981998,-0.08190012,1784317347,5.4819,5.91,T-Rex 2X Long TE Daily Target ETF,5.03 - 5.91,5.03,64347,-0.6188298,5.5801,finmb_1979312498,Cboe US,2,-1.75982,USD,3798916.0,PRE,,,,,,,-0.82901126,-77.09987,True,,0.0,5.9,EDT,-14400000,BTS,32.06,4.9,,,T-REX 2X Long TE Daily Target E,1780061400000,False,False,False,-1.4940097,[],0.5819001,300,us_market,,27800,1784536156.0,5.4,1.5,,14.381764,-8.899864,-0.6188298,14.381764,-8.899864,,15,0,America/New_York,5.2,125129,124800,0.118755125,4.9 - 32.06,-26.578102,TEUP,,,,,,,,,,,,
Industrials,industrials,84,DIPR,Corgi Space & Satellite Communi,https://finance.yahoo.com/research-hub/screener/sec-ind_sec-top-etfs_industrials/,2026-07-20T08:47:27+00:00,en-US,US,ETF,ETF,Delayed Quote,False,LOW,,,,,0.0428009,,1784315103,21.4157,21.6399,,21.4157 - 21.6399,21.4157,745,-0.21183513,21.3729,finmb_1996054418,Cboe US,2,0.200258,USD,3728458.0,PRE,,,,,,,-0.3759994,-17.583687,True,,0.0,0.0,EDT,-14400000,BTS,34.32,21.37,,,Corgi Space & Satellite Communi,1778074200000,False,False,False,,[],0.045700073,1800,us_market,,3600,,,0.35,,27.1716,-5.7558994,-0.21183513,27.1716,-5.7558994,,15,0,America/New_York,21.5,5414,690,0.0021385152,21.37 - 34.32,-12.904299,DIPR,,,,,,,,,,,,
Industrials,industrials,85,HWAY,Themes US Infrastructure ETF,https://finance.yahoo.com/research-hub/screener/sec-ind_sec-top-etfs_industrials/,2026-07-20T08:47:27+00:00,en-US,US,ETF,ETF,Nasdaq Real Time Price,False,LOW,1.02,30.759766,,,-0.43499756,,1784318400,37.415,37.4701,Themes US Infrastructure ETF,37.4 - 37.4701,37.4,3016,0.09412606,37.85,finmb_1881886528,NasdaqGM,2,-1.1492671,USD,3533577.0,PRE,1.2707607,0.0,0.0,26.94399,18.58515,18.58515,-0.14234956,29.128563,True,,23.34,23.84,EDT,-14400000,NGM,43.625,28.83,1.02,,Themes US Infrastructure ETF,1726147800000,False,False,False,,[],8.585001,4,us_market,29.442995,4,,,0.29,,37.80252,-0.38751984,-0.0102511635,34.196243,3.2187576,,15,0,America/New_York,37.4,767,840,0.29778013,28.83 - 43.625,-6.209999,HWAY,,1.96,,,19.089285,2024-09-12,,,,,,
Industrials,industrials,86,BZZ,Corgi Drones & Urban Air Mobility ETF,https://finance.yahoo.com/research-hub/screener/sec-ind_sec-top-etfs_industrials/,2026-07-20T08:47:27+00:00,en-US,US,ETF,ETF,Delayed Quote,False,LOW,,,,,0.0466003,,1784307962,22.5841,22.82,Corgi Drones & Urban Air Mobility ETF,22.5841 - 22.82,22.5841,650,-0.109010056,22.5375,finmb_1992147889,Cboe US,2,0.206768,USD,3427959.0,PRE,,0.0,0.0,,,,-0.24568804,-11.796874,True,,0.0,35.24,EDT,-14400000,BTS,29.94,22.54,,,Corgi Drones & Urban Air Mobili,1778074200000,False,False,False,,[],0.044099808,1800,us_market,,3500,,,0.35,,25.3472,-2.7630997,-0.109010056,25.3472,-2.7630997,,15,0,America/New_York,22.82,6170,1220,0.0019565132,22.54 - 29.94,-7.3559,BZZ,,,,,,,,,,,,
Industrials,industrials,87,JETD,MAX Airlines -3X Inverse Leveraged ETN,https://finance.yahoo.com/research-hub/screener/sec-ind_sec-top-etfs_industrials/,2026-07-20T08:47:27+00:00,en-US,US,ETF,ETF,Nasdaq Real Time Price,False,LOW,0.0,23.62949,,,0.0999999,,1784318392,2.59,2.6,MAX Airlines -3X Inverse Leveraged ETN,2.48 - 2.6,2.48,135973,-0.4351909,2.49,finmb_1846635423,NYSEArca,4,4.01606,USD,3360709.0,PRE,0.09522,,,-53.83968,-55.25085,-55.25085,-0.70990145,-64.84799,True,,1.05,4.11,EDT,-14400000,PCX,8.928,2.075,0.0,,MAX Airlines -3X Inverse Levera,1687354200000,False,False,False,,[],0.51499987,2900,us_market,27.200167,4700,,,0.95,,3.00642,-0.41641998,-0.13851026,4.58562,-1.99562,,15,0,America/New_York,2.57,161608,176930,0.2481927,2.075 - 8.928,-6.3380003,JETD,,,1756125000.0,1756470600.0,,,,,,1748433600.0,1748433600.0,False
Industrials,industrials,88,UFOD,Tuttle Capital UFO Disclosure ETF,https://finance.yahoo.com/research-hub/screener/sec-ind_sec-top-etfs_industrials/,2026-07-20T08:47:27+00:00,en-US,US,ETF,ETF,Delayed Quote,False,LOW,,,,,-0.0415001,,1784302136,23.0318,23.0318,Tuttle Capital UFO Disclosure ETF,22.99 - 23.0318,22.99,832,-0.090480335,23.0733,finmb_1974366119,Cboe US,2,-0.179862,USD,3130823.0,PRE,0.77305263,0.0,0.0,,11.46133,11.46133,-0.17270836,-6.4961433,True,,0.0,0.0,EDT,-14400000,BTS,27.84,22.48,,,Tuttle Capital UFO Disclosure E,1770301800000,False,False,False,,[],0.5517998,200,us_market,29.793314,300,,,0.99,,25.6558,-2.6240005,-0.10227709,25.323036,-2.2912369,,15,0,America/New_York,22.61,3790,2640,0.024546254,22.48 - 27.84,-4.808201,UFOD,,,,,,,,,,,,
Industrials,industrials,89,XSPC,VegaShares SpaceX & Beyond Earth ETF,https://finance.yahoo.com/research-hub/screener/sec-ind_sec-top-etfs_industrials/,2026-07-20T08:47:27+00:00,en-US,US,ETF,ETF,Nasdaq Real Time Price,False,LOW,,,,,-0.061201096,,1784318400,19.3088,19.3088,VegaShares SpaceX & Beyond Earth ETF,18.54 - 19.3088,18.54,6671,-0.14626363,19.37,finmb_2002390984,NasdaqGM,2,-0.31595814,USD,2468470.0,PRE,,,,,,,-0.2570681,-23.281687,True,,19.25,19.3,EDT,-14400000,NGM,25.99,18.54,,,VegaShares SpaceX & Beyond Eart,1781616600000,False,False,False,,[],0.7687988,5,us_market,,5,,,0.75,,22.616817,-3.3080177,-0.14626363,22.616817,-3.3080177,,15,0,America/New_York,18.84,5531,1890,0.041467033,18.54 - 25.99,-6.6812,XSPC,,,,,,2026-06-16,,,,,,
Industrials,industrials,90,SUPL,ProShares Supply Chain Logistics ETF,https://finance.yahoo.com/research-hub/screener/sec-ind_sec-top-etfs_industrials/,2026-07-20T08:47:27+00:00,en-US,US,ETF,ETF,Delayed Quote,False,LOW,2.55,22.421525,,,0.0895996,,1784317017,48.6385,48.7,ProShares Supply Chain Logistics ETF,48.51 - 48.7,48.51,1579,0.1416586,48.5489,finmb_1764259543,NYSEArca,2,0.184555,USD,2279376.0,PRE,2.0331624,0.0,0.0,14.9243,8.49427,8.49427,-0.0012628449,27.127552,True,,0.0,0.0,EDT,-14400000,PCX,48.7,36.689,2.55,,ProShares Supply Chain Logistic,1649338200000,False,False,False,,[],11.949501,200,us_market,23.922585,100,,,0.58,,46.29516,2.3433418,0.050617427,42.603367,6.0351334,,15,0,America/New_York,48.7,1227,1260,0.32569712,36.689 - 48.7,-0.06150055,SUPL,,,,,,,,,,,,
Industrials,industrials,91,DOCK,"Corgi Ports, Rail & Freight ETF",https://finance.yahoo.com/research-hub/screener/sec-ind_sec-top-etfs_industrials/,2026-07-20T08:47:27+00:00,en-US,US,ETF,ETF,Delayed Quote,False,LOW,,,,,-0.0491009,,1784298305,28.3715,28.5001,,28.3715 - 28.5001,28.3715,1387,0.06001451,28.4206,finmb_1992147873,Cboe US,2,-0.172765,USD,1623106.0,PRE,1.074227,,,,,,-0.004512236,9.283519,True,,0.0,44.27,EDT,-14400000,BTS,28.5001,25.27,,,"Corgi Ports, Rail & Freight ETF",1778074200000,False,False,False,,[],3.1014996,2700,us_market,26.411085,1400,,,0.45,,26.7652,1.6063004,0.06001451,26.7652,1.6063004,,15,0,America/New_York,28.46,2008,2430,0.12273445,25.27 - 28.5001,-0.12859917,DOCK,,,,,,,,,,,,
Industrials,industrials,92,AV,Corgi Aerospace & Commercial Aviation ETF,https://finance.yahoo.com/research-hub/screener/sec-ind_sec-top-etfs_industrials/,2026-07-20T08:47:27+00:00,en-US,US,ETF,ETF,Delayed Quote,False,LOW,,,,,-0.162701,-0.00810051,1784217178,27.8281,27.8281,Corgi Aerospace & Commercial Aviation ETF,27.8281 - 27.8281,27.8281,62,0.0163066,27.9908,finmb_1992148746,Cboe US,2,-0.581265,USD,1448481.0,PRE,1.15299,0.0,0.0,,,,-0.06081333,5.2571893,True,,0.0,43.42,EDT,-14400000,BTS,29.63,25.04,,,Corgi Aerospace & Commercial Av,1778074200000,False,False,False,-0.0291091,[],2.7880993,2800,us_market,24.135595,1400,1784534993.0,27.82,0.35,,27.3816,0.44650078,0.0163066,27.3816,0.44650078,,15,0,America/New_York,28.0,1978,2240,0.11134581,25.04 - 29.63,-1.801899,AV,,,,,,,,,,,,
Industrials,industrials,93,TRUI,Vaneck Industrials TruSector ETF,https://finance.yahoo.com/research-hub/screener/sec-ind_sec-top-etfs_industrials/,2026-07-20T08:47:27+00:00,en-US,US,ETF,ETF,Delayed Quote,False,LOW,,,,,-0.17740059,,1784318400,25.6626,25.6626,Vaneck Industrials TruSector ETF,25.59 - 25.6626,25.59,195,-0.00063989207,25.84,finmb_1989624094,NasdaqGM,2,-0.68653476,USD,265171.0,PRE,0.8049231,,,,,,-0.032695103,3.0936122,True,,18.63,33.13,EDT,-14400000,NGM,26.53,24.26,,,VanEck Industrials TruSector ET,1780493400000,False,False,False,,[],1.4025993,1,us_market,31.882051,1,,,0.1,,25.679031,-0.016431808,-0.00063989207,25.679031,-0.016431808,,15,0,America/New_York,25.59,441,120,0.057815306,24.26 - 26.53,-0.8674011,TRUI,,,,,,2026-06-03,,Vaneck Etf Trust - Vaneck Indls Trisector Etf,2026-07-17,,,
