sector,yahoo_sector_key,rank,ticker,etf_name,source_url,retrieved_at_utc,screen_language,screen_region,screen_quote_type,screen_type_disp,screen_quote_source_name,screen_triggerable,screen_custom_price_alert_confidence,screen_yield_ttm,screen_pe_ttm,screen_annual_return_nav_y3,screen_annual_return_nav_y5,screen_post_market_price,screen_post_market_change,screen_regular_market_change,screen_regular_market_time,screen_regular_market_price,screen_regular_market_day_high,screen_price_hint,screen_full_exchange_name,screen_regular_market_day_range,screen_regular_market_day_low,screen_regular_market_volume,screen_average_daily_volume10_day,screen_currency,screen_trailing_annual_dividend_rate,screen_trailing_annual_dividend_yield,screen_trailing_three_month_returns,screen_trailing_three_month_nav_returns,screen_eps_trailing_twelve_months,screen_fifty_two_week_change_percent,screen_fifty_day_average,screen_fifty_day_average_change,screen_fifty_two_week_high_change,screen_has_pre_post_market_data,screen_first_trade_date_milliseconds,screen_long_name,screen_trailing_pe,screen_regular_market_change_percent,screen_regular_market_previous_close,screen_message_board_id,screen_esg_populated,screen_tradeable,screen_crypto_tradeable,screen_fifty_day_average_change_percent,screen_two_hundred_day_average,screen_two_hundred_day_average_change,screen_source_interval,screen_exchange_data_delayed_by,screen_exchange_timezone_name,screen_exchange_timezone_short_name,screen_gmt_off_set_milliseconds,screen_post_market_change_percent,screen_net_expense_ratio,screen_exchange,screen_fifty_two_week_high,screen_fifty_two_week_low,screen_dividend_yield,screen_short_name,screen_ask,screen_bid,screen_fifty_two_week_low_change_percent,screen_bid_size,screen_fifty_two_week_range,screen_post_market_time,screen_fifty_two_week_low_change,screen_average_daily_volume3_month,screen_net_assets,screen_regular_market_open,screen_market_state,screen_ytd_return,screen_corporate_actions,screen_two_hundred_day_average_change_percent,screen_market,screen_ask_size,screen_fifty_two_week_high_change_percent,screen_symbol,screen_shares_outstanding,screen_book_value,screen_price_to_book,screen_financial_currency,screen_ipo_expected_date,screen_dividend_date,screen_earnings_call_timestamp_start,screen_earnings_call_timestamp_end,screen_is_earnings_date_estimate,screen_earnings_timestamp_start,screen_earnings_timestamp_end,screen_display_name,screen_prev_name,screen_name_change_date
Materials,basic-materials,1,GDX,VanEck Gold Miners ETF,https://finance.yahoo.com/research-hub/screener/sec-ind_sec-top-etfs_basic-materials/,2026-07-19T04:19:51+00:00,en-US,US,ETF,ETF,Nasdaq Real Time Price,False,LOW,0.84,13.577733,10.23739,-9.50732,71.42,0.099998474,-0.0800018,1784318400,71.32,71.92,2,NYSEArca,69.74 - 71.92,69.74,18140981,17984930,USD,0.0,0.0,-17.42989,-17.42989,5.5510006,34.515274,82.3478,-11.0278015,-45.86,True,1148304600000,VanEck Gold Miners ETF,12.848134,-0.112047,71.4,finmb_27307407,False,False,False,-0.13391738,87.58755,-16.267548,15,0,America/New_York,EDT,-14400000,0.14021099,0.51,PCX,117.18,51.37,0.84,VanEck Gold Miners ETF,71.33,71.2,0.38835898,300,51.37 - 117.18,1784332786.0,19.95,22295961,22753128400.0,70.4,CLOSED,-12.38084,[],-0.185729,us_market,900,-0.3913637,GDX,,,,,,,,,,,,,,
Materials,basic-materials,2,XLB,State Street Materials Select Sector SPDR ETF,https://finance.yahoo.com/research-hub/screener/sec-ind_sec-top-etfs_basic-materials/,2026-07-19T04:19:51+00:00,en-US,US,ETF,ETF,Delayed Quote,False,LOW,1.67,26.239832,12.44029,27.46714,50.68,0.15000153,-0.360001,1784318400,50.53,51.445,2,NYSEArca,50.385 - 51.445,50.385,8124328,10964260,USD,1.39,0.027313814,2.18263,2.18263,1.9384096,11.446846,51.129,-0.59900284,-3.6100006,True,914337000000,State Street Materials Select Sector SPDR ETF,26.067762,-0.707409,50.89,finmb_8795509,False,False,False,-0.01171552,48.6197,1.9102974,15,0,America/New_York,EDT,-14400000,0.29685637,0.08,PCX,54.14,42.035,1.67,State Street Materials Select S,50.51,50.5,0.20209347,7300,42.035 - 54.14,1784332460.0,8.494999,11280080,8166011400.0,50.8,CLOSED,13.12288,[],0.039290603,us_market,6200,-0.06667899,XLB,71923696.0,79.114,0.6386986,USD,,,,,,,,,,
Materials,basic-materials,3,VCRB,Vanguard Core Bond ETF,https://finance.yahoo.com/research-hub/screener/sec-ind_sec-top-etfs_basic-materials/,2026-07-19T04:19:51+00:00,en-US,US,ETF,ETF,Nasdaq Real Time Price,False,LOW,4.48,36.101083,,,76.5849,0.0048980713,0.044898987,1784318400,76.5849,76.7,2,NasdaqGM,76.57 - 76.7,76.57,354226,527210,USD,,,0.99263,0.99263,2.139346,-0.5764067,76.89926,-0.31436157,-2.5951004,True,1702564200000,Vanguard Core Bond ETF,35.79828,0.058660813,76.54,finmb_1858476233,False,False,False,-0.004087966,77.79693,-1.2120285,15,0,America/New_York,EDT,-14400000,0.006396019,0.1,NGM,79.18,76.125,4.48,Vanguard Core Bond ETF,76.59,76.5,0.0060413782,3,76.125 - 79.18,1784319005.0,0.4598999,529290,7294146600.0,76.67,CLOSED,0.94643,[],-0.015579388,us_market,3,-0.032774694,VCRB,,,,,2023-12-14,,,,,,,,,
Materials,basic-materials,4,COPX,Global X Copper Miners ETF,https://finance.yahoo.com/research-hub/screener/sec-ind_sec-top-etfs_basic-materials/,2026-07-19T04:19:51+00:00,en-US,US,ETF,ETF,Nasdaq Real Time Price,False,LOW,2.51,17.190992,9.29965,24.01101,73.49,0.13999939,-1.33,1784318400,73.35,74.08,2,NYSEArca,71.76 - 74.08,71.76,2099882,2638740,USD,,,3.97765,3.97765,4.473273,63.43583,82.2688,-8.9188,-26.64,True,1271770200000,Global X Copper Miners ETF,16.39739,-1.78093,74.68,finmb_102327242,False,False,False,-0.108410485,76.41355,-3.0635529,15,0,America/New_York,EDT,-14400000,0.19086489,0.65,PCX,99.99,41.94,2.51,Global X Copper Miners ETF,73.35,73.31,0.74892706,600,41.94 - 99.99,1784332759.0,31.41,3790361,7154050600.0,72.21,CLOSED,7.0057,[],-0.04009175,us_market,600,-0.26642665,COPX,,,,,,,,,,,,,,
Materials,basic-materials,5,GDXJ,VanEck Junior Gold Miners ETF,https://finance.yahoo.com/research-hub/screener/sec-ind_sec-top-etfs_basic-materials/,2026-07-19T04:19:51+00:00,en-US,US,ETF,ETF,Nasdaq Real Time Price,False,LOW,2.7,13.267878,7.8007,-21.37088,92.2,0.0,-0.450005,1784318400,92.2,93.27,2,NYSEArca,89.84 - 93.27,89.84,4839223,4499110,USD,,,-17.29652,-17.29652,7.405856,34.421932,107.938,-15.738007,-65.29001,True,1257949800000,VanEck Junior Gold Miners ETF,12.449607,-0.485704,92.65,finmb_79345080,False,False,False,-0.14580598,115.21695,-23.016953,15,0,America/New_York,EDT,-14400000,0.0,0.52,PCX,157.49,63.9,2.7,VanEck Junior Gold Miners ETF,92.99,92.23,0.4428794,100,63.9 - 157.49,1784332735.0,28.299995,5721777,7078292000.0,90.98,CLOSED,-13.98057,[],-0.19977054,us_market,100,-0.41456604,GDXJ,,,,,,,,,,,,,,
Materials,basic-materials,6,VAW,Vanguard Materials Index Fund ETF Shares,https://finance.yahoo.com/research-hub/screener/sec-ind_sec-top-etfs_basic-materials/,2026-07-19T04:19:51+00:00,en-US,US,ETF,ETF,Nasdaq Real Time Price,False,LOW,1.39,24.734108,13.66502,27.27151,224.085,0.4750061,-2.2,1784318400,223.61,226.88,2,NYSEArca,223.35 - 226.88,223.35,37656,42550,USD,,,1.90237,1.90237,9.256448,11.281979,230.2966,-6.6865997,-21.649994,True,1075473000000,Vanguard Materials Index Fund ETF Shares,24.157215,-0.974269,225.81,finmb_22939102,False,False,False,-0.02903473,220.8547,2.7552948,15,0,America/New_York,EDT,-14400000,0.21242614,0.09,PCX,245.26,190.29,1.39,Vanguard Materials ETF,230.0,215.0,0.1751012,900,190.29 - 245.26,1784332765.0,33.320007,54685,4486959600.0,224.75,CLOSED,11.12949,[],0.0124756,us_market,900,-0.088273644,VAW,,,,,,,,,,,,,,
Materials,basic-materials,7,XME,State Street SPDR S&P Metals & Mining ETF,https://finance.yahoo.com/research-hub/screener/sec-ind_sec-top-etfs_basic-materials/,2026-07-19T04:19:51+00:00,en-US,US,ETF,ETF,Delayed Quote,False,LOW,0.35,20.794344,21.50368,34.9432,99.263,0.913002,-0.639999,1784318400,98.35,99.53,2,NYSEArca,96.43 - 99.53,96.43,2546424,1962710,USD,0.32,0.0032326498,-0.89004,-0.89004,5.141304,29.339827,114.6936,-16.343605,-37.329994,True,1150983000000,State Street SPDR S&P Metals & Mining ETF,19.129387,-0.646529,98.99,finmb_27776009,False,False,False,-0.14249797,110.28705,-11.93705,15,0,America/New_York,EDT,-14400000,0.9283193,0.35,PCX,135.68,71.07,0.35,State Street SPDR S&P Metals & ,98.45,97.52,0.3838469,600,71.07 - 135.68,1784332306.0,27.279999,2194704,4383336400.0,97.54,CLOSED,3.28277,[],-0.108236186,us_market,100,-0.27513263,XME,17500200.0,43.027,2.285774,USD,,,,,,,,,,
Materials,basic-materials,8,SIL,Global X Silver Miners ETF,https://finance.yahoo.com/research-hub/screener/sec-ind_sec-top-etfs_basic-materials/,2026-07-19T04:19:51+00:00,en-US,US,ETF,ETF,Nasdaq Real Time Price,False,LOW,1.31,15.873016,1.92403,-18.34289,71.75,0.010002136,-0.170006,1784318400,71.74,72.38,2,NYSEArca,69.68 - 72.38,69.68,820957,876520,USD,0.0,0.0,-13.25566,-13.25566,4.87116,43.36531,84.5396,-12.799599,-47.5,True,1271770200000,Global X Silver Miners ETF,14.727498,-0.236415,71.91,finmb_102327218,False,False,False,-0.15140359,86.40175,-14.661751,15,0,America/New_York,EDT,-14400000,0.0139422035,0.65,PCX,119.24,47.09,1.31,Global X Silver Miners ETF,72.08,71.48,0.52346563,1800,47.09 - 119.24,1784331901.0,24.649998,1574464,4207305470.0,70.67,CLOSED,-7.62586,[],-0.16969275,us_market,300,-0.39835626,SIL,,,,,,,,,,,,,,
Materials,basic-materials,9,SILJ,Amplify Junior Silver Miners ETF,https://finance.yahoo.com/research-hub/screener/sec-ind_sec-top-etfs_basic-materials/,2026-07-19T04:19:51+00:00,en-US,US,ETF,ETF,Nasdaq Real Time Price,False,LOW,2.14,15.921032,33.4551,-28.45254,23.75,-0.040000916,-0.0299988,1784318400,23.79,24.065,2,NYSEArca,23.06 - 24.065,23.06,3827341,3104650,USD,0.0,0.0,-12.70379,-12.70379,1.6280351,53.78151,28.0366,-4.246599,-17.309998,True,1354199400000,Amplify Junior Silver Miners ETF,14.612708,-0.125939,23.82,finmb_223194694,False,False,False,-0.15146627,28.82705,-5.0370483,15,0,America/New_York,EDT,-14400000,-0.16814171,0.69,PCX,41.1,14.37,2.14,Amplify Junior Silver Miners ET,23.72,23.77,0.6555324,1200,14.37 - 41.1,1784332597.0,9.420001,4550083,3404911360.0,23.44,CLOSED,-6.47914,[],-0.1747334,us_market,600,-0.42116785,SILJ,,,,,,,,,,,,,,
Materials,basic-materials,10,REMX,VanEck Rare Earth and Strategic Metals ETF,https://finance.yahoo.com/research-hub/screener/sec-ind_sec-top-etfs_basic-materials/,2026-07-19T04:19:51+00:00,en-US,US,ETF,ETF,Delayed Quote,False,LOW,1.47,40.290089,-18.9958,80.47367,72.73,0.060005188,-0.560005,1784318400,72.67,73.23,2,NYSEArca,70.425 - 73.23,70.425,825467,800280,USD,0.0,0.0,0.62493,0.62493,2.198059,41.05202,92.4656,-19.7956,-38.880005,True,1288272600000,VanEck Rare Earth and Strategic Metals ETF,33.060986,-0.764721,73.23,finmb_115090089,False,False,False,-0.21408612,85.6407,-12.970703,15,0,America/New_York,EDT,-14400000,0.08257216,0.53,PCX,111.55,48.46,1.47,VanEck Rare Earth and Strategic,74.88,71.5,0.49958727,100,48.46 - 111.55,1784332507.0,24.21,1001530,2694514940.0,71.0,CLOSED,20.14652,[],-0.1514549,us_market,100,-0.3485433,REMX,,,,,,,,,,,,,,
Materials,basic-materials,11,FTSL,First Trust Senior Loan Fund,https://finance.yahoo.com/research-hub/screener/sec-ind_sec-top-etfs_basic-materials/,2026-07-19T04:19:51+00:00,en-US,US,ETF,ETF,Nasdaq Real Time Price,False,LOW,,,11.12894,4.01958,45.0,0.0,0.0699997,1784318401,45.0,45.0,2,NasdaqGM,44.93 - 45.0,44.93,303007,255250,USD,0.0,0.0,1.50119,1.50119,,-2.5552213,44.9644,0.035598755,-1.1899986,True,1367501400000,First Trust Senior Loan Fund,,0.155797,44.93,finmb_207420199,False,False,False,0.00079170975,45.36425,-0.36425018,15,0,America/New_York,EDT,-14400000,0.0,0.7,NGM,46.19,44.37,6.4,First Trust Senior Loan Fund,46.43,43.46,0.014198807,1,44.37 - 46.19,1784319005.0,0.63000107,223250,2301678590.0,44.94,CLOSED,0.35335,[],-0.008029454,us_market,1,-0.025763122,FTSL,,,,,,1496188800.0,,,,,,,,
Materials,basic-materials,12,PICK,iShares MSCI Global Metals & Mining Producers ETF,https://finance.yahoo.com/research-hub/screener/sec-ind_sec-top-etfs_basic-materials/,2026-07-19T04:19:51+00:00,en-US,US,ETF,ETF,Delayed Quote,False,LOW,2.26,20.008003,10.05164,22.34686,56.0,-0.27000046,-0.389999,1784318400,56.27,56.615,2,Cboe US,55.2301 - 56.615,55.2301,328536,689070,USD,0.0,0.0,4.04341,4.04341,2.906337,39.83599,62.0156,-5.745598,-12.749996,True,1328193000000,iShares MSCI Global Metals & Mining Producers ETF,19.361141,-0.688315,56.66,finmb_160289298,False,False,False,-0.09264763,55.89985,0.37015152,15,0,America/New_York,EDT,-14400000,-0.4798302,0.39,BTS,69.02,37.89,2.26,iShares MSCI Global Select Meta,56.26,56.23,0.48508844,100,37.89 - 69.02,1784324799.0,18.380001,758938,2201724420.0,55.5,CLOSED,15.1104,[],0.006621691,us_market,300,-0.18472902,PICK,8350000.0,,,,,,,,,,,,,
Materials,basic-materials,13,RING,iShares MSCI Global Gold Miners ETF,https://finance.yahoo.com/research-hub/screener/sec-ind_sec-top-etfs_basic-materials/,2026-07-19T04:19:51+00:00,en-US,US,ETF,ETF,Nasdaq Real Time Price,False,LOW,1.4,12.268433,12.61905,-7.96785,60.96,0.040000916,-0.490002,1784318400,60.92,61.53,2,NasdaqGM,59.86 - 61.53,59.86,1080938,449500,USD,0.0,0.0,-17.64722,-17.64722,5.265546,36.04288,71.2766,-10.356606,-39.490005,True,1328193000000,iShares MSCI Global Gold Miners ETF,11.5695505,-0.797918,61.41,finmb_160291964,False,False,False,-0.14530161,75.3407,-14.4207,15,0,America/New_York,EDT,-14400000,0.065661386,0.39,NGM,100.41,43.5,1.4,iShares MSCI Global Gold Miners,61.08,59.12,0.40045974,1,43.5 - 100.41,1784327102.0,17.419998,497335,2200809730.0,60.36,CLOSED,-11.69411,[],-0.1914065,us_market,4,-0.39328757,RING,11500000.0,,,,,1514246400.0,,,,,,,,
Materials,basic-materials,14,VPLS,Vanguard Core-Plus Bond ETF,https://finance.yahoo.com/research-hub/screener/sec-ind_sec-top-etfs_basic-materials/,2026-07-19T04:19:51+00:00,en-US,US,ETF,ETF,Nasdaq Real Time Price,False,LOW,4.51,35.48616,,,76.963,-0.0019989014,0.022994995,1784318400,76.963,77.08,2,NasdaqGM,76.9403 - 77.08,76.9403,82590,178610,USD,,,1.24838,1.24838,2.1828227,-0.32894015,77.2493,-0.28630066,-2.4470062,True,1701959400000,Vanguard Core-Plus Bond ETF,35.258472,0.029886918,76.94,finmb_1676103236,False,False,False,-0.003706191,78.05498,-1.09198,15,0,America/New_York,EDT,-14400000,-0.0025971564,0.2,NGM,79.41,76.43,4.51,Vanguard Core Plus Bond ETF,83.21,70.87,0.006973664,2,76.43 - 79.41,1784319005.0,0.53299713,169801,1665002750.0,77.03,CLOSED,1.11208,[],-0.013989883,us_market,2,-0.030814836,VPLS,,,,,2023-12-07,,,,,,,,,
Materials,basic-materials,15,IYM,iShares U.S. Basic Materials ETF,https://finance.yahoo.com/research-hub/screener/sec-ind_sec-top-etfs_basic-materials/,2026-07-19T04:19:51+00:00,en-US,US,ETF,ETF,Nasdaq Real Time Price,False,LOW,1.3,24.402147,12.72761,25.51911,172.27,-1.6699982,-1.17999,1784318400,173.94,175.63,2,NYSEArca,173.5849 - 175.63,173.5849,71887,148370,USD,1.797,0.010261536,2.32244,2.32244,7.3600936,19.415081,182.2034,-8.263397,-17.429993,True,961507800000,iShares U.S. Basic Materials ETF,23.632853,-0.67382,175.12,finmb_8795771,False,False,False,-0.045352597,168.9268,5.013199,15,0,America/New_York,EDT,-14400000,-0.9601001,0.38,PCX,191.37,138.03,1.3,iShares U.S. Basic Materials ET,173.88,173.81,0.26016086,600,138.03 - 191.37,1784324294.0,35.910004,211575,1409876350.0,173.98,CLOSED,17.35114,[],0.029676752,us_market,1300,-0.09108007,IYM,4200000.0,133.641,1.3015467,USD,,,,,,,,,,
Materials,basic-materials,16,CARY,Angel Oak Income ETF,https://finance.yahoo.com/research-hub/screener/sec-ind_sec-top-etfs_basic-materials/,2026-07-19T04:19:51+00:00,en-US,US,ETF,ETF,Nasdaq Real Time Price,False,LOW,,,,,20.785,0.0,0.0,1784318400,20.785,20.8,2,NasdaqGM,20.77 - 20.8,20.77,309188,596660,USD,0.0,0.0,1.37008,1.37008,,-0.09613037,20.78866,-0.003660202,-0.7600002,True,1667917800000,Angel Oak Income ETF,,0.0,20.785,finmb_1800756921,False,False,False,-0.00017606725,20.89443,-0.10943031,15,0,America/New_York,EDT,-14400000,0.0,0.8,NGM,21.545,20.62,5.71,Angel Oak Income ETF,20.79,20.72,0.008001892,8,20.62 - 21.545,1784319005.0,0.16499901,428819,1279817600.0,20.79,CLOSED,2.29373,[],-0.0052372958,us_market,13,-0.035275016,CARY,,,,,2024-12-20,,,,,,,,,
Materials,basic-materials,17,VSDB,Vanguard Short Duration Bond ETF Shares,https://finance.yahoo.com/research-hub/screener/sec-ind_sec-top-etfs_basic-materials/,2026-07-19T04:19:51+00:00,en-US,US,ETF,ETF,Nasdaq Real Time Price,False,LOW,3.95,46.274873,,,76.05,-0.019996643,-0.0399933,1784318391,76.05,76.1422,2,Cboe US,76.04 - 76.1422,76.04,30292,50580,USD,0.0,0.0,1.0724,1.0724,1.6466819,0.07237196,76.11124,-0.06123352,-1.5899963,True,1743687000000,Vanguard Short Duration Bond ETF Shares,46.183784,-0.0525605,76.09,finmb_1917052984,False,False,False,-0.0008045267,76.43224,-0.3822403,15,0,America/New_York,EDT,-14400000,-0.02628716,0.15,BTS,77.64,75.76,3.95,Vanguard Short Duration Bond ET,114.13,76.05,0.0038278894,700,75.76 - 77.64,1784319005.0,0.29000092,121670,895731010.0,76.135,CLOSED,1.28249,[],-0.0050010346,us_market,700,-0.020479087,VSDB,,,,,,,,,,,,,,
Materials,basic-materials,18,NUGT,Direxion Daily Gold Miners Index Bull 2X Shares,https://finance.yahoo.com/research-hub/screener/sec-ind_sec-top-etfs_basic-materials/,2026-07-19T04:19:51+00:00,en-US,US,ETF,ETF,Nasdaq Real Time Price,False,LOW,0.61,13.577733,2.71469,-26.28461,104.0,0.5299988,-0.459999,1784318400,103.47,105.255,2,NYSEArca,99.0227 - 105.255,99.0227,686145,630810,USD,,,-37.6426,-37.6426,8.631191,35.272587,144.0782,-40.6082,-217.32,True,1291818600000,Direxion Daily Gold Miners Index Bull 2X Shares,11.987917,-0.442605,103.93,finmb_116840403,False,False,False,-0.28184834,182.32065,-78.85065,15,0,America/New_York,EDT,-14400000,0.51222456,1.13,PCX,320.79,71.6,0.61,Direxion Daily Gold Miners Inde,104.0,103.18,0.44511178,500,71.6 - 320.79,1784332536.0,31.870003,626201,855724740.0,100.53,CLOSED,-36.09717,[],-0.43248338,us_market,300,-0.67745256,NUGT,,,,,,,,,,,,,,
Materials,basic-materials,19,SLVP,iShares MSCI Global Silver and Metals Miners ETF,https://finance.yahoo.com/research-hub/screener/sec-ind_sec-top-etfs_basic-materials/,2026-07-19T04:19:51+00:00,en-US,US,ETF,ETF,Delayed Quote,False,LOW,2.28,15.713388,-2.05343,-23.04693,29.53,0.5300007,0.0100002,1784318400,29.0,29.23,2,Cboe US,28.12 - 29.23,28.12,115254,228100,USD,,,-12.73738,-12.73738,1.9620211,57.6087,33.704,-4.7039986,-21.150002,True,1328193000000,iShares MSCI Global Silver and Metals Miners ETF,14.780677,0.0344954,28.99,finmb_160292609,False,False,False,-0.13956797,34.64435,-5.644348,15,0,America/New_York,EDT,-14400000,1.8275886,0.39,BTS,50.15,17.42,2.28,iShares MSCI Global Silver and ,31.9,28.93,0.66475314,700,17.42 - 50.15,1784324701.0,11.58,360856,822772480.0,28.53,CLOSED,-9.41486,[],-0.16292262,us_market,400,-0.4217348,SLVP,7100000.0,,,,,,,,,,,,,
Materials,basic-materials,20,GDXU,MicroSectors Gold Miners 3X Leveraged ETNs,https://finance.yahoo.com/research-hub/screener/sec-ind_sec-top-etfs_basic-materials/,2026-07-19T04:19:51+00:00,en-US,US,ETF,ETF,Delayed Quote,False,LOW,0.0,13.504389,,,69.31,0.16999817,-0.75,1784318400,69.14,71.25,2,NYSEArca,64.605 - 71.25,64.605,1135427,1445640,USD,0.0,0.0,-57.70792,-57.70792,6.343511,-7.5421214,124.8416,-55.7016,-471.64,True,1607005800000,MicroSectors Gold Miners 3X Leveraged ETNs,10.899326,-1.07311,69.89,finmb_698149477,False,False,False,-0.4461782,220.21635,-151.07635,15,0,America/New_York,EDT,-14400000,0.24587528,0.95,PCX,540.78,64.45,0.0,MicroSectors Gold Miners 3X Lev,69.72,68.5,0.07276963,100,64.45 - 540.78,1784332781.0,4.6900024,1425446,728154560.0,66.65,CLOSED,-64.75804,[],-0.68603605,us_market,400,-0.8721476,GDXU,,,,,,,1748433600.0,1748433600.0,False,1756125000.0,1756470600.0,,,
Materials,basic-materials,21,SLVR,Sprott Silver Miners & Physical Silver ETF,https://finance.yahoo.com/research-hub/screener/sec-ind_sec-top-etfs_basic-materials/,2026-07-19T04:19:51+00:00,en-US,US,ETF,ETF,Nasdaq Real Time Price,False,LOW,4.09,21.838829,,,47.0,-0.06499863,0.134998,1784318400,47.065,47.47,2,NasdaqGM,45.51 - 47.47,45.51,76052,100300,USD,0.0,0.0,-14.81615,-14.81615,2.2982001,43.05471,56.1546,-9.0896,-38.835003,True,1736951400000,Sprott Silver Miners & Physical Silver ETF,20.479069,0.287659,46.93,finmb_1887728648,False,False,False,-0.16186741,57.17014,-10.105141,15,0,America/New_York,EDT,-14400000,-0.13810396,0.65,NGM,85.9,29.81,4.09,Sprott Silver Miners & Physical,47.21,46.9,0.57883257,4,29.81 - 85.9,1784330746.0,17.255,166751,645818880.0,46.18,CLOSED,-9.88338,[],-0.17675558,us_market,4,-0.45209548,SLVR,,,,,2025-01-15,,,,,,,SILVERspac,,
Materials,basic-materials,22,FMAT,Fidelity MSCI Materials Index ETF,https://finance.yahoo.com/research-hub/screener/sec-ind_sec-top-etfs_basic-materials/,2026-07-19T04:19:51+00:00,en-US,US,ETF,ETF,Delayed Quote,False,LOW,1.43,24.727992,13.66281,27.60483,57.175,0.0,-0.57,1784318393,57.175,58.0,2,NYSEArca,57.11 - 58.0,57.11,41666,45460,USD,0.0,0.0,1.87529,1.87529,2.3676987,11.158633,58.906,-1.730999,-5.665001,True,1382621400000,Fidelity MSCI Materials Index ETF,24.14792,-0.987098,57.745,finmb_243638576,False,False,False,-0.029385785,56.52995,0.64505005,15,0,America/New_York,EDT,-14400000,0.0,0.084,PCX,62.84,48.76,1.43,Fidelity MSCI Materials Index E,57.25,57.23,0.17258,1400,48.76 - 62.84,1784323604.0,8.415001,65364,623540800.0,57.52,CLOSED,11.03352,[],0.011410766,us_market,700,-0.090149604,FMAT,,,,,,,,,,,,,,
Materials,basic-materials,23,SETM,Sprott Critical Materials ETF,https://finance.yahoo.com/research-hub/screener/sec-ind_sec-top-etfs_basic-materials/,2026-07-19T04:19:51+00:00,en-US,US,ETF,ETF,Nasdaq Real Time Price,False,LOW,1.46,20.145044,,,30.0,1.6499996,-0.25,1784318400,28.35,28.71,2,NasdaqGM,27.6929 - 28.71,27.6929,387906,196850,USD,0.0,0.0,-4.74587,-4.74587,1.5443004,40.520443,33.7408,-5.3907986,-12.199999,True,1675348200000,Sprott Critical Materials ETF,18.357826,-0.87412584,28.6,finmb_1802733259,False,False,False,-0.15977092,32.243305,-3.8933048,15,0,America/New_York,EDT,-14400000,5.8201046,0.65,NGM,40.55,18.21,1.46,Sprott Critical Materials ETF,28.65,28.18,0.556837,3,18.21 - 40.55,1784326315.0,10.140001,249491,574871490.0,28.08,CLOSED,7.94587,[],-0.12074769,us_market,3,-0.30086312,SETM,,,,,2023-02-02,,,,,,,,,
Materials,basic-materials,24,SGDM,Sprott Gold Miners ETF,https://finance.yahoo.com/research-hub/screener/sec-ind_sec-top-etfs_basic-materials/,2026-07-19T04:19:51+00:00,en-US,US,ETF,ETF,Delayed Quote,False,LOW,1.15,12.503126,2.6963,-9.24765,60.37,1.079998,0.137199,1784318391,59.29,59.6365,2,NYSEArca,57.99 - 59.6365,57.99,28247,32750,USD,0.0,0.0,-16.62071,-16.62071,5.0495214,30.336332,68.21416,-8.924156,-37.21,True,1405431000000,Sprott Gold Miners ETF,11.741707,0.231941,59.1528,finmb_265512660,False,False,False,-0.13082558,71.85577,-12.565765,15,0,America/New_York,EDT,-14400000,1.8215517,0.46,PCX,96.5,44.12,1.15,Sprott Gold Miners ETF,62.53,55.98,0.34383506,100,44.12 - 96.5,1784330570.0,15.170002,54266,558742660.0,58.92,CLOSED,-9.32816,[],-0.17487484,us_market,100,-0.38559586,SGDM,,,,,,,,,,,,,,
Materials,basic-materials,25,ICOP,iShares Copper and Metals Mining ETF,https://finance.yahoo.com/research-hub/screener/sec-ind_sec-top-etfs_basic-materials/,2026-07-19T04:19:51+00:00,en-US,US,ETF,ETF,Nasdaq Real Time Price,False,LOW,1.81,19.751136,,,46.0,-0.875,-0.544998,1784318401,46.875,47.26,2,NasdaqGM,45.8 - 47.26,45.8,47459,69870,USD,0.0,0.0,4.53185,4.53185,2.4955742,55.015053,51.82756,-4.9525604,-13.205002,True,1687786200000,iShares Copper and Metals Mining ETF,18.783253,-1.1493,47.42,finmb_1823240728,False,False,False,-0.095558435,47.400154,-0.5251541,15,0,America/New_York,EDT,-14400000,-1.8666667,0.47,NGM,60.08,28.51,1.81,iShares Copper and Metals Minin,47.5,46.34,0.6441599,1,28.51 - 60.08,1784324086.0,18.365,118970,428826752.0,46.29,CLOSED,11.96778,[],-0.011079165,us_market,1,-0.21979031,ICOP,,,,,2023-06-23,,,,,,,,,
Materials,basic-materials,26,FXZ,First Trust Materials AlphaDEX Fund,https://finance.yahoo.com/research-hub/screener/sec-ind_sec-top-etfs_basic-materials/,2026-07-19T04:19:51+00:00,en-US,US,ETF,ETF,Delayed Quote,False,LOW,1.37,23.590469,16.13979,30.89432,75.58,0.0,-0.269997,1784318373,75.58,76.16,2,NYSEArca,74.83 - 76.16,74.83,23903,51100,USD,0.0,0.0,4.45892,4.45892,3.3683095,25.736153,80.4626,-4.882599,-10.409996,True,1178890200000,First Trust Materials AlphaDEX Fund,22.438557,-0.355961,75.85,finmb_34336542,False,False,False,-0.060681593,72.529,3.0510025,15,0,America/New_York,EDT,-14400000,0.0,0.64,PCX,85.99,55.67,1.37,First Trust Materials AlphaDEX ,75.58,75.54,0.35764334,200,55.67 - 85.99,1784322300.0,19.910004,57200,393341888.0,75.17,CLOSED,23.35173,[],0.042065967,us_market,100,-0.12106054,FXZ,,,,,,,,,,,,,,
Materials,basic-materials,27,JNUG,Direxion Daily Junior Gold Miners Index Bull 2X Shares,https://finance.yahoo.com/research-hub/screener/sec-ind_sec-top-etfs_basic-materials/,2026-07-19T04:19:51+00:00,en-US,US,ETF,ETF,Nasdaq Real Time Price,False,LOW,2.41,13.2714,-4.38975,-46.5345,104.5471,-0.4729004,-1.07,1784318400,105.02,107.31,2,NYSEArca,99.42 - 107.31,99.42,359575,340940,USD,0.0,0.0,-39.10454,-39.10454,9.096252,29.73441,152.1978,-47.177803,-258.53,True,1380807000000,Direxion Daily Junior Gold Miners Index Bull 2X Shares,11.545414,-1.00858,106.09,finmb_247759518,False,False,False,-0.3099769,197.54546,-92.52546,15,0,America/New_York,EDT,-14400000,-0.45029557,1.03,PCX,363.55,70.02,2.41,Direxion Daily Junior Gold Mine,105.9,103.21,0.49985722,100,70.02 - 363.55,1784332740.0,35.0,301461,355744352.0,102.06,CLOSED,-40.7492,[],-0.46837553,us_market,100,-0.7111264,JNUG,,,,,,,,,,,,,,
Materials,basic-materials,28,MXI,iShares Global Materials ETF,https://finance.yahoo.com/research-hub/screener/sec-ind_sec-top-etfs_basic-materials/,2026-07-19T04:19:51+00:00,en-US,US,ETF,ETF,Delayed Quote,False,LOW,1.73,23.180343,14.49124,15.35604,104.26,0.0,-0.625999,1784318001,104.26,104.32,2,NYSEArca,103.56 - 104.32,103.56,2124,16360,USD,,,0.82904,0.82904,4.5780673,19.64655,109.401,-5.140999,-12.349998,True,1158931800000,iShares Global Materials ETF,22.773804,-0.596838,104.886,finmb_29247279,False,False,False,-0.046992246,103.4346,0.8254013,15,0,America/New_York,EDT,-14400000,0.0,0.39,PCX,116.61,83.5,1.73,iShares Global Materials ETF,110.31,100.0,0.24862278,200,83.5 - 116.61,1784322300.0,20.760002,24420,339587744.0,103.79,CLOSED,10.84268,[],0.007979934,us_market,300,-0.10590857,MXI,,,,,,,,,,,,,,
Materials,basic-materials,29,VGHY,Vanguard High-Yield Active ETF,https://finance.yahoo.com/research-hub/screener/sec-ind_sec-top-etfs_basic-materials/,2026-07-19T04:19:51+00:00,en-US,US,ETF,ETF,Nasdaq Real Time Price,False,LOW,,,,,74.63,0.0,-0.0200043,1784318389,74.63,74.72,2,Cboe US,74.595 - 74.72,74.595,62242,40440,USD,0.0,0.0,2.21187,2.21187,2.1719851,-0.7051647,74.66922,-0.039222717,-2.8850021,True,1758115800000,Vanguard High-Yield Active ETF,34.36027,-0.0267974,74.65,finmb_1951254562,False,False,False,-0.0005252863,75.02162,-0.39162445,15,0,America/New_York,EDT,-14400000,0.0,0.22,BTS,77.515,73.5,,Vanguard High-Yield Active ETF,74.65,74.63,0.015374112,200,73.5 - 77.515,1784319005.0,1.1299973,53082,293158240.0,74.57,CLOSED,1.88599,[],-0.0052201543,us_market,600,-0.03721863,VGHY,,,,,,,,,,,,,,
Materials,basic-materials,30,COPP,Sprott Copper Miners ETF,https://finance.yahoo.com/research-hub/screener/sec-ind_sec-top-etfs_basic-materials/,2026-07-19T04:19:51+00:00,en-US,US,ETF,ETF,Nasdaq Real Time Price,False,LOW,2.15,22.753129,,,36.65,0.62000275,-0.450001,1784318401,36.03,36.375,2,NasdaqGM,35.13 - 36.375,35.13,161095,102560,USD,0.0,0.0,8.68849,8.68849,1.6875305,54.635193,39.94548,-3.9154816,-11.43,True,1709735400000,Sprott Copper Miners ETF,21.350725,-1.23355,36.48,finmb_1867980280,False,False,False,-0.09802064,36.430977,-0.4009781,15,0,America/New_York,EDT,-14400000,1.7207959,0.66,NGM,47.46,20.81,2.15,Sprott Copper Miners ETF,38.82,32.96,0.73137915,1,20.81 - 47.46,1784330549.0,15.219999,147479,285671040.0,35.66,CLOSED,10.58897,[],-0.011006515,us_market,1,-0.2408344,COPP,,,,,2024-03-06,,,,,,,,,
Materials,basic-materials,31,SGDJ,Sprott Junior Gold Miners ETF,https://finance.yahoo.com/research-hub/screener/sec-ind_sec-top-etfs_basic-materials/,2026-07-19T04:19:51+00:00,en-US,US,ETF,ETF,Delayed Quote,False,LOW,9.41,11.710973,6.74855,-15.47425,71.74,0.0,-0.32,1784318400,71.74,72.2,2,NYSEArca,69.72 - 72.2,69.72,56706,47670,USD,0.0,0.0,-11.26499,-11.26499,6.3935423,38.818478,82.82644,-11.086441,-44.035004,True,1427808600000,Sprott Junior Gold Miners ETF,11.220696,-0.444074,72.06,finmb_285064774,False,False,False,-0.13385147,86.79714,-15.057144,15,0,America/New_York,EDT,-14400000,0.0,0.5,PCX,115.775,47.39,9.41,Sprott Junior Gold Miners ETF,75.49,68.12,0.5138215,100,47.39 - 115.775,1784322300.0,24.349998,67783,265056000.0,70.99,CLOSED,-11.52712,[],-0.17347512,us_market,400,-0.38034984,SGDJ,,,,,,,,,,,,,,
Materials,basic-materials,32,WOOD,iShares Global Timber & Forestry ETF,https://finance.yahoo.com/research-hub/screener/sec-ind_sec-top-etfs_basic-materials/,2026-07-19T04:19:51+00:00,en-US,US,ETF,ETF,Nasdaq Real Time Price,False,LOW,2.54,13.163091,13.83414,16.7299,69.1862,0.15620422,0.08620453,1784318400,69.1862,69.636,2,NasdaqGM,69.0 - 69.636,69.0,19479,8700,USD,0.0,0.0,-5.71635,-5.71635,5.0399423,-5.18021,67.165,2.021202,-14.133797,True,1214400600000,iShares Global Timber & Forestry ETF,13.727578,0.124753304,69.1,finmb_78977234,False,False,False,0.030093085,71.0658,-1.8796005,15,0,America/New_York,EDT,-14400000,0.22628455,0.4,NGM,83.32,64.53,2.54,iShares Global Timber & Forestr,69.75,68.54,0.072155654,1,64.53 - 83.32,1784319005.0,4.656204,15754,246789344.0,69.636,CLOSED,-7.05382,[],-0.026448734,us_market,1,-0.1696327,WOOD,,,,,,1482969600.0,,,,,,,,
Materials,basic-materials,33,VGMS,Vanguard Multi-Sector Income Bond ETF,https://finance.yahoo.com/research-hub/screener/sec-ind_sec-top-etfs_basic-materials/,2026-07-19T04:19:51+00:00,en-US,US,ETF,ETF,Nasdaq Real Time Price,False,LOW,4.91,34.989503,,,51.075,0.0,-0.0349998,1784318386,51.075,51.13,2,Cboe US,51.06 - 51.13,51.06,67218,44620,USD,,,2.03782,2.03782,1.4630102,0.24533272,51.14532,-0.07032013,-1.125,True,1749648600000,Vanguard Multi-Sector Income Bond ETF,34.9109,-0.0684794,51.11,finmb_1936548521,False,False,False,-0.0013749084,51.4508,-0.3758011,15,0,America/New_York,EDT,-14400000,0.0,0.3,BTS,52.2,50.48,4.91,Vanguard Multi-Sector Income Bo,51.65,48.05,0.011786871,200,50.48 - 52.2,1784319005.0,0.5950012,39388,234962096.0,51.13,CLOSED,1.62016,[],-0.007304086,us_market,100,-0.021551725,VGMS,,,,,,,,,,,,,,
Materials,basic-materials,34,RSPM,Invesco S&P 500 Equal Weight Materials ETF,https://finance.yahoo.com/research-hub/screener/sec-ind_sec-top-etfs_basic-materials/,2026-07-19T04:19:51+00:00,en-US,US,ETF,ETF,Delayed Quote,False,LOW,1.78,25.621317,8.27653,31.23197,38.5888,0.0,-0.181202,1784318286,38.5888,38.88,2,NYSEArca,38.47 - 38.88,38.47,4198,26140,USD,,,0.59109,0.59109,1.5081426,14.239192,38.9588,-0.37000275,-2.8311996,True,1162909800000,Invesco S&P 500 Equal Weight Materials ETF,25.58697,-0.467377,38.77,finmb_30149166,False,False,False,-0.009497283,36.7998,1.7889977,15,0,America/New_York,EDT,-14400000,0.0,0.4,PCX,41.42,30.98,1.78,Invesco S&P 500 Equal Weight Ma,38.57,38.55,0.24560359,100,30.98 - 41.42,1784322300.0,7.608799,15875,175531008.0,38.72,CLOSED,14.5379,[],0.04861433,us_market,500,-0.068353444,RSPM,,,,,,,,,,,,,,
Materials,basic-materials,35,SLX,VanEck Steel ETF,https://finance.yahoo.com/research-hub/screener/sec-ind_sec-top-etfs_basic-materials/,2026-07-19T04:19:51+00:00,en-US,US,ETF,ETF,Delayed Quote,False,LOW,1.33,19.443904,31.306,28.3097,100.22,0.0,-0.0550003,1784318398,100.22,100.73,2,NYSEArca,98.7214 - 100.73,98.7214,17481,26400,USD,0.0,0.0,7.57757,7.57757,5.0817986,39.71839,105.1116,-4.8916016,-13.779999,True,1161091800000,VanEck Steel ETF,19.721365,-0.0548495,100.275,finmb_29729860,False,False,False,-0.046537217,92.57975,7.640251,15,0,America/New_York,EDT,-14400000,0.0,0.55,PCX,114.0,66.69,1.33,VanEck Steel ETF,100.55,100.11,0.502774,300,66.69 - 114.0,1784323877.0,33.53,55853,169951152.0,99.15,CLOSED,16.53497,[],0.08252616,us_market,200,-0.120877184,SLX,,,,,,,,,,,,,,
Materials,basic-materials,36,GOAU,U.S. Global GO GOLD and Precious Metal Miners ETF,https://finance.yahoo.com/research-hub/screener/sec-ind_sec-top-etfs_basic-materials/,2026-07-19T04:19:51+00:00,en-US,US,ETF,ETF,Delayed Quote,False,LOW,1.08,15.554519,10.67325,-8.71679,35.86,0.69250107,-0.202499,1784317053,35.1675,35.3965,2,NYSEArca,34.3428 - 35.3965,34.3428,31142,22150,USD,,,-16.35083,-16.35083,2.3863742,18.03323,40.10286,-4.93536,-21.9225,True,1498743000000,U.S. Global GO GOLD and Precious Metal Miners ETF,14.736792,-0.572517,35.37,finmb_430331952,False,False,False,-0.123067535,43.275455,-8.107956,15,0,America/New_York,EDT,-14400000,1.9691507,0.6,PCX,57.09,28.27,1.08,US Global GO Gold and Precious ,35.1,35.01,0.24398652,300,28.27 - 57.09,1784330934.0,6.897499,33780,164807904.0,34.67,CLOSED,-13.03872,[],-0.18735692,us_market,600,-0.38399896,GOAU,,,,,,,,,,,,,,
Materials,basic-materials,37,COPJ,Sprott Junior Copper Miners ETF,https://finance.yahoo.com/research-hub/screener/sec-ind_sec-top-etfs_basic-materials/,2026-07-19T04:19:51+00:00,en-US,US,ETF,ETF,Nasdaq Real Time Price,False,LOW,,,,,37.5862,-0.018699646,-0.6351013,1784318400,37.6049,37.875,2,NasdaqGM,36.71 - 37.875,36.71,65123,58400,USD,0.0,0.0,4.1318,4.1318,2.0054777,43.700565,41.7413,-4.1363983,-16.3401,True,1675348200000,Sprott Junior Copper Miners ETF,18.751095,-1.6608298,38.24,finmb_1802730191,False,False,False,-0.09909606,40.641705,-3.0368042,15,0,America/New_York,EDT,-14400000,-0.04972662,0.75,NGM,53.945,24.252,11.42,Sprott Junior Copper Miners ETF,37.96,37.24,0.5505896,3,24.252 - 53.945,1784331121.0,13.3529,90712,150915808.0,37.47,CLOSED,1.60755,[],-0.07472138,us_market,3,-0.30290294,COPJ,,,,,2023-02-02,,,,,,,,,
Materials,basic-materials,38,GDMN,WisdomTree Efficient Gold Plus Gold Miners Strategy Fund,https://finance.yahoo.com/research-hub/screener/sec-ind_sec-top-etfs_basic-materials/,2026-07-19T04:19:51+00:00,en-US,US,ETF,ETF,Nasdaq Real Time Price,False,LOW,3.47,12.677485,,,68.77,0.08999634,0.129997,1784318393,68.68,69.39,2,Cboe US,67.25 - 69.39,67.25,26824,42490,USD,0.0,0.0,-27.3876,-27.3876,5.7112274,32.140457,84.40042,-15.720421,-78.590004,True,1639665000000,WisdomTree Efficient Gold Plus Gold Miners Strategy Fund,12.025436,0.189639,68.55,finmb_1681262913,False,False,False,-0.18625998,96.08187,-27.40187,15,0,America/New_York,EDT,-14400000,0.13103719,0.45,BTS,147.27,48.569,3.47,WisdomTree Efficient Gold Plus ,68.63,67.5,0.4140707,500,48.569 - 147.27,1784328321.0,20.111,45200,148428352.0,67.12,CLOSED,-22.60726,[],-0.28519294,us_market,500,-0.5336457,GDMN,,,,,,,,,,,,,,
Materials,basic-materials,39,GBUG,Sprott Active Gold & Silver Miners ETF,https://finance.yahoo.com/research-hub/screener/sec-ind_sec-top-etfs_basic-materials/,2026-07-19T04:19:51+00:00,en-US,US,ETF,ETF,Nasdaq Real Time Price,False,LOW,1.74,12.851819,,,36.8021,0.054100037,0.056102753,1784318400,36.8021,37.1587,2,NasdaqGM,35.915 - 37.1587,35.915,39466,24860,USD,0.0,0.0,-13.65649,-13.65649,3.0382392,43.53354,41.73728,-4.9351807,-22.2179,True,1740061800000,Sprott Active Gold & Silver Miners ETF,12.11297,0.15267718,36.746,finmb_1913073300,False,False,False,-0.11824394,43.894596,-7.092495,15,0,America/New_York,EDT,-14400000,0.14721899,0.9,NGM,59.02,24.155,1.74,Sprott Active Gold & Silver Min,39.45,34.14,0.523581,1,24.155 - 59.02,1784319005.0,12.6471,39474,140809888.0,36.52,CLOSED,-10.56855,[],-0.16158015,us_market,1,-0.37644696,GBUG,,,,,2025-02-20,,,,,,,,,
Materials,basic-materials,40,GDXD,MicroSectors Gold Miners -3X Inverse Leveraged ETNs,https://finance.yahoo.com/research-hub/screener/sec-ind_sec-top-etfs_basic-materials/,2026-07-19T04:19:51+00:00,en-US,US,ETF,ETF,Nasdaq Real Time Price,False,LOW,0.0,13.504389,,,57.4,-0.22999954,0.510002,1784318400,57.63,61.9998,2,NYSEArca,55.8 - 61.9998,55.8,433707,443000,USD,0.0,0.0,23.29304,23.29304,3.7603457,-89.95993,43.8236,13.8064,-583.37,True,1607005800000,MicroSectors Gold Miners -3X Inverse Leveraged ETNs,15.325719,0.892861,57.12,finmb_697832108,False,False,False,0.31504485,73.7604,-16.130398,15,0,America/New_York,EDT,-14400000,-0.39909688,0.95,PCX,641.0,23.765,0.0,MicroSectors Gold Miners -3X In,58.0,56.7,1.4249948,200,23.765 - 641.0,1784332484.0,33.865,791624,126952912.0,60.06,CLOSED,-40.31995,[],-0.21868642,us_market,100,-0.9100936,GDXD,,,,,,,1748433600.0,1748433600.0,False,1756125000.0,1756470600.0,,,
Materials,basic-materials,41,BATT,Amplify Lithium & Battery Technology ETF,https://finance.yahoo.com/research-hub/screener/sec-ind_sec-top-etfs_basic-materials/,2026-07-19T04:19:51+00:00,en-US,US,ETF,ETF,Delayed Quote,False,LOW,1.66,24.826216,-6.75189,16.76281,14.05,0.034999847,-0.184999,1784318366,14.015,14.1,2,NYSEArca,13.82 - 14.1,13.82,67570,50990,USD,0.0,0.0,5.1889,5.1889,0.6200904,36.067963,16.1493,-2.1342993,-4.0649996,True,1528291800000,Amplify Lithium & Battery Technology ETF,22.601543,-1.30281,14.2,finmb_560115404,False,False,False,-0.13216048,14.99905,-0.9840498,15,0,America/New_York,EDT,-14400000,0.24973133,0.59,PCX,18.08,9.67,1.66,Amplify Lithium & Battery Techn,14.0,13.97,0.44932786,100,9.67 - 18.08,1784322351.0,4.3450003,87266,125465216.0,13.99,CLOSED,11.75681,[],-0.06560747,us_market,100,-0.22483405,BATT,,,,,,,,,,,,,,
Materials,basic-materials,42,AOHY,Angel Oak High Yield Opportunities ETF,https://finance.yahoo.com/research-hub/screener/sec-ind_sec-top-etfs_basic-materials/,2026-07-19T04:19:51+00:00,en-US,US,ETF,ETF,Nasdaq Real Time Price,False,LOW,6.75,2.3696682464454977,,,11.04,-0.010000229,0.0,1784318400,11.04,11.07,2,NasdaqGM,11.04 - 11.07,11.04,27780,46200,USD,0.0,0.0,2.54204,2.54204,4.69264,-0.9421289,11.04944,-0.009440422,-0.25,True,1708439400000,Angel Oak High Yield Opportunities ETF,2.3526204,0.0,11.04,finmb_327374480,False,False,False,-0.0008543801,11.095685,-0.055685043,15,0,America/New_York,EDT,-14400000,-0.09049981,0.55,NGM,11.29,10.86,6.61,Angel Oak High Yield Opportunit,14.16,7.96,0.016574614,2,10.86 - 11.29,1784319004.0,0.1800003,42958,122256784.0,11.06,CLOSED,2.39214,[],-0.0050186217,us_market,2,-0.02214349,AOHY,,,,,2024-12-20,,,,,,,,,
Materials,basic-materials,43,FTRI,First Trust Indxx Global Natural Resources Income ETF,https://finance.yahoo.com/research-hub/screener/sec-ind_sec-top-etfs_basic-materials/,2026-07-19T04:19:51+00:00,en-US,US,ETF,ETF,Nasdaq Real Time Price,False,LOW,2.19,13.835086,1.73996,25.86506,16.175,0.034999847,0.116399765,1784318400,16.175,16.2,2,NasdaqGM,16.09 - 16.2,16.09,6327,55280,USD,0.0,0.0,-10.04218,-10.04218,1.1492519,11.740327,16.7376,-0.5626011,-2.955,True,1270042200000,First Trust Indxx Global Natural Resources Income ETF,14.074372,0.7248438,16.0586,finmb_99552270,False,False,False,-0.033613008,16.67225,-0.4972515,15,0,America/New_York,EDT,-14400000,0.2168516,0.7,NGM,19.13,14.06,2.19,First Trust Indxx Global Natura,16.19,16.17,0.15042666,1,14.06 - 19.13,1784319005.0,2.1149988,46335,121657400.0,16.09,CLOSED,2.59427,[],-0.029825099,us_market,2,-0.15446942,FTRI,,,,,,1490918400.0,,,,,,,,
Materials,basic-materials,44,GOEX,Global X Gold Explorers ETF,https://finance.yahoo.com/research-hub/screener/sec-ind_sec-top-etfs_basic-materials/,2026-07-19T04:19:51+00:00,en-US,US,ETF,ETF,Delayed Quote,False,LOW,2.55,12.65983,2.66769,-14.24799,64.9,-0.8008957,-0.469604,1784318141,65.7009,66.423,2,NYSEArca,64.45 - 66.423,64.45,4951,6700,USD,,,-16.77445,-16.77445,5.4605784,41.77816,75.6296,-9.928703,-44.489105,True,1288877400000,Global X Gold Explorers ETF,12.031857,-0.709689,66.1705,finmb_115372430,False,False,False,-0.13128065,81.2472,-15.546303,15,0,America/New_York,EDT,-14400000,-1.2190027,0.65,PCX,110.19,43.03,2.55,Global X Gold Explorers ETF,66.0,65.32,0.5268626,200,43.03 - 110.19,1784322679.0,22.670898,10608,105357840.0,65.0,CLOSED,-14.81042,[],-0.1913457,us_market,100,-0.40374902,GOEX,,,,,,,,,,,,,,
Materials,basic-materials,45,BPRO,Bitwise Proficio Currency Debasement ETF,https://finance.yahoo.com/research-hub/screener/sec-ind_sec-top-etfs_basic-materials/,2026-07-19T04:19:51+00:00,en-US,US,EQUITY,Equity,Delayed Quote,False,LOW,,,,,18.52,0.0,0.27,1784302485,18.52,18.54,2,NYSEArca,18.455 - 18.54,18.455,16543,8360,USD,0.0,0.0,,,1.3482219,-26.682503,20.63176,-2.1117592,-11.77,True,1769092200000,Bitwise Proficio Currency Debasement ETF,13.736611,1.47945,18.25,finmb_1966997029,False,False,False,-0.10235478,22.410238,-3.8902378,15,0,America/New_York,EDT,-14400000,0.0,,PCX,30.29,18.13,,Bitwise Proficio Currency Debas,18.55,9.27,0.02151138,300,18.13 - 30.29,1784322300.0,0.3900013,12137,,18.54,CLOSED,,[],-0.17359199,us_market,300,-0.3885771,BPRO,,,,,,,,,,,,,,
Materials,basic-materials,46,METL,Sprott Active Metals & Miners ETF,https://finance.yahoo.com/research-hub/screener/sec-ind_sec-top-etfs_basic-materials/,2026-07-19T04:19:51+00:00,en-US,US,ETF,ETF,Nasdaq Real Time Price,False,LOW,,,,,23.9499,0.029899597,-0.050100327,1784318400,23.9499,24.06,2,NasdaqGM,23.2989 - 24.06,23.2989,13138,17800,USD,0.0,0.0,-3.70974,-3.70974,1.2728723,19.154226,27.58168,-3.6317806,-10.5091,True,1757511000000,Sprott Active Metals & Miners ETF,18.815634,-0.20875137,24.0,finmb_1948365491,False,False,False,-0.13167365,26.77513,-2.8252296,15,0,America/New_York,EDT,-14400000,0.124998316,0.99,NGM,34.459,19.886,,Sprott Active Metals & Miners E,30.46,17.08,0.20435986,1,19.886 - 34.459,1784319005.0,4.0639,23085,85475904.0,23.6,CLOSED,2.18899,[],-0.10551694,us_market,1,-0.30497402,METL,,,,,2025-09-10,,,,,,,,,
Materials,basic-materials,47,PYZ,Invesco DWA Basic Materials Momentum ETF,https://finance.yahoo.com/research-hub/screener/sec-ind_sec-top-etfs_basic-materials/,2026-07-19T04:19:51+00:00,en-US,US,ETF,ETF,Nasdaq Real Time Price,False,LOW,0.47,25.3614,9.61517,32.71402,118.2095,-0.12049866,-0.960495,1784318400,118.2095,118.435,2,NasdaqGM,118.2095 - 118.435,118.2095,18876,2840,USD,0.0,0.0,5.11663,5.11663,4.961749,18.363869,126.595,-8.385498,-15.890503,True,1160659800000,Invesco DWA Basic Materials Momentum ETF,23.82416,-0.80598724,119.17,finmb_29596592,False,False,False,-0.066238776,119.34915,-1.1396484,15,0,America/New_York,EDT,-14400000,-0.10183272,0.6,NGM,134.1,94.14,0.47,Invesco Dorsey Wright Basic Mat,118.53,118.14,0.25567776,15,94.14 - 134.1,1784319005.0,24.069504,5509,80614624.0,118.435,CLOSED,14.7039,[],-0.009548861,us_market,15,-0.11849741,PYZ,,,,,,1522281600.0,,,,,,,,
Materials,basic-materials,48,REXC,Sprott Rare Earths Ex-China ETF,https://finance.yahoo.com/research-hub/screener/sec-ind_sec-top-etfs_basic-materials/,2026-07-19T04:19:51+00:00,en-US,US,ETF,ETF,Nasdaq Real Time Price,False,LOW,,,,,16.585,0.01499939,-0.41480064,1784318400,16.585,16.794,2,NasdaqGM,16.33 - 16.794,16.33,54632,76120,USD,0.0,0.0,,,,-20.697897,20.5162,-3.9312,-8.805,True,1776259800000,Sprott Rare Earths Ex-China ETF,,-2.4400325,16.9998,finmb_1982723846,False,False,False,-0.19161443,20.826769,-4.24177,15,0,America/New_York,EDT,-14400000,0.090521365,0.65,NGM,25.39,16.33,,Sprott Rare Earths Ex-China ETF,17.93,15.26,0.01561538,1,16.33 - 25.39,1784319005.0,0.25499916,121640,55918288.0,16.68,CLOSED,,[],-0.20366913,us_market,1,-0.3467901,REXC,,,,,2026-04-15,,,,,,,,,
Materials,basic-materials,49,SLJY,Amplify SILJ Junior Silver Miners Covered Call ETF,https://finance.yahoo.com/research-hub/screener/sec-ind_sec-top-etfs_basic-materials/,2026-07-19T04:19:51+00:00,en-US,US,EQUITY,Equity,Delayed Quote,False,LOW,,,,,26.2,0.1400013,-0.0774002,1784318393,26.06,26.2905,2,NYSEArca,25.455 - 26.2905,25.455,29167,21910,USD,0.0,0.0,,,1.7052715,6.7114353,30.533,-4.4730015,-20.930002,True,1755610200000,Amplify SILJ Junior Silver Miners Covered Call ETF,15.282023,-0.296128,26.1374,finmb_1949193104,False,False,False,-0.14649728,32.9107,-6.8507023,15,0,America/New_York,EDT,-14400000,0.5372268,,PCX,46.99,24.421,,Amplify SILJ Junior Silver Mine,26.07,25.79,0.06711437,100,24.421 - 46.99,1784326531.0,1.6389999,42006,,25.89,CLOSED,,[],-0.20816033,us_market,100,-0.44541395,SLJY,,,,,,,,,,,,,Amplify ETF Trust - Amplify SILJ Covered Call ETF,2026-07-19
Materials,basic-materials,50,NIKL,Sprott Nickel Miners ETF,https://finance.yahoo.com/research-hub/screener/sec-ind_sec-top-etfs_basic-materials/,2026-07-19T04:19:51+00:00,en-US,US,ETF,ETF,Nasdaq Real Time Price,False,LOW,2.57,15.9821000479463,,,12.99,0.05000019,-0.09000015,1784318400,12.99,13.07,2,NasdaqGM,12.82 - 13.07,12.82,59408,70540,USD,0.0,0.0,-17.39974,-17.39974,1.0017457,1.8025041,14.4532,-1.4632006,-8.865,True,1679491800000,Sprott Nickel Miners ETF,12.967362,-0.6880746,13.08,finmb_1802738135,False,False,False,-0.10123713,15.845745,-2.8557453,15,0,America/New_York,EDT,-14400000,0.38640025,0.75,NGM,21.855,11.55,3.11,Sprott Nickel Miners ETF,13.95,12.91,0.12467529,2,11.55 - 21.855,1784319005.0,1.4399996,132141,53747464.0,12.96,CLOSED,-18.71419,[],-0.18022159,us_market,1,-0.405628,NIKL,,,,,2023-03-22,,,,,,,,,
Materials,basic-materials,51,LENS,Sarmaya Thematic ETF,https://finance.yahoo.com/research-hub/screener/sec-ind_sec-top-etfs_basic-materials/,2026-07-19T04:19:51+00:00,en-US,US,ETF,ETF,Delayed Quote,False,LOW,1.59,14.482259,,,38.9397,0.0,0.191299,1784314543,38.9397,38.98,2,Cboe US,38.82 - 38.98,38.82,27227,7390,USD,0.0,0.0,-15.58422,-15.58422,2.6772065,37.45632,41.97868,-3.0389786,-11.900299,True,1738161000000,Sarmaya Thematic ETF,14.5449,0.493696,38.7484,finmb_1916998289,False,False,False,-0.07239338,41.58598,-2.6462784,15,0,America/New_York,EDT,-14400000,0.0,0.79,BTS,50.84,27.56,1.59,Sarmaya Thematic ETF,58.33,19.45,0.41290644,1000,27.56 - 50.84,1784322300.0,11.379702,9824,49628196.0,38.77,CLOSED,0.44794,[],-0.06363391,us_market,1000,-0.23407355,LENS,,,,,,,,,,,,Presbia,,
Materials,basic-materials,52,LITP,Sprott Lithium Miners ETF,https://finance.yahoo.com/research-hub/screener/sec-ind_sec-top-etfs_basic-materials/,2026-07-19T04:19:51+00:00,en-US,US,ETF,ETF,Nasdaq Real Time Price,False,LOW,4.26,24.50379808870375,,,10.562,-0.027999878,-0.116999626,1784318400,10.562,10.6,2,NasdaqGM,10.2998 - 10.6,10.2998,25532,30610,USD,0.0,0.0,-5.24316,-5.24316,0.3374987,42.440998,14.271,-3.7089996,-7.997999,True,1675348200000,Sprott Lithium Miners ETF,31.294937,-1.0956047,10.679,finmb_1802725874,False,False,False,-0.25989768,13.091695,-2.5296946,15,0,America/New_York,EDT,-14400000,-0.26439923,0.65,NGM,18.56,6.5,7.16,Sprott Lithium Miners ETF,10.92,10.36,0.6249231,1,6.5 - 18.56,1784319005.0,4.0620003,74011,45531476.0,10.44,CLOSED,2.88779,[],-0.19322896,us_market,3,-0.43092668,LITP,,,,,2023-02-02,,,,,,,,,
Materials,basic-materials,53,EART,Global X Rare Earth & Critical Materials ETF,https://finance.yahoo.com/research-hub/screener/sec-ind_sec-top-etfs_basic-materials/,2026-07-19T04:19:51+00:00,en-US,US,ETF,ETF,Nasdaq Real Time Price,False,LOW,0.65,22.701476,,,25.9846,-0.0004005432,-0.3253994,1784318400,25.9846,26.19,2,NasdaqGM,25.55 - 26.19,25.55,37553,25660,USD,,,-0.51924,-0.51924,1.2782341,39.629234,30.70906,-4.7244606,-10.935398,True,1643293800000,Global X Rare Earth & Critical Materials ETF,20.328514,-1.2367898,26.31,finmb_427409335,False,False,False,-0.15384582,29.44677,-3.4621696,15,0,America/New_York,EDT,-14400000,-0.00154144,0.59,NGM,36.92,17.565,0.65,Global X Rare Earth & Critical ,33.16,18.65,0.47933954,1,17.565 - 36.92,1784319005.0,8.4196,18580,41184592.0,25.55,CLOSED,4.85128,[],-0.117573835,us_market,1,-0.29619172,EART,,,,,,,,,,,,,,
Materials,basic-materials,54,UYM,ProShares Ultra Materials,https://finance.yahoo.com/research-hub/screener/sec-ind_sec-top-etfs_basic-materials/,2026-07-19T04:19:51+00:00,en-US,US,ETF,ETF,Delayed Quote,False,LOW,1.16,26.239832,17.86746,54.91251,29.201,0.0,-0.4431,1784318115,29.201,29.59,2,NYSEArca,29.16 - 29.59,29.16,2942,7730,USD,,,2.03028,2.03028,1.131867,16.149557,30.1296,-0.9286003,-5.3390007,True,1170340200000,ProShares Ultra Materials,25.798967,-1.49473,29.6441,finmb_32431233,False,False,False,-0.0308202,27.899,1.302,15,0,America/New_York,EDT,-14400000,0.0,0.95,PCX,34.54,21.34,1.16,ProShares Ultra Materials,30.83,27.86,0.36836925,200,21.34 - 34.54,1784326825.0,7.861,9914,38847024.0,29.59,CLOSED,22.13641,[],0.04666834,us_market,800,-0.15457442,UYM,,,,,,,,,,,,,,
Materials,basic-materials,55,FMTL,First Trust Indxx Critical Metals ETF,https://finance.yahoo.com/research-hub/screener/sec-ind_sec-top-etfs_basic-materials/,2026-07-19T04:19:51+00:00,en-US,US,EQUITY,Equity,Delayed Quote,False,LOW,,,,,30.5869,0.0,-0.4881,1784316189,30.5869,30.92,2,NYSEArca,30.49 - 30.92,30.49,4270,5890,USD,0.0,0.0,,,1.6475679,27.02242,34.98822,-4.4013195,-8.6831,True,1762353000000,First Trust Indxx Critical Metals ETF,18.56488,-1.57072,31.075,finmb_1954599021,False,False,False,-0.12579432,33.035927,-2.449026,15,0,America/New_York,EDT,-14400000,0.0,,PCX,39.27,23.95,,First Trust Indxx Critical Meta,45.94,15.32,0.2771148,300,23.95 - 39.27,1784322300.0,6.6369,7233,,30.54,CLOSED,,[],-0.074132204,us_market,300,-0.2211128,FMTL,,,,,,,,,,,,,First Trust Exchange - Traded Fund II - First Trust Indxx Critical Metals Etf,2026-07-19
Materials,basic-materials,56,AUMI,Themes Gold Miners ETF,https://finance.yahoo.com/research-hub/screener/sec-ind_sec-top-etfs_basic-materials/,2026-07-19T04:19:51+00:00,en-US,US,ETF,ETF,Nasdaq Real Time Price,False,LOW,1.03,12.344155,,,74.056,0.5059967,0.17590332,1784318400,74.056,74.056,2,NasdaqGM,72.54 - 74.056,72.54,2303,2890,USD,0.0,0.0,-19.26899,-19.26899,6.2511363,34.341957,84.86642,-10.810417,-50.224,True,1702477800000,Themes Gold Miners ETF,11.846807,0.23809296,73.8801,finmb_1849930008,False,False,False,-0.12738156,92.111725,-18.055725,15,0,America/New_York,EDT,-14400000,0.68796283,0.35,NGM,124.28,51.62,1.03,Themes Gold Miners ETF,74.17,73.43,0.43463776,3,51.62 - 124.28,1784319005.0,22.436,4704,24714584.0,72.54,CLOSED,-16.31332,[],-0.19601983,us_market,3,-0.40411973,AUMI,,,,,2023-12-13,,,,,,,,,
Materials,basic-materials,57,PSCM,Invesco S&P SmallCap Materials ETF,https://finance.yahoo.com/research-hub/screener/sec-ind_sec-top-etfs_basic-materials/,2026-07-19T04:19:51+00:00,en-US,US,ETF,ETF,Nasdaq Real Time Price,False,LOW,0.97,27.218291,19.7565,18.2579,96.7287,0.36869812,-0.8113022,1784318400,96.7287,97.51,2,NasdaqGM,96.36 - 97.51,96.36,3073,2680,USD,0.0,0.0,4.98454,4.98454,3.8134358,28.544855,103.144,-6.4152985,-13.291298,True,1270647000000,Invesco S&P SmallCap Materials ETF,25.365236,-0.83176357,97.54,finmb_100588927,False,False,False,-0.062197495,92.9905,3.7381973,15,0,America/New_York,EDT,-14400000,0.3826257,0.29,NGM,110.02,71.35,0.97,Invesco S&P SmallCap Materials ,123.66,70.0,0.35569307,1,71.35 - 110.02,1784319005.0,25.3787,2550,20760158.0,97.51,CLOSED,24.06999,[],0.040199775,us_market,2,-0.12080802,PSCM,,,,,,1498780800.0,,,,,,,,
Materials,basic-materials,58,ILIT,Ishares Lithium Miners And Producers ETF,https://finance.yahoo.com/research-hub/screener/sec-ind_sec-top-etfs_basic-materials/,2026-07-19T04:19:51+00:00,en-US,US,ETF,ETF,Nasdaq Real Time Price,False,LOW,1.84,35.842294,,,13.975,0.0350008,-0.05499935,1784318400,13.975,14.13,2,NasdaqGM,13.68 - 14.13,13.68,60247,25370,USD,0.0,0.0,1.3283,1.3283,0.48812747,47.571278,18.73986,-4.76486,-9.824999,True,1687786200000,Ishares Lithium Miners And Producers ETF,28.629818,-0.39201248,14.03,finmb_1823240727,False,False,False,-0.25426337,16.973524,-2.9985237,15,0,America/New_York,EDT,-14400000,0.2510818,0.47,NGM,23.8,8.54,1.84,iShares Lithium Miners and Prod,17.85,10.01,0.6364169,2,8.54 - 23.8,1784319005.0,5.4350004,36403,18370386.0,13.735,CLOSED,12.69338,[],-0.17665888,us_market,2,-0.4128151,ILIT,,,,,2023-06-23,,,,,,,,,
Materials,basic-materials,59,ION,Proshares S&P Global Core Battery Metals ETF,https://finance.yahoo.com/research-hub/screener/sec-ind_sec-top-etfs_basic-materials/,2026-07-19T04:19:51+00:00,en-US,US,ETF,ETF,Delayed Quote,False,LOW,1.5,19.561815,,,46.4965,0.0,-0.2047,1784318181,46.4965,46.6599,2,NYSEArca,46.275 - 46.6599,46.275,1204,2010,USD,0.0,0.0,-7.8386,-7.8386,2.598486,43.001686,56.31356,-9.817062,-23.053505,True,1669905000000,Proshares S&P Global Core Battery Metals ETF,17.893688,-0.43832,46.7012,finmb_1798598447,False,False,False,-0.17432857,53.89055,-7.3940506,15,0,America/New_York,EDT,-14400000,0.0,0.58,PCX,69.55,30.626,1.5,ProShares S&P Global Core Batte,69.54,23.18,0.51820344,200,30.626 - 69.55,1784322300.0,15.870499,4798,13978605.0,46.6599,CLOSED,-1.41932,[],-0.13720496,us_market,100,-0.33146662,ION,,,,,,,,,,,,,,
Materials,basic-materials,60,COPA,Themes Copper Miners ETF,https://finance.yahoo.com/research-hub/screener/sec-ind_sec-top-etfs_basic-materials/,2026-07-19T04:19:51+00:00,en-US,US,ETF,ETF,Delayed Quote,False,LOW,3.82,19.036741,,,45.3034,0.0,-0.718601,1784295000,45.3034,45.3034,2,Cboe US,45.3034 - 45.3034,45.3034,564,2670,USD,0.0,0.0,12.33523,12.33523,2.5345726,59.906113,50.02028,-4.716881,-12.446602,True,1727184600000,Themes Copper Miners ETF,17.874176,-1.56143,46.022,finmb_1881887582,False,False,False,-0.09429937,45.33909,-0.035690308,15,0,America/New_York,EDT,-14400000,0.0,0.35,BTS,57.75,26.45,3.82,Themes Copper Miners ETF,45.29,45.15,0.7127938,100,26.45 - 57.75,1784322300.0,18.853397,3322,13016670.0,44.565,CLOSED,13.17197,[],-0.00078718626,us_market,100,-0.21552557,COPA,,,,,,,,,,,,,,
Materials,basic-materials,61,AGMI,Themes Silver Miners ETF,https://finance.yahoo.com/research-hub/screener/sec-ind_sec-top-etfs_basic-materials/,2026-07-19T04:19:51+00:00,en-US,US,ETF,ETF,Nasdaq Real Time Price,False,LOW,4.62,16.020506,,,57.8541,0.5840988,-0.51589966,1784318400,57.8541,57.8541,2,NasdaqGM,57.27 - 57.8541,57.27,618,2150,USD,0.0,0.0,-8.6459,-8.6459,3.8207846,56.84967,66.54006,-8.685963,-33.945904,True,1714743000000,Themes Silver Miners ETF,15.141942,-0.88384384,58.37,finmb_1871798990,False,False,False,-0.13053735,66.67673,-8.822628,15,0,America/New_York,EDT,-14400000,1.0199037,0.35,NGM,91.8,35.31,4.62,Themes Silver Miners ETF,57.96,57.1,0.6384621,3,35.31 - 91.8,1784319004.0,22.544098,2493,10405849.0,57.365,CLOSED,-4.94656,[],-0.13231945,us_market,1,-0.36978108,AGMI,,,,,2024-05-03,,,,,,,,,
Materials,basic-materials,62,XLBI,State Street Materials Select Sector SPDR Premium Income ETF,https://finance.yahoo.com/research-hub/screener/sec-ind_sec-top-etfs_basic-materials/,2026-07-19T04:19:51+00:00,en-US,US,EQUITY,Equity,Delayed Quote,False,LOW,,,,,23.5981,0.0,-0.105,1784317998,23.5981,23.785,2,NYSEArca,23.54 - 23.785,23.54,4108,4990,USD,0.0,0.0,,,0.91619873,-3.6265612,23.91082,-0.31271935,-1.8519001,True,1753882200000,State Street Materials Select Sector SPDR Premium Income ETF,25.75653,-0.442978,23.7031,finmb_1944983062,False,False,False,-0.01307857,24.05361,-0.4555092,15,0,America/New_York,EDT,-14400000,0.0,,PCX,25.45,22.35,,State Street Materials Select S,25.4,22.54,0.055843413,200,22.35 - 25.45,1784322300.0,1.2481003,6133,,23.81,CLOSED,,[],-0.018937249,us_market,200,-0.07276621,XLBI,,,,,,,,,,,,,The Select Sector SPDR Trust - The Materials Select Sector SPDR Premium Income Fund,2026-07-19
Materials,basic-materials,63,MINY,YieldMax Strategic Metals & Mining Portfolio Option Income ETF,https://finance.yahoo.com/research-hub/screener/sec-ind_sec-top-etfs_basic-materials/,2026-07-19T04:19:51+00:00,en-US,US,EQUITY,Equity,Delayed Quote,False,LOW,,,,,35.1147,0.0,-0.125301,1784317622,35.1147,35.33,2,NYSEArca,34.3701 - 35.33,34.3701,10967,3980,USD,0.0,0.0,,,1.4516089,-30.184925,40.8544,-5.7397003,-16.285301,True,1772202600000,YieldMax Strategic Metals & Mining Portfolio Option Income ETF,24.190193,-0.355566,35.24,finmb_1976546369,False,False,False,-0.1404916,42.996082,-7.881382,15,0,America/New_York,EDT,-14400000,0.0,,PCX,51.4,34.3,,YieldMax Strategic Metals & Min,45.05,17.56,0.023752218,600,34.3 - 51.4,1784322300.0,0.8147011,5559,,34.3,CLOSED,,[],-0.18330465,us_market,600,-0.31683466,MINY,,,,,,,,,,,,,,
Materials,basic-materials,64,AUAU,Global X Gold Miners ETF,https://finance.yahoo.com/research-hub/screener/sec-ind_sec-top-etfs_basic-materials/,2026-07-19T04:19:51+00:00,en-US,US,EQUITY,Equity,Delayed Quote,False,LOW,,,,,30.5984,0.0,-0.148199,1784312258,30.5984,30.5984,2,NYSEArca,30.32 - 30.5984,30.32,708,1340,USD,0.0,0.0,,,2.3833678,-16.421741,35.59468,-4.9962807,-19.7816,True,1765463400000,Global X Gold Miners ETF,12.838304,-0.482002,30.7466,finmb_1972763109,False,False,False,-0.14036593,39.307156,-8.7087555,15,0,America/New_York,EDT,-14400000,0.0,,PCX,50.38,30.32,,Global X Gold Miners ETF,30.6,30.46,0.009182072,100,30.32 - 50.38,1784322300.0,0.27840042,2475,,30.32,CLOSED,,[],-0.22155648,us_market,1200,-0.3926479,AUAU,,,,,,,,,,,,,,
Materials,basic-materials,65,SLVX,Nicholas Silver Income ETF,https://finance.yahoo.com/research-hub/screener/sec-ind_sec-top-etfs_basic-materials/,2026-07-19T04:19:51+00:00,en-US,US,EQUITY,Equity,Delayed Quote,False,LOW,,,,,12.68,0.07000065,-0.00470066,1784318398,12.61,12.7252,2,NYSEArca,12.26 - 12.7252,12.26,10342,15680,USD,0.0,0.0,,,0.9363743,-40.009518,16.342,-3.7319994,-12.88,True,1771425000000,Nicholas Silver Income ETF,13.466837,-0.0372634,12.6147,finmb_1976552721,False,False,False,-0.2283686,18.3375,-5.7275,15,0,America/New_York,EDT,-14400000,0.55512017,,PCX,25.49,12.26,,Nicholas Silver Income ETF,12.67,12.63,0.028548077,100,12.26 - 25.49,1784327129.0,0.34999943,11343,,12.3,CLOSED,,[],-0.3123381,us_market,200,-0.50529623,SLVX,,,,,,,,,,,,,,
Materials,basic-materials,66,GLDN,Nicholas Gold Income ETF,https://finance.yahoo.com/research-hub/screener/sec-ind_sec-top-etfs_basic-materials/,2026-07-19T04:19:51+00:00,en-US,US,EQUITY,Equity,Delayed Quote,False,LOW,,,,,13.6243,0.0,0.0214005,1784312551,13.6243,13.7099,2,NYSEArca,13.39 - 13.7099,13.39,27276,8950,USD,0.0,0.0,,,1.0670325,-33.365948,15.8514,-2.2271004,-9.015699,True,1771425000000,Nicholas Gold Income ETF,12.768403,0.157323,13.6029,finmb_1976549625,False,False,False,-0.14049865,17.50375,-3.8794498,15,0,America/New_York,EDT,-14400000,0.0,,PCX,22.64,13.36,,Nicholas Gold Income ETF,17.02,10.22,0.01978296,100,13.36 - 22.64,1784326426.0,0.26430035,5974,,13.45,CLOSED,,[],-0.22163536,us_market,1900,-0.39821994,GLDN,,,,,,,,,,,,Gold Dynamics,,
Materials,basic-materials,67,ZSB,USCF Sustainable Battery Metals Strategy Fund,https://finance.yahoo.com/research-hub/screener/sec-ind_sec-top-etfs_basic-materials/,2026-07-19T04:19:51+00:00,en-US,US,ETF,ETF,Delayed Quote,False,LOW,2.04,27.434842249657063,,,,,0.0704002,1784220964,21.8937,21.8937,2,NYSEArca,21.8937 - 21.8937,21.8937,7,330,USD,0.0,0.0,-2.94472,-2.94472,0.68598896,48.888134,22.94724,-1.0535412,-3.5762997,True,1673620200000,USCF Sustainable Battery Metals Strategy Fund,31.915527,0.322592,21.8233,finmb_1799472939,False,False,False,-0.045911454,21.407764,0.4859352,15,0,America/New_York,EDT,-14400000,,0.59,PCX,25.47,14.17,0.89,USCF Sustainable Battery Metals,27.6,16.0,0.54507405,200,14.17 - 25.47,,7.7236996,485,2171984.0,22.07,CLOSED,2.98231,[],0.022699017,us_market,100,-0.14041224,ZSB,,,,,,,,,,,,,,
Materials,basic-materials,68,TINT,ProShares Smart Materials ETF,https://finance.yahoo.com/research-hub/screener/sec-ind_sec-top-etfs_basic-materials/,2026-07-19T04:19:51+00:00,en-US,US,ETF,ETF,Delayed Quote,False,LOW,1.14,20.300447,,,,,-0.187901,1784220159,38.41,38.41,2,NYSEArca,38.41 - 38.41,38.41,202,410,USD,0.0,0.0,12.93949,12.93949,1.951499,22.912003,40.40084,-1.9908409,-4.1349983,True,1635341400000,ProShares Smart Materials ETF,19.682306,-0.486815,38.5979,finmb_1674914913,False,False,False,-0.049277216,36.602943,1.8070564,15,0,America/New_York,EDT,-14400000,,0.58,PCX,42.545,30.47,1.14,ProShares Smart Materials ETF,57.64,38.25,0.2605842,100,30.47 - 42.545,,7.9400005,793,1980853.0,38.745,CLOSED,19.71907,[],0.049369156,us_market,100,-0.09719118,TINT,,,,,,,,,,,,,,
Materials,basic-materials,69,DVXB,WEBs Materials XLB Defined Volatility ETF  ,https://finance.yahoo.com/research-hub/screener/sec-ind_sec-top-etfs_basic-materials/,2026-07-19T04:19:51+00:00,en-US,US,ETF,ETF,Nasdaq Real Time Price,False,LOW,,,,,27.2426,0.017599106,0.017599106,1784318400,27.2426,27.2426,2,NasdaqGM,27.2426 - 27.2426,27.2426,26,120,USD,0.0,0.0,-0.83893,-0.83893,1.051392,8.1457615,27.92608,-0.6834812,-4.0524006,True,1753277400000,WEBs Materials XLB Defined Volatility ETF  ,25.910984,0.06464318,27.225,finmb_1930968495,False,False,False,-0.024474656,26.450325,0.7922745,15,0,America/New_York,EDT,-14400000,0.06464318,0.89,NGM,31.295,20.819,,WEBs Materials XLB Defined Vola,27.53,26.96,0.30854505,5,20.819 - 31.295,1784318674.0,6.4235992,272,275521.0,27.2426,CLOSED,16.79709,[],0.0299533,us_market,5,-0.12949035,DVXB,,,,,2025-07-23,,,,,,,WEBs Materials XLB Defined Volatility ETF,,
