sector,yahoo_sector_key,rank,ticker,etf_name,source_url,retrieved_at_utc,screen_language,screen_region,screen_quote_type,screen_type_disp,screen_quote_source_name,screen_triggerable,screen_custom_price_alert_confidence,screen_yield_ttm,screen_pe_ttm,screen_annual_return_nav_y3,screen_annual_return_nav_y5,screen_currency,screen_net_expense_ratio,screen_exchange,screen_fifty_two_week_high,screen_fifty_two_week_low,screen_dividend_yield,screen_financial_currency,screen_short_name,screen_ask,screen_bid,screen_regular_market_change_percent,screen_has_pre_post_market_data,screen_first_trade_date_milliseconds,screen_price_hint,screen_post_market_change_percent,screen_post_market_time,screen_post_market_price,screen_post_market_change,screen_regular_market_change,screen_regular_market_time,screen_regular_market_price,screen_regular_market_day_high,screen_regular_market_day_range,screen_regular_market_day_low,screen_regular_market_volume,screen_regular_market_previous_close,screen_bid_size,screen_ask_size,screen_market,screen_message_board_id,screen_full_exchange_name,screen_long_name,screen_regular_market_open,screen_average_daily_volume3_month,screen_average_daily_volume10_day,screen_corporate_actions,screen_fifty_two_week_low_change,screen_fifty_two_week_low_change_percent,screen_fifty_two_week_range,screen_fifty_two_week_high_change,screen_fifty_two_week_high_change_percent,screen_fifty_two_week_change_percent,screen_trailing_annual_dividend_rate,screen_trailing_pe,screen_trailing_annual_dividend_yield,screen_ytd_return,screen_trailing_three_month_returns,screen_trailing_three_month_nav_returns,screen_net_assets,screen_market_state,screen_eps_trailing_twelve_months,screen_shares_outstanding,screen_book_value,screen_fifty_day_average,screen_fifty_day_average_change,screen_fifty_day_average_change_percent,screen_two_hundred_day_average,screen_two_hundred_day_average_change,screen_two_hundred_day_average_change_percent,screen_price_to_book,screen_source_interval,screen_exchange_data_delayed_by,screen_exchange_timezone_name,screen_exchange_timezone_short_name,screen_gmt_off_set_milliseconds,screen_esg_populated,screen_tradeable,screen_crypto_tradeable,screen_symbol,screen_dividend_date,screen_ipo_expected_date,screen_display_name,screen_prev_name,screen_name_change_date
REIT,real-estate,1,VNQ,Vanguard Real Estate Index Fund ETF Shares,https://finance.yahoo.com/research-hub/screener/sec-ind_sec-top-etfs_real-estate/,2026-07-19T04:19:51+00:00,en-US,US,ETF,ETF,Nasdaq Real Time Price,False,LOW,3.6,30.637255,11.75091,40.38287,USD,0.13,PCX,101.08,86.84,3.6,USD,Vanguard Real Estate ETF,100.02,100.01,-0.0499681,True,1096464600000,2,0.049993053,1784332768.0,100.07,0.05000305,-0.0500031,1784318400,100.02,101.08,99.515 - 101.08,99.515,2889007,100.07,200,300.0,us_market,finmb_22939711,NYSEArca,Vanguard Real Estate Index Fund ETF Shares,100.32,3235204,3273500,[],13.18,0.1517734,86.84 - 101.08,-1.0600052,-0.010486795,10.751856,3.334,31.781149,0.03331668,11.1308,9.68713,9.68713,71348019000.0,CLOSED,3.1471486,370180992.0,58.158,96.841,3.1789932,0.032826934,92.6832,7.3367996,0.079159975,1.7197977,15,0,America/New_York,EDT,-14400000,False,False,False,VNQ,,,,,
REIT,real-estate,2,SCHH,Schwab U.S. REIT ETF,https://finance.yahoo.com/research-hub/screener/sec-ind_sec-top-etfs_real-estate/,2026-07-19T04:19:51+00:00,en-US,US,ETF,ETF,Delayed Quote,False,LOW,2.79,30.111412,11.2769,41.22573,USD,0.07,PCX,24.87,20.63,2.79,,Schwab U.S. REIT ETF,24.6,24.59,0.0406513,True,1294929000000,2,0.6501416,1784332566.0,24.77,0.15999985,0.0100002,1784318400,24.61,24.87,24.475 - 24.87,24.475,4518852,24.6,17700,23400.0,us_market,finmb_118204473,NYSEArca,Schwab U.S. REIT ETF,24.68,5855874,6469790,[],3.9800014,0.19292301,20.63 - 24.87,-0.26000023,-0.010454372,15.107573,0.0,31.293999,0.0,14.87622,11.0162,11.0162,11128644600.0,CLOSED,0.7864128,,,23.7218,0.88820076,0.037442386,22.2503,2.3597012,0.106052555,,15,0,America/New_York,EDT,-14400000,False,False,False,SCHH,,,,,
REIT,real-estate,3,CGCP,Capital Group Core Plus Income ETF,https://finance.yahoo.com/research-hub/screener/sec-ind_sec-top-etfs_real-estate/,2026-07-19T04:19:51+00:00,en-US,US,ETF,ETF,Delayed Quote,False,LOW,5.13,10.989010989010989,,,USD,0.34,PCX,23.005,22.02,5.14,,Capital Group Core Plus Income ,22.2,22.19,0.0450664,True,1645713000000,2,0.0,1784322300.0,22.2,0.0,0.0100002,1784318400,22.2,22.235,22.18 - 22.235,22.18,960523,22.19,4800,7800.0,us_market,finmb_1679217578,NYSEArca,Capital Group Core Plus Income ETF,22.22,1539970,1266410,[],0.1800003,0.008174401,22.02 - 23.005,-0.8049984,-0.034992326,-1.069516,0.0,10.794515,0.0,0.73937,1.03978,1.03978,8320875500.0,CLOSED,2.0566,,,22.284,-0.083999634,-0.0037695041,22.569124,-0.36912346,-0.01635524,,15,0,America/New_York,EDT,-14400000,False,False,False,CGCP,,,,,
REIT,real-estate,4,XLRE,State Street Real Estate Select Sector SPDR ETF,https://finance.yahoo.com/research-hub/screener/sec-ind_sec-top-etfs_real-estate/,2026-07-19T04:19:51+00:00,en-US,US,ETF,ETF,Delayed Quote,False,LOW,3.19,31.615555,12.27352,45.985,USD,0.08,PCX,45.955,39.725,3.19,,State Street Real Estate Select,45.5,45.25,-0.0879915,True,1444311000000,2,0.1761379,1784332356.0,45.5,0.08000183,-0.0400009,1784318400,45.42,45.945,45.225 - 45.945,45.225,3789167,45.46,10500,3300.0,us_market,finmb_308648931,NYSEArca,State Street Real Estate Select Sector SPDR ETF,45.68,5167108,4324940,[],5.6949997,0.1433606,39.725 - 45.955,-0.53500366,-0.011641903,8.142853,,32.619144,,10.78263,8.72654,8.72654,8102354400.0,CLOSED,1.3924338,,,44.4394,0.98059845,0.02206597,42.4719,2.9480972,0.06941289,,15,0,America/New_York,EDT,-14400000,False,False,False,XLRE,,,,,
REIT,real-estate,5,FTSM,First Trust Enhanced Short Maturity ETF,https://finance.yahoo.com/research-hub/screener/sec-ind_sec-top-etfs_real-estate/,2026-07-19T04:19:51+00:00,en-US,US,ETF,ETF,Nasdaq Real Time Price,False,LOW,,,5.17288,0.04099,USD,0.29,NGM,60.14,59.724,4.14,,First Trust Enhanced Short Matu,59.87,59.82,0.008356004,True,1407331800000,2,-0.007182631,1784323177.0,59.8507,-0.004299164,0.005001068,1784318400,59.855,59.87,59.85 - 59.87,59.85,416710,59.85,23,15.0,us_market,finmb_264394906,NasdaqGM,First Trust Enhanced Short Maturity ETF,59.87,738400,667580,[],0.13100052,0.0021934318,59.724 - 60.14,-0.28499985,-0.00473894,-0.22503734,0.0,,0.0,1.72143,0.97177,0.97177,6492791300.0,CLOSED,,,,59.8418,0.013198853,0.00022056242,59.93601,-0.08100891,-0.00135159,,15,0,America/New_York,EDT,-14400000,False,False,False,FTSM,1496188800.0,,,,
REIT,real-estate,6,CGMS,Capital Group U.S. Multi-Sector Income ETF,https://finance.yahoo.com/research-hub/screener/sec-ind_sec-top-etfs_real-estate/,2026-07-19T04:19:51+00:00,en-US,US,ETF,ETF,Delayed Quote,False,LOW,5.93,29.673590504451038,,,USD,0.39,PCX,28.08,27.01,6.13,,Capital Group U.S. Multi-Sector,28.86,25.78,0.0,True,1666877400000,2,0.0,1784322300.0,27.3,0.0,0.0,1784318400,27.3,27.34,27.29 - 27.34,27.29,618369,27.3,1800,5500.0,us_market,finmb_1792031223,NYSEArca,Capital Group U.S. Multi-Sector Income ETF,27.3,984611,836520,[],0.289999,0.010736727,27.01 - 28.08,-0.7800007,-0.027777802,-1.1943519,0.0,29.749872,0.0,1.70043,2.05509,2.05509,5172525100.0,CLOSED,0.917651,,,27.4162,-0.1162014,-0.004238421,27.58685,-0.28684998,-0.010398069,,15,0,America/New_York,EDT,-14400000,False,False,False,CGMS,,,,,
REIT,real-estate,7,REET,iShares Global REIT ETF,https://finance.yahoo.com/research-hub/screener/sec-ind_sec-top-etfs_real-estate/,2026-07-19T04:19:51+00:00,en-US,US,ETF,ETF,Delayed Quote,False,LOW,3.36,23.691068,10.42668,32.24835,USD,0.14,PCX,28.78,24.28,3.36,,iShares Global REIT ETF,28.52,28.19,0.105303,True,1404999000000,2,0.0,1784324622.0,28.52,0.0,0.0300007,1784318400,28.52,28.78,28.425 - 28.78,28.425,3901292,28.49,5300,300.0,us_market,finmb_262340397,NYSEArca,iShares Global REIT ETF,28.57,2327917,2868000,[],4.24,0.17462932,24.28 - 28.78,-0.26000023,-0.009034059,14.584171,0.0,24.461704,0.0,12.05525,10.54973,10.54973,4886244400.0,CLOSED,1.165904,,,27.5178,1.0022011,0.036420103,26.2174,2.3026009,0.087827206,,15,0,America/New_York,EDT,-14400000,False,False,False,REET,,,,,
REIT,real-estate,8,IYR,iShares U.S. Real Estate ETF,https://finance.yahoo.com/research-hub/screener/sec-ind_sec-top-etfs_real-estate/,2026-07-19T04:19:51+00:00,en-US,US,ETF,ETF,Delayed Quote,False,LOW,2.21,28.129395,11.86027,38.69177,USD,0.38,PCX,107.37,92.45,2.21,USD,iShares U.S. Real Estate ETF,106.12,106.11,-0.150592,True,961421400000,2,-0.03769751,1784325601.0,106.05,-0.039993286,-0.160004,1784318400,106.09,107.37,105.61 - 107.37,105.61,5216403,106.25,3500,1600.0,us_market,finmb_8796462,NYSEArca,iShares U.S. Real Estate ETF,106.62,5627683,5069050,[],13.639999,0.14753921,92.45 - 107.37,-1.2800064,-0.011921452,10.429895,1.861,29.188356,0.017515294,9.73824,8.68085,8.68085,4672414700.0,CLOSED,3.6346684,49350000.0,102.416,102.6608,3.4291992,0.0334032,98.30365,7.7863464,0.07920709,1.0358733,15,0,America/New_York,EDT,-14400000,False,False,False,IYR,,,,,
REIT,real-estate,9,USRT,iShares Core U.S. REIT ETF,https://finance.yahoo.com/research-hub/screener/sec-ind_sec-top-etfs_real-estate/,2026-07-19T04:19:51+00:00,en-US,US,ETF,ETF,Delayed Quote,False,LOW,2.57,30.066146,13.6217,43.10877,USD,0.08,PCX,69.53,55.34,2.57,,iShares Core U.S. REIT ETF,68.81,68.76,0.0436029,True,1178285400000,2,0.058115523,1784332522.0,68.87,0.040000916,0.0299988,1784318400,68.83,69.525,68.43 - 69.525,68.43,338710,68.8,400,400.0,us_market,finmb_34214469,NYSEArca,iShares Core U.S. REIT ETF,68.98,523409,498270,[],13.490002,0.24376585,55.34 - 69.53,-0.69999695,-0.010067553,20.81797,,31.140577,,17.76181,12.87223,12.87223,4356137500.0,CLOSED,2.2102995,,,65.8478,2.9822006,0.045289297,61.15765,7.672352,0.12545204,,15,0,America/New_York,EDT,-14400000,False,False,False,USRT,,,,,
REIT,real-estate,10,FREI,Fidelity Real Estate Income Fund ETF,https://finance.yahoo.com/research-hub/screener/sec-ind_sec-top-etfs_real-estate/,2026-07-19T04:19:51+00:00,en-US,US,ETF,ETF,Nasdaq Real Time Price,False,LOW,,,,,USD,0.57,NGM,27.81,24.84,,,Fidelity Real Estate Income ETF,,25.02,1.487999,True,1781789400000,2,-0.3025646,1784318661.0,25.372,-0.076999664,0.37199974,1784318400,25.372,27.81,24.86 - 27.81,24.86,441123,25.0,20,,us_market,finmb_28180414,NasdaqGM,Fidelity Real Estate Income Fund ETF,25.06,31350,62200,[],0.5319996,0.021417053,24.84 - 27.81,-2.4379997,-0.087666295,2.0514846,,27.27201,,4.21142,3.78607,3.78607,4103114240.0,CLOSED,0.9303311,,,25.022,0.35000038,0.013987706,25.022,0.35000038,0.013987706,,15,0,America/New_York,EDT,-14400000,False,False,False,FREI,,2026-06-18,,,
REIT,real-estate,11,DFGR,Dimensional Global Real Estate ETF,https://finance.yahoo.com/research-hub/screener/sec-ind_sec-top-etfs_real-estate/,2026-07-19T04:19:51+00:00,en-US,US,ETF,ETF,Delayed Quote,False,LOW,3.7,23.775559,,,USD,0.22,PCX,30.145,26.018,3.7,,Dimensional Global Real Estate ,29.93,29.92,0.234348,True,1670423400000,2,-0.3340026,1784322300.0,29.84,-0.10000038,0.0699997,1784318386,29.94,30.145,29.81 - 30.145,29.81,440250,29.87,800,1300.0,us_market,finmb_1802681142,NYSEArca,Dimensional Global Real Estate ETF,29.94,453309,421640,[],3.922001,0.15074183,26.018 - 30.145,-0.20499992,-0.0068004616,10.724854,0.0,24.57944,0.0,10.65121,9.95661,9.95661,3711327740.0,CLOSED,1.2180912,,,29.02128,0.91872025,0.03165678,27.76957,2.1704311,0.07815862,,15,0,America/New_York,EDT,-14400000,False,False,False,DFGR,,,,,
REIT,real-estate,12,VNQI,Vanguard Global ex-U.S. Real Estate Index Fund ETF Shares,https://finance.yahoo.com/research-hub/screener/sec-ind_sec-top-etfs_real-estate/,2026-07-19T04:19:51+00:00,en-US,US,ETF,ETF,Nasdaq Real Time Price,False,LOW,4.81,12.481278,6.40328,5.63681,USD,0.12,NGM,50.88,43.21,4.81,,Vanguard Global ex-U.S. Real Es,46.04,45.42,0.010939666,True,1288618200000,2,-1.0279992,1784332208.0,45.25,-0.47000122,0.005001068,1784318400,45.72,45.8,45.55 - 45.8,45.55,186596,45.715,2,2.0,us_market,finmb_115208731,NasdaqGM,Vanguard Global ex-U.S. Real Estate Index Fund ETF Shares,45.55,290127,221400,[],2.5100021,0.058088455,43.21 - 50.88,-5.16,-0.10141509,-0.84580183,,12.737591,,-2.43902,1.1972,1.1972,3710765060.0,CLOSED,3.589376,,,45.5816,0.13840103,0.0030363356,46.88575,-1.1657486,-0.0248636,,15,0,America/New_York,EDT,-14400000,False,False,False,VNQI,1482796800.0,,,,
REIT,real-estate,13,DTCR,Global X Data Center & Digital Infrastructure ETF,https://finance.yahoo.com/research-hub/screener/sec-ind_sec-top-etfs_real-estate/,2026-07-19T04:19:51+00:00,en-US,US,ETF,ETF,Nasdaq Real Time Price,False,LOW,0.82,21.070375,,,USD,0.5,NGM,32.79,18.13,0.82,,Global X Data Center & Digital ,27.42,27.19,-0.508356,True,1603978200000,2,1.8248175,1784332112.0,27.9,0.5,-0.140001,1784318401,27.4,27.6599,26.77 - 27.6599,26.77,790816,27.54,3,3.0,us_market,finmb_687578005,NasdaqGM,Global X Data Center & Digital Infrastructure ETF,27.06,1526269,1152020,[],9.27,0.5113073,18.13 - 32.79,-5.3900013,-0.16437942,42.042507,,19.009823,,44.2914,27.84776,27.84776,2570297600.0,CLOSED,1.4413601,,,30.3672,-2.9672012,-0.09771073,25.249426,2.1505737,0.085173175,,15,0,America/New_York,EDT,-14400000,False,False,False,DTCR,,,,,
REIT,real-estate,14,ICF,iShares Select U.S. REIT ETF,https://finance.yahoo.com/research-hub/screener/sec-ind_sec-top-etfs_real-estate/,2026-07-19T04:19:51+00:00,en-US,US,ETF,ETF,Delayed Quote,False,LOW,2.46,29.868578,10.38017,43.99418,USD,0.32,BTS,70.46,58.91,2.46,USD,iShares Select U.S. REIT ETF,69.68,69.67,-0.0860536,True,981124200000,2,0.0,1784326136.0,69.67,0.0,-0.0600052,1784318400,69.67,70.4599,69.378 - 70.4599,69.378,102067,69.73,700,900.0,us_market,finmb_8795707,Cboe US,iShares Select U.S. REIT ETF,69.78,138717,108770,[],10.759998,0.18265148,58.91 - 70.46,-0.7900009,-0.011212048,12.789381,1.182,30.75428,0.016951097,14.34603,9.90331,9.90331,2053588860.0,CLOSED,2.2653756,19950000.0,70.334,68.0914,1.578598,0.023183515,63.7948,5.8751984,0.092095256,0.99055934,15,0,America/New_York,EDT,-14400000,False,False,False,ICF,,,,,
REIT,real-estate,15,RWR,State Street SPDR Dow Jones REIT ETF,https://finance.yahoo.com/research-hub/screener/sec-ind_sec-top-etfs_real-estate/,2026-07-19T04:19:51+00:00,en-US,US,ETF,ETF,Nasdaq Real Time Price,False,LOW,3.35,32.299742,13.72095,45.5013,USD,0.25,PCX,118.99,94.44,3.35,USD,State Street SPDR Dow Jones REI,118.72,117.32,-0.0424979,True,998919000000,2,-0.20117573,1784330538.0,117.3734,-0.23660278,-0.0500031,1784318400,117.61,118.95,116.92 - 118.95,116.92,509953,117.66,200,100.0,us_market,finmb_8799273,NYSEArca,State Street SPDR Dow Jones REIT ETF,117.95,302696,283340,[],23.169998,0.24534093,94.44 - 118.99,-1.3799973,-0.0115975905,20.81151,3.408,33.626385,0.028964814,16.72696,12.8347,12.8347,1844369790.0,CLOSED,3.497551,25981600.0,122.209,112.0234,5.5866013,0.04986995,104.66495,12.945053,0.12368088,0.9623678,15,0,America/New_York,EDT,-14400000,False,False,False,RWR,,,,,
REIT,real-estate,16,DFAR,Dimensional US Real Estate ETF,https://finance.yahoo.com/research-hub/screener/sec-ind_sec-top-etfs_real-estate/,2026-07-19T04:19:51+00:00,en-US,US,ETF,ETF,Delayed Quote,False,LOW,2.69,29.868578,,,USD,0.19,PCX,27.38,22.645,2.69,,Dimensional US Real Estate ETF,27.11,27.09,0.0738297,True,1645713000000,2,0.0,1784322360.0,27.11,0.0,0.0200005,1784318400,27.11,27.38,26.965 - 27.38,26.965,2055587,27.09,4600,18100.0,us_market,finmb_1760559695,NYSEArca,Dimensional US Real Estate ETF,27.2,2375488,2275420,[],4.465,0.19717377,22.645 - 27.38,-0.26999855,-0.00986116,14.5815735,0.0,30.942373,0.0,15.05545,11.29608,11.29608,1728475780.0,CLOSED,0.8761448,,,26.1697,0.9403,0.035930865,24.50523,2.6047707,0.10629448,,15,0,America/New_York,EDT,-14400000,False,False,False,DFAR,,,,,
REIT,real-estate,17,FALN,iShares Fallen Angels USD Bond ETF,https://finance.yahoo.com/research-hub/screener/sec-ind_sec-top-etfs_real-estate/,2026-07-19T04:19:51+00:00,en-US,US,ETF,ETF,Nasdaq Real Time Price,False,LOW,6.0,2.3696682464454977,14.02131,5.76657,USD,0.25,NGM,27.79,26.373,6.41,,iShares Fallen Angels USD Bond ,29.3,24.96,-0.025079664,True,1466515800000,2,-0.19621354,1784329360.0,27.06,-0.053199768,-0.006801605,1784318400,27.1132,27.1451,27.1 - 27.1451,27.1,440573,27.12,2,1.0,us_market,finmb_331463866,NasdaqGM,iShares Fallen Angels USD Bond ETF,27.11,978045,436220,[],0.74020004,0.028066585,26.373 - 27.79,-0.6768017,-0.024354143,0.34419298,0.0,,0.0,2.41367,3.78325,3.78325,1628170110.0,CLOSED,,,,27.06566,0.047538757,0.0017564233,27.257425,-0.14422607,-0.005291258,,15,0,America/New_York,EDT,-14400000,False,False,False,FALN,1531094400.0,,,,
REIT,real-estate,18,FREL,Fidelity MSCI Real Estate Index ETF,https://finance.yahoo.com/research-hub/screener/sec-ind_sec-top-etfs_real-estate/,2026-07-19T04:19:51+00:00,en-US,US,ETF,ETF,Delayed Quote,False,LOW,3.29,30.257186,11.72695,40.50122,USD,0.084,PCX,30.72,26.37,3.29,,Fidelity MSCI Real Estate Index,32.15,15.19,0.0,True,1423146600000,2,1.1180538,1784326658.0,30.75,0.34000015,0.0,1784318400,30.41,30.71,30.245 - 30.71,30.245,161099,30.41,2400,1900.0,us_market,finmb_279013116,NYSEArca,Fidelity MSCI Real Estate Index ETF,30.46,259720,257120,[],4.039999,0.15320435,26.37 - 30.72,-0.30999947,-0.010091129,10.985398,0.0,31.398829,0.0,11.04857,9.88942,9.88942,1453493630.0,CLOSED,0.96850747,,,29.4044,1.0056,0.034198962,28.14075,2.269249,0.08063925,,15,0,America/New_York,EDT,-14400000,False,False,False,FREL,,,,,
REIT,real-estate,19,BBRE,JPMorgan BetaBuilders MSCI U.S. REIT ETF,https://finance.yahoo.com/research-hub/screener/sec-ind_sec-top-etfs_real-estate/,2026-07-19T04:19:51+00:00,en-US,US,ETF,ETF,Delayed Quote,False,LOW,2.64,30.395137,13.75454,42.85105,USD,0.11,BTS,112.3,90.14,2.64,,JPMorgan BetaBuilders MSCI U.S.,111.48,111.37,0.0834948,True,1529328600000,2,0.4843858,1784322300.0,112.02,0.5399933,0.0930023,1784318253,111.48,112.3,110.9499 - 112.3,110.9499,20802,111.387,500,500.0,us_market,finmb_556901228,Cboe US,JPMorgan BetaBuilders MSCI U.S. REIT ETF,112.03,43187,13550,[],21.340004,0.23674288,90.14 - 112.3,-0.8199997,-0.007301867,20.12931,,31.568184,,17.35527,12.86442,12.86442,1266582530.0,CLOSED,3.5314038,,,106.41614,5.0638657,0.047585506,99.09863,12.381371,0.124939874,,15,0,America/New_York,EDT,-14400000,False,False,False,BBRE,,,,,
REIT,real-estate,20,RWO,State Street SPDR Dow Jones Global Real Estate ETF,https://finance.yahoo.com/research-hub/screener/sec-ind_sec-top-etfs_real-estate/,2026-07-19T04:19:51+00:00,en-US,US,ETF,ETF,Delayed Quote,False,LOW,3.23,23.685457,11.25318,30.74942,USD,0.5,PCX,51.87,43.19,3.23,,State Street SPDR Dow Jones Glo,51.56,48.52,0.165627,True,1211463000000,2,0.0,1784322300.0,51.4668,0.0,0.0851021,1784317447,51.4668,51.8677,51.225 - 51.8677,51.225,20966,51.3817,700,1300.0,us_market,finmb_44737021,NYSEArca,State Street SPDR Dow Jones Global Real Estate ETF,51.46,58038,41510,[],8.276802,0.19163701,43.19 - 51.87,-0.40319824,-0.0077732457,16.185104,,24.592144,,11.342,9.7425,9.7425,1251624060.0,CLOSED,2.0928147,,,49.6132,1.8535995,0.037361015,47.416,4.0508003,0.085431084,,15,0,America/New_York,EDT,-14400000,False,False,False,RWO,,,,,
REIT,real-estate,21,HAUZ,Xtrackers International Real Estate ETF,https://finance.yahoo.com/research-hub/screener/sec-ind_sec-top-etfs_real-estate/,2026-07-19T04:19:51+00:00,en-US,US,ETF,ETF,Delayed Quote,False,LOW,3.65,13.102725,6.58151,9.36017,USD,0.1,PCX,25.73,21.84,3.65,,Xtrackers International Real Es,23.05,22.98,0.0435657,True,1380634200000,2,0.0,1784322300.0,22.96,0.0,0.00999832,1784318400,22.96,23.05,22.89 - 23.05,22.89,121638,22.95,800,100.0,us_market,finmb_243133479,NYSEArca,Xtrackers International Real Estate ETF,22.78,104227,90650,[],1.1199989,0.051282004,21.84 - 25.73,-2.7700005,-0.10765645,1.0563374,0.0,13.443497,0.0,-2.70329,1.8894,1.8894,1019340420.0,CLOSED,1.707889,,,22.9402,0.019798279,0.0008630386,23.54135,-0.5813503,-0.02469486,,15,0,America/New_York,EDT,-14400000,False,False,False,HAUZ,,,,,
REIT,real-estate,22,REZ,iShares Residential and Multisector Real Estate ETF,https://finance.yahoo.com/research-hub/screener/sec-ind_sec-top-etfs_real-estate/,2026-07-19T04:19:51+00:00,en-US,US,ETF,ETF,Nasdaq Real Time Price,False,LOW,1.99,37.593985,10.88658,47.68104,USD,0.48,PCX,99.23,80.45,1.99,,iShares Residential and Multise,97.85,97.8,-0.315945,True,1178285400000,2,0.030670464,1784332409.0,97.84,0.02999878,-0.310005,1784318400,97.81,99.23,97.3531 - 99.23,97.3531,39435,98.12,100,200.0,us_market,finmb_34214486,NYSEArca,iShares Residential and Multisector Real Estate ETF,98.43,36190,41530,[],17.36,0.21578622,80.45 - 99.23,-1.4200058,-0.014310246,17.433071,,38.884243,,15.00868,14.32819,14.32819,874721280.0,CLOSED,2.5154147,,,92.4576,5.352394,0.057890255,87.1013,10.708694,0.12294529,,15,0,America/New_York,EDT,-14400000,False,False,False,REZ,,,,,
REIT,real-estate,23,AVRE,Avantis Real Estate ETF,https://finance.yahoo.com/research-hub/screener/sec-ind_sec-top-etfs_real-estate/,2026-07-19T04:19:51+00:00,en-US,US,ETF,ETF,Delayed Quote,False,LOW,3.44,23.196474,,,USD,0.17,PCX,49.29,42.98,3.44,,Avantis Real Estate ETF,53.55,48.91,0.16377,True,1633008600000,2,0.0,1784322300.0,48.93,0.0,0.0800018,1784318393,48.93,49.255,48.66 - 49.255,48.66,57996,48.85,300,500.0,us_market,finmb_1671654308,NYSEArca,Avantis Real Estate ETF,48.85,57490,52740,[],5.950001,0.1384365,42.98 - 49.29,-0.3600006,-0.007303725,10.07874,0.0,23.95533,0.0,9.7287,8.74996,8.74996,844656260.0,CLOSED,2.0425518,,,47.62484,1.3051605,0.027405038,45.63509,3.2949104,0.072201245,,15,0,America/New_York,EDT,-14400000,False,False,False,AVRE,,,,,
REIT,real-estate,24,BRTR,iShares Total Return Active ETF,https://finance.yahoo.com/research-hub/screener/sec-ind_sec-top-etfs_real-estate/,2026-07-19T04:19:51+00:00,en-US,US,ETF,ETF,Nasdaq Real Time Price,False,LOW,4.76,10.089799212995661,,,USD,0.38,NGM,51.685,49.5,4.58,,iShares Total Return Active ETF,53.93,45.94,0.04010519,True,1702564200000,2,0.008220358,1784319005.0,49.89,0.0041007996,0.020000458,1784318400,49.89,49.9597,49.87 - 49.9597,49.87,50875,49.87,2,2.0,us_market,finmb_1858327481,NasdaqGM,iShares Total Return Active ETF,49.92,102674,63410,[],0.3899994,0.007878776,49.5 - 51.685,-1.795002,-0.03472965,-0.36944747,0.0,10.058052,0.0,0.83858,1.17113,1.17113,725516220.0,CLOSED,4.960205,,,50.07286,-0.18286133,-0.0036519049,50.66199,-0.7719917,-0.015238085,,15,0,America/New_York,EDT,-14400000,False,False,False,BRTR,,2023-12-14,,,
REIT,real-estate,25,YLD,Principal Active High Yield ETF,https://finance.yahoo.com/research-hub/screener/sec-ind_sec-top-etfs_real-estate/,2026-07-19T04:19:51+00:00,en-US,US,ETF,ETF,Delayed Quote,False,LOW,,,13.08188,9.0604,USD,0.39,PCX,19.48,18.675,7.26,,Principal Active High Yield ETF,18.95,18.94,0.0,True,1436794200000,2,0.0,1784322300.0,18.955,0.0,0.0,1784318399,18.955,18.97,18.935 - 18.97,18.935,47795,18.955,700,300.0,us_market,finmb_285620824,NYSEArca,Principal Active High Yield ETF,18.97,180322,150570,[],0.2800007,0.0149933435,18.675 - 19.48,-0.5249996,-0.0269507,-1.5068829,0.0,,0.0,3.20493,2.81118,2.81118,572786430.0,CLOSED,,,,18.99334,-0.038339615,-0.002018582,19.053156,-0.098155975,-0.0051516914,,15,0,America/New_York,EDT,-14400000,False,False,False,YLD,,,,,
REIT,real-estate,26,REM,iShares Mortgage Real Estate Capped ETF,https://finance.yahoo.com/research-hub/screener/sec-ind_sec-top-etfs_real-estate/,2026-07-19T04:19:51+00:00,en-US,US,ETF,ETF,Nasdaq Real Time Price,False,LOW,8.79,8.992806,14.56184,16.35153,USD,0.48,BTS,24.05,20.41,8.79,,iShares Mortgage Real Estate ET,22.28,22.27,-1.63283,True,1178285400000,2,0.0,1784319006.0,22.29,0.0,-0.369999,1784318400,22.29,22.68,22.1823 - 22.68,22.1823,518922,22.66,3300,1300.0,us_market,finmb_34214439,Cboe US,iShares Mortgage Real Estate Capped ETF,22.66,451046,482710,[],1.8800011,0.09211177,20.41 - 24.05,-1.7599983,-0.0731808,2.8136492,,9.090634,,2.5233,5.08482,5.08482,547945600.0,CLOSED,2.4519742,,,21.9402,0.3498001,0.015943341,22.2666,0.02340126,0.001050958,,15,0,America/New_York,EDT,-14400000,False,False,False,REM,1522195200.0,,,,
REIT,real-estate,27,VGSR,Vert Global Sustainable Real Estate ETF,https://finance.yahoo.com/research-hub/screener/sec-ind_sec-top-etfs_real-estate/,2026-07-19T04:19:51+00:00,en-US,US,ETF,ETF,Nasdaq Real Time Price,False,LOW,3.31,22.732439,,,USD,0.45,NGM,12.26,9.96,3.31,,Vert Global Sustainable Real Es,14.96,8.4,0.777875,True,1701700200000,2,0.0,1784319005.0,11.66,0.0,0.0900002,1784318400,11.66,11.7,11.61 - 11.7,11.61,83323,11.57,2,2.0,us_market,finmb_532314567,NasdaqGM,Vert Global Sustainable Real Estate ETF,11.7,76575,67330,[],1.6999998,0.17068271,9.96 - 12.26,-0.6000004,-0.04893967,10.889208,0.0,23.28153,0.0,11.04164,11.46803,11.46803,523652992.0,CLOSED,0.5008262,,,11.3445,0.31550026,0.027810857,10.8417,0.81830025,0.075477116,,15,0,America/New_York,EDT,-14400000,False,False,False,VGSR,,2023-12-04,,,
REIT,real-estate,28,JPRE,JPMorgan Realty Income ETF,https://finance.yahoo.com/research-hub/screener/sec-ind_sec-top-etfs_real-estate/,2026-07-19T04:19:51+00:00,en-US,US,ETF,ETF,Delayed Quote,False,LOW,2.25,35.574529,,,USD,0.5,PCX,54.5,46.24,2.25,,JPMorgan Realty Income ETF,81.13,54.1,-0.0369626,True,1653312600000,2,0.0,1784322300.0,54.09,0.0,-0.0200005,1784318391,54.09,54.24,53.84 - 54.24,53.84,16481,54.11,1200,200.0,us_market,finmb_28214343,NYSEArca,JPMorgan Realty Income ETF,54.11,24979,23590,[],7.8499985,0.1697664,46.24 - 54.5,-0.40999985,-0.007522933,12.010765,0.0,36.890133,0.0,12.58469,9.02863,9.02863,481073696.0,CLOSED,1.4662458,,,52.36894,1.7210617,0.032864172,49.47952,4.6104813,0.09317959,,15,0,America/New_York,EDT,-14400000,False,False,False,JPRE,,,,,
REIT,real-estate,29,CSRE,Cohen & Steers Real Estate Active ETF,https://finance.yahoo.com/research-hub/screener/sec-ind_sec-top-etfs_real-estate/,2026-07-19T04:19:51+00:00,en-US,US,ETF,ETF,Delayed Quote,False,LOW,2.22,29.638411,,,USD,0.7,PCX,29.66,25.09,2.22,,Cohen & Steers Real Estate Acti,35.32,14.73,0.135912,True,1738765800000,2,0.0,1784322300.0,29.47,0.0,0.039999,1784318399,29.47,29.66,29.295 - 29.66,29.295,200298,29.43,200,300.0,us_market,finmb_1890721888,NYSEArca,Cohen & Steers Real Estate Active ETF,29.55,125511,107690,[],4.379999,0.17457151,25.09 - 29.66,-0.19000053,-0.006405952,12.352264,0.0,30.776745,0.0,12.08212,8.65601,8.65601,440866976.0,CLOSED,0.95754117,,,28.6479,0.8220997,0.028696682,27.09192,2.3780785,0.08777814,,15,0,America/New_York,EDT,-14400000,False,False,False,CSRE,,,,,
REIT,real-estate,30,GQRE,FlexShares Global Quality Real Estate Index Fund,https://finance.yahoo.com/research-hub/screener/sec-ind_sec-top-etfs_real-estate/,2026-07-19T04:19:51+00:00,en-US,US,ETF,ETF,Delayed Quote,False,LOW,4.29,18.122508,9.28755,31.73554,USD,0.45,PCX,66.52,58.11,4.29,,FlexShares Global Quality Real ,69.81,62.28,0.0704285,True,1383748200000,2,0.3118657,1784323540.0,66.42,0.20649719,0.0466003,1784317064,66.2135,66.52,66.01 - 66.52,66.01,3375,66.1669,500,400.0,us_market,finmb_248751050,NYSEArca,FlexShares Global Quality Real Estate Index Fund,66.43,17375,5800,[],8.1035,0.13945104,58.11 - 66.52,-0.30649567,-0.0046075718,10.478889,0.0,18.806564,0.0,9.48351,8.37221,8.37221,408352512.0,CLOSED,3.5207653,,,64.3258,1.887703,0.02934597,62.002,4.211502,0.06792526,,15,0,America/New_York,EDT,-14400000,False,False,False,GQRE,,,,,
REIT,real-estate,31,MORT,VanEck Mortgage REIT Income ETF,https://finance.yahoo.com/research-hub/screener/sec-ind_sec-top-etfs_real-estate/,2026-07-19T04:19:51+00:00,en-US,US,ETF,ETF,Delayed Quote,False,LOW,12.75,9.039957,15.00978,15.96984,USD,0.43,PCX,11.44,9.7,12.75,,VanEck Mortgage REIT Income ETF,10.25,10.01,-1.57017,True,1313587800000,2,0.0,1784330494.0,10.03,0.0,-0.16,1784318400,10.03,10.195,9.9723 - 10.195,9.9723,1141166,10.19,70000,63200.0,us_market,finmb_139409877,NYSEArca,VanEck Mortgage REIT Income ETF,10.15,901430,1624440,[],0.32999992,0.03402061,9.7 - 11.44,-1.4099998,-0.123251736,-3.927201,0.0,8.752005,0.0,2.05969,4.74809,4.74809,399810400.0,CLOSED,1.1460232,,,10.091,-0.06099987,-0.006044978,10.45995,-0.4299507,-0.04110447,,15,0,America/New_York,EDT,-14400000,False,False,False,MORT,,,,,
REIT,real-estate,32,SRVR,Pacer Data & Infrastructure Real Estate ETF,https://finance.yahoo.com/research-hub/screener/sec-ind_sec-top-etfs_real-estate/,2026-07-19T04:19:51+00:00,en-US,US,ETF,ETF,Delayed Quote,False,LOW,2.74,28.058361,6.96687,21.99595,USD,0.49,PCX,35.81,28.445,2.74,,Pacer Data & Infrastructure Rea,30.45,29.74,0.0989469,True,1526477400000,2,0.32949054,1784332621.0,30.45,0.10000038,0.0300007,1784318400,30.35,30.5,30.08 - 30.5,30.08,96308,30.32,200,100.0,us_market,finmb_554892518,NYSEArca,Pacer Data & Infrastructure Real Estate ETF,30.19,91350,73440,[],1.9050007,0.06697138,28.445 - 35.81,-5.460001,-0.1524714,-8.113837,0.0,26.804256,0.0,11.50501,2.09107,2.09107,378428512.0,CLOSED,1.1322829,,,33.2604,-2.9103985,-0.08750342,31.823145,-1.4731445,-0.04629161,,15,0,America/New_York,EDT,-14400000,False,False,False,SRVR,1530144000.0,,,,
REIT,real-estate,33,KBWY,Invesco KBW Premium Yield Equity REIT ETF,https://finance.yahoo.com/research-hub/screener/sec-ind_sec-top-etfs_real-estate/,2026-07-19T04:19:51+00:00,en-US,US,ETF,ETF,Nasdaq Real Time Price,False,LOW,8.07,26.903417,12.75161,31.13938,USD,0.35,NGM,19.35,14.82,8.07,,Invesco KBW Premium Yield Equit,19.17,19.08,-0.260558,True,1291300200000,2,0.9404405,1784331330.0,19.32,0.1800003,-0.0500011,1784318401,19.14,19.345,18.9728 - 19.345,18.9728,159373,19.19,3,3.0,us_market,finmb_116573023,NasdaqGM,Invesco KBW Premium Yield Equity REIT ETF,19.15,133409,158970,[],4.3199997,0.29149798,14.82 - 19.35,-0.21000099,-0.010852764,21.83323,0.0,27.744146,0.0,25.78988,23.91452,23.91452,310544704.0,CLOSED,0.68987525,,,17.939,1.2010002,0.06694912,16.3464,2.7936,0.17090003,,15,0,America/New_York,EDT,-14400000,False,False,False,KBWY,1498780800.0,,,,
REIT,real-estate,34,IYRI,NEOS Real Estate High Income ET,https://finance.yahoo.com/research-hub/screener/sec-ind_sec-top-etfs_real-estate/,2026-07-19T04:19:51+00:00,en-US,US,ETF,ETF,Nasdaq Real Time Price,False,LOW,3.28,28.320589,,,USD,0.68,BTS,51.25,46.29,3.28,,NEOS Real Estate High Income ET,50.75,49.6,0.0197987,True,1736951400000,2,1.9600114,1784332211.0,51.5,0.9900017,0.00999832,1784318390,50.51,50.83,50.3101 - 50.83,50.3101,63892,50.5,800,600.0,us_market,finmb_1901846770,Cboe US,,50.64,76130,73040,[],4.2199974,0.09116434,46.29 - 51.25,-0.7400017,-0.014439058,-0.35510063,0.0,29.152393,0.0,6.62295,6.69935,6.69935,285089440.0,CLOSED,1.7326193,,,49.3332,1.1767998,0.023854114,49.3457,1.164299,0.02359474,,15,0,America/New_York,EDT,-14400000,False,False,False,IYRI,,,,,
REIT,real-estate,35,IMTB,iShares Core 5-10 Year USD Bond ETF,https://finance.yahoo.com/research-hub/screener/sec-ind_sec-top-etfs_real-estate/,2026-07-19T04:19:51+00:00,en-US,US,ETF,ETF,Nasdaq Real Time Price,False,LOW,4.34,2.3696682464454977,6.15953,-1.33816,USD,0.06,PCX,44.828,42.966,4.5,,iShares Core 5-10 Year USD Bond,43.34,43.0,0.091957,True,1478529000000,2,-0.091185704,1784326678.0,43.28,-0.03950119,0.0397987,1784318152,43.3195,43.3743,43.29 - 43.3743,43.29,8310,43.2797,100,300.0,us_market,finmb_381778383,NYSEArca,iShares Core 5-10 Year USD Bond ETF,43.38,28609,16410,[],0.35350037,0.008227444,42.966 - 44.828,-1.5084991,-0.033650827,0.16185045,0.0,,0.0,0.82311,0.80304,0.80304,279325472.0,CLOSED,,,,43.4805,-0.1609993,-0.0037027933,44.002506,-0.6830063,-0.015521986,,15,0,America/New_York,EDT,-14400000,False,False,False,IMTB,,,,,
REIT,real-estate,36,RWX,State Street SPDR Dow Jones International Real Estate ETF,https://finance.yahoo.com/research-hub/screener/sec-ind_sec-top-etfs_real-estate/,2026-07-19T04:19:51+00:00,en-US,US,ETF,ETF,Delayed Quote,False,LOW,4.0,13.066771,6.48988,9.08191,USD,0.59,PCX,30.47,26.07,4.0,,State Street SPDR Dow Jones Int,27.73,27.62,0.621801,True,1166538600000,2,0.0,1784322300.0,27.7041,0.0,0.1712,1784317156,27.7041,27.74,27.55 - 27.74,27.55,5855,27.5329,600,200.0,us_market,finmb_30842009,NYSEArca,State Street SPDR Dow Jones International Real Estate ETF,27.61,40572,72810,[],1.6341,0.06268124,26.07 - 30.47,-2.7658997,-0.09077452,2.5166512,0.0,13.438951,0.0,-2.4492,3.40203,3.40203,273015264.0,CLOSED,2.061478,,,27.2986,0.4055004,0.014854257,27.98825,-0.28415108,-0.010152513,,15,0,America/New_York,EDT,-14400000,False,False,False,RWX,,,,,
REIT,real-estate,37,SRET,Global X SuperDividend REIT ETF,https://finance.yahoo.com/research-hub/screener/sec-ind_sec-top-etfs_real-estate/,2026-07-19T04:19:51+00:00,en-US,US,ETF,ETF,Nasdaq Real Time Price,False,LOW,7.83,13.540961,10.78059,14.00433,USD,0.58,NGM,23.48,20.715,7.83,,Global X SuperDividend REIT ETF,23.37,23.13,-0.5579363,True,1426599000000,2,0.99266094,1784327584.0,23.4,0.22999954,-0.12999916,1784318400,23.17,23.48,23.11 - 23.48,23.11,33883,23.3,1,1.0,us_market,finmb_288604218,NasdaqGM,Global X SuperDividend REIT ETF,23.26,38380,34360,[],2.455,0.11851315,20.715 - 23.48,-0.30999947,-0.013202704,9.215176,0.0,13.839615,0.0,7.65562,9.39545,9.39545,232896688.0,CLOSED,1.6741796,,,22.48466,0.6853409,0.030480377,22.143555,1.0264454,0.046354137,,15,0,America/New_York,EDT,-14400000,False,False,False,SRET,1497225600.0,,,,
REIT,real-estate,38,SPRE,SP Funds S&P Global REIT Sharia ETF,https://finance.yahoo.com/research-hub/screener/sec-ind_sec-top-etfs_real-estate/,2026-07-19T04:19:51+00:00,en-US,US,ETF,ETF,Delayed Quote,False,LOW,3.79,23.490721,,,USD,0.5,PCX,21.86,18.78,3.79,,SP Funds S&P Global REIT Sharia,21.73,21.67,0.277134,True,1609338600000,2,0.04606278,1784324402.0,21.72,0.010000229,0.0599995,1784318393,21.71,21.86,21.64 - 21.86,21.64,28282,21.65,200,400.0,us_market,finmb_697555074,NYSEArca,SP Funds S&P Global REIT Sharia ETF,21.67,76690,46910,[],2.9299984,0.15601695,18.78 - 21.86,-0.15000153,-0.0068619177,12.370598,0.0,24.105972,0.0,10.24668,9.304,9.304,212087520.0,CLOSED,0.90060663,,,21.22276,0.48723984,0.022958364,20.293144,1.4168549,0.06981938,,15,0,America/New_York,EDT,-14400000,False,False,False,SPRE,,,,,
REIT,real-estate,39,FRI,First Trust S&P REIT Index Fund,https://finance.yahoo.com/research-hub/screener/sec-ind_sec-top-etfs_real-estate/,2026-07-19T04:19:51+00:00,en-US,US,ETF,ETF,Delayed Quote,False,LOW,2.46,30.646644,13.14813,42.53974,USD,0.5,PCX,33.14,26.5,2.46,,First Trust S&P REIT Index Fund,35.01,30.96,0.171013,True,1178803800000,2,0.0,1784322300.0,32.86,0.0,0.0560989,1784318390,32.86,33.12,32.7382 - 33.12,32.7382,8146,32.8039,2800,900.0,us_market,finmb_34335505,NYSEArca,First Trust S&P REIT Index Fund,32.91,25438,25090,[],6.3600006,0.24000002,26.5 - 33.14,-0.27999878,-0.008448968,20.54292,0.0,31.808235,0.0,16.91739,11.98364,11.98364,180463968.0,CLOSED,1.0330658,,,31.4288,1.4312,0.04553785,29.27545,3.5845509,0.122442216,,15,0,America/New_York,EDT,-14400000,False,False,False,FRI,,,,,
REIT,real-estate,40,LPRE,Long Pond Real Estate Select ETF,https://finance.yahoo.com/research-hub/screener/sec-ind_sec-top-etfs_real-estate/,2026-07-19T04:19:51+00:00,en-US,US,ETF,ETF,Delayed Quote,False,LOW,0.87,29.274005,,,USD,1.0,PCX,30.849,25.25,0.87,,Long Pond Real Estate Select ET,45.56,24.55,-0.442987,True,1743773400000,2,0.0,1784322300.0,30.34,0.0,-0.135,1784318391,30.34,30.7,30.3 - 30.7,30.3,47157,30.475,300,700.0,us_market,finmb_1881062019,NYSEArca,Long Pond Real Estate Select ETF,30.4,16129,13940,[],5.09,0.20158416,25.25 - 30.849,-0.5090008,-0.016499748,17.578674,0.0,29.229206,0.0,13.28414,15.67193,15.67193,171856192.0,CLOSED,1.0380028,,,29.5843,0.75570107,0.025543991,27.510635,2.8293648,0.10284622,,15,0,America/New_York,EDT,-14400000,False,False,False,LPRE,,,,,
REIT,real-estate,41,HIDE,Alpha Architect High Inflation And Deflation ETF,https://finance.yahoo.com/research-hub/screener/sec-ind_sec-top-etfs_real-estate/,2026-07-19T04:19:51+00:00,en-US,US,ETF,ETF,Nasdaq Real Time Price,False,LOW,3.01,30.534351,,,USD,0.29,NGM,24.7,22.686,3.01,,Alpha Architect High Inflation ,31.37,17.63,0.4907607,True,1668695400000,2,0.080097735,1784319004.0,24.4896,0.019599915,0.11959839,1784318400,24.4896,24.54,24.44 - 24.54,24.44,195231,24.37,2,1.0,us_market,finmb_1801151253,NasdaqGM,Alpha Architect High Inflation And Deflation ETF,24.515,56998,50190,[],1.8035984,0.0795027,22.686 - 24.7,-0.21040154,-0.00851828,7.23356,0.0,31.283558,0.0,5.18978,-0.57539,-0.57539,140417120.0,CLOSED,0.78282654,,,24.2423,0.2472992,0.010201144,23.723486,0.7661133,0.032293454,,15,0,America/New_York,EDT,-14400000,False,False,False,HIDE,,2023-11-21,,,
REIT,real-estate,42,INDS,Pacer Benchmark Industrial Real Estate SCTR ETF,https://finance.yahoo.com/research-hub/screener/sec-ind_sec-top-etfs_real-estate/,2026-07-19T04:19:51+00:00,en-US,US,ETF,ETF,Delayed Quote,False,LOW,3.37,26.413101,17.09724,54.27715,USD,0.49,PCX,42.91,33.61,3.37,,Pacer Industrial Real Estate ET,46.14,38.06,-0.0660873,True,1526304600000,2,0.0,1784326437.0,42.34,0.0,-0.0279999,1784318372,42.34,42.91,42.09 - 42.91,42.09,6747,42.368,100,500.0,us_market,finmb_554892520,NYSEArca,Pacer Benchmark Industrial Real Estate SCTR ETF,42.54,9597,11028,[],8.73,0.2597441,33.61 - 42.91,-0.5699997,-0.013283609,15.237225,0.0,27.815159,0.0,9.26961,9.56363,9.56363,114586672.0,CLOSED,1.5221915,,,40.281246,2.058754,0.05110949,38.965652,3.3743477,0.086598,,15,0,America/New_York,EDT,-14400000,False,False,False,INDS,1530144000.0,,,,
REIT,real-estate,43,PFFR,InfraCap REIT Preferred ETF,https://finance.yahoo.com/research-hub/screener/sec-ind_sec-top-etfs_real-estate/,2026-07-19T04:19:51+00:00,en-US,US,ETF,ETF,Delayed Quote,False,LOW,,,19.7389,7.02562,USD,0.45,PCX,19.27,17.05,8.24,,InfraCap REIT Preferred ETF,17.9,17.86,0.720317,True,1486564200000,2,0.0,1784322801.0,17.898,0.0,0.128,1784318325,17.898,17.9,17.77 - 17.9,17.77,19331,17.77,800,300.0,us_market,finmb_278254821,NYSEArca,InfraCap REIT Preferred ETF,17.76,31301,28750,[],0.8480015,0.04973616,17.05 - 19.27,-1.3719997,-0.07119874,-1.4535844,0.0,,0.0,0.44557,3.92146,3.92146,114467216.0,CLOSED,,,,17.67506,0.22294044,0.012613278,17.973616,-0.07561493,-0.004206996,,15,0,America/New_York,EDT,-14400000,False,False,False,PFFR,,,,,
REIT,real-estate,44,RSPR,Invesco S&P 500 Equal Weight Real Estate ETF,https://finance.yahoo.com/research-hub/screener/sec-ind_sec-top-etfs_real-estate/,2026-07-19T04:19:51+00:00,en-US,US,ETF,ETF,Delayed Quote,False,LOW,2.84,29.385836,11.47761,49.46595,USD,0.4,PCX,37.775,32.41,2.84,,Invesco S&P 500 Equal Weight Re,37.35,37.22,-0.246527,True,1439559000000,2,0.0,1784322300.0,37.3079,0.0,-0.0922012,1784318039,37.3079,37.775,37.1401 - 37.775,37.1401,15437,37.4001,100,200.0,us_market,finmb_305581266,NYSEArca,Invesco S&P 500 Equal Weight Real Estate ETF,37.5,18279,11010,[],4.8978996,0.1511231,32.41 - 37.775,-0.46710205,-0.012365375,5.330324,,30.011599,,10.64708,11.10316,11.10316,107206136.0,CLOSED,1.243116,,,36.4759,0.83200073,0.022809602,34.914886,2.393013,0.06853847,,15,0,America/New_York,EDT,-14400000,False,False,False,RSPR,,,,,
REIT,real-estate,45,RIET,Hoya Capital High Dividend Yield ETF,https://finance.yahoo.com/research-hub/screener/sec-ind_sec-top-etfs_real-estate/,2026-07-19T04:19:51+00:00,en-US,US,ETF,ETF,Delayed Quote,False,LOW,10.56,14.579385,,,USD,0.5,PCX,10.12,8.75,10.56,,Hoya Capital High Dividend Yiel,9.96,9.41,-0.415146,True,1632317400000,2,1.4565591,1784322447.0,10.1,0.14500046,-0.0415001,1784318371,9.955,10.04,9.9 - 10.04,9.9,63586,9.9965,200,800.0,us_market,finmb_1673880643,NYSEArca,Hoya Capital High Dividend Yield ETF,9.98,77574,90410,[],1.2049999,0.13771428,8.75 - 10.12,-0.16499996,-0.016304344,4.6902895,0.0,14.885925,0.0,10.28011,11.17839,11.17839,105746344.0,CLOSED,0.6687525,,,9.63694,0.31805992,0.033004243,9.471455,0.4835453,0.05105291,,15,0,America/New_York,EDT,-14400000,False,False,False,RIET,,,,,
REIT,real-estate,46,IFGL,iShares International Developed Real Estate ETF,https://finance.yahoo.com/research-hub/screener/sec-ind_sec-top-etfs_real-estate/,2026-07-19T04:19:51+00:00,en-US,US,ETF,ETF,Nasdaq Real Time Price,False,LOW,4.17,13.84083,5.85997,7.99428,USD,0.48,NGM,25.59,21.67,4.17,,iShares International Developed,23.49,21.98,0.18431635,True,1195482600000,2,0.021519449,1784319005.0,22.7749,0.0048999786,0.041900635,1784318400,22.7749,22.8635,22.73 - 22.8635,22.73,13737,22.733,1,1.0,us_market,finmb_39037029,NasdaqGM,iShares International Developed Real Estate ETF,22.74,9695,9460,[],1.1049004,0.050987557,21.67 - 25.59,-2.8150997,-0.1100078,1.4705896,,14.131282,,-1.60437,1.61765,1.61765,82535104.0,CLOSED,1.6116656,,,22.7488,0.026100159,0.0011473203,23.26595,-0.4910488,-0.0211059,,15,0,America/New_York,EDT,-14400000,False,False,False,IFGL,1490832000.0,,,,
REIT,real-estate,47,BLDG,Cambria Global Real Estate ETF,https://finance.yahoo.com/research-hub/screener/sec-ind_sec-top-etfs_real-estate/,2026-07-19T04:19:51+00:00,en-US,US,ETF,ETF,Delayed Quote,False,LOW,5.27,16.168149,,,USD,0.59,BTS,29.32,23.44,5.27,,Cambria Global Real Estate ETF,28.5,25.02,-0.265238,True,1600954200000,2,0.0,1784322300.0,27.6,0.0,-0.0734005,1784298863,27.6,27.755,27.6 - 27.755,27.6,429,27.6734,100,100.0,us_market,finmb_579854654,Cboe US,Cambria Global Real Estate ETF,27.66,35595,2540,[],4.16,0.1774744,23.44 - 29.32,-1.7199993,-0.058663007,10.232449,0.0,16.52744,0.0,11.36237,12.24584,12.24584,65901796.0,CLOSED,1.6699501,,,26.51074,1.0892601,0.0410875,25.592325,2.0076752,0.07844833,,15,0,America/New_York,EDT,-14400000,False,False,False,BLDG,,,,,
REIT,real-estate,48,PSR,Invesco Active U.S. Real Estate Fund,https://finance.yahoo.com/research-hub/screener/sec-ind_sec-top-etfs_real-estate/,2026-07-19T04:19:51+00:00,en-US,US,ETF,ETF,Delayed Quote,False,LOW,2.56,30.248034,8.28232,41.51216,USD,0.35,PCX,106.9843,89.15,2.56,,Invesco Active U.S. Real Estate,160.38,53.46,0.166937,True,1227277800000,2,0.0,1784322300.0,106.9843,0.0,0.178299,1784314243,106.984,106.9843,106.695 - 106.9843,106.695,590,106.806,200,100.0,us_market,finmb_50980053,NYSEArca,Invesco Active U.S. Real Estate Fund,106.695,3267,1600,[],17.834,0.20004486,89.15 - 106.9843,-0.0002975464,-2.7812155e-06,15.629053,0.0,31.54942,0.0,15.03109,11.41763,11.41763,57390412.0,CLOSED,3.3909974,,,102.8782,4.1058044,0.039909374,96.1927,10.791298,0.11218416,,15,0,America/New_York,EDT,-14400000,False,False,False,PSR,,,,,
REIT,real-estate,49,URE,ProShares Ultra Real Estate,https://finance.yahoo.com/research-hub/screener/sec-ind_sec-top-etfs_real-estate/,2026-07-19T04:19:51+00:00,en-US,US,ETF,ETF,Delayed Quote,False,LOW,2.07,31.615555,11.15729,87.48737,USD,0.95,PCX,74.0,57.38,2.07,,ProShares Ultra Real Estate,74.64,72.91,-0.174336,True,1170426600000,2,0.0,1784327220.0,72.9518,0.0,-0.127403,1784318173,72.9518,73.105,72.695 - 73.105,72.695,1431,73.0792,400,100.0,us_market,finmb_32431879,NYSEArca,ProShares Ultra Real Estate,74.0,3000,2180,[],15.571796,0.27138022,57.38 - 74.0,-1.0482025,-0.014164899,13.0306835,,33.55269,,17.9031,15.81627,15.81627,56319512.0,CLOSED,2.174246,,,69.8854,3.0663986,0.04387753,64.5694,8.3824005,0.12982002,,15,0,America/New_York,EDT,-14400000,False,False,False,URE,,,,,
REIT,real-estate,50,REIT,ALPS Active REIT ETF,https://finance.yahoo.com/research-hub/screener/sec-ind_sec-top-etfs_real-estate/,2026-07-19T04:19:51+00:00,en-US,US,ETF,ETF,Nasdaq Real Time Price,False,LOW,2.72,28.328612,,,USD,0.68,NGM,31.72,25.628,2.72,,ALPS Active REIT ETF,40.44,22.74,0.23940128,True,1614349800000,2,0.3657172,1784322696.0,31.56,0.11499977,0.075099945,1784318400,31.445,31.7199,31.3 - 31.7199,31.3,8904,31.3699,1,1.0,us_market,finmb_691323000,NasdaqGM,ALPS Active REIT ETF,31.675,9611,8360,[],5.8169994,0.22697829,25.628 - 31.72,-0.27499962,-0.008669597,18.790377,0.0,29.350002,0.0,17.26365,11.78842,11.78842,54631388.0,CLOSED,1.0713798,,,30.20282,1.2421799,0.041127943,28.10017,3.3448296,0.11903236,,15,0,America/New_York,EDT,-14400000,False,False,False,REIT,,2021-02-26,,,
REIT,real-estate,51,NETL,Colterpoint Net Lease Real Estate ETF,https://finance.yahoo.com/research-hub/screener/sec-ind_sec-top-etfs_real-estate/,2026-07-19T04:19:51+00:00,en-US,US,ETF,ETF,Delayed Quote,False,LOW,4.67,22.532672,3.35761,26.90781,USD,0.6,PCX,28.43,23.56,4.67,,Colterpoint Net Lease Real Esta,35.2,21.12,0.0676735,True,1553261400000,2,0.21140008,1784322300.0,28.3,0.059700012,0.0190983,1784315898,28.2403,28.4299,28.04 - 28.4299,28.04,10872,28.2212,100,100.0,us_market,finmb_602154387,NYSEArca,Colterpoint Net Lease Real Estate ETF,28.36,10575,9280,[],4.6802998,0.19865449,23.56 - 28.43,-0.18970108,-0.0066725668,17.31472,0.0,23.876379,0.0,15.12575,9.15375,9.15375,53302056.0,CLOSED,1.1827714,,,26.61312,1.6271801,0.061142027,25.386885,2.8534145,0.112397194,,15,0,America/New_York,EDT,-14400000,False,False,False,NETL,,,,,
REIT,real-estate,52,HYIN,WisdomTree Private Credit & Alternative Income Fund,https://finance.yahoo.com/research-hub/screener/sec-ind_sec-top-etfs_real-estate/,2026-07-19T04:19:51+00:00,en-US,US,ETF,ETF,Delayed Quote,False,LOW,12.82,10.707785,,,USD,4.34,BTS,17.86,13.81,12.82,,WisdomTree Private Credit and A,14.38,14.35,-1.13618,True,1620307800000,2,-1.2855842,1784322300.0,14.19,-0.18480015,-0.1652,1784316360,14.3748,14.425,14.345 - 14.425,14.345,5501,14.54,500,500.0,us_market,finmb_709978272,Cboe US,WisdomTree Private Credit & Alternative Income Fund,14.55,20648,14050,[],0.5647993,0.04089785,13.81 - 17.86,-3.485201,-0.19514002,-17.43251,0.0,10.783401,0.0,-4.66864,2.03893,2.03893,51101864.0,CLOSED,1.3330488,,,14.30234,0.072460175,0.005066316,15.27356,-0.89875984,-0.058844164,,15,0,America/New_York,EDT,-14400000,False,False,False,HYIN,,,,,
REIT,real-estate,53,DRN,Direxion Daily Real Estate Bull 3X Shares,https://finance.yahoo.com/research-hub/screener/sec-ind_sec-top-etfs_real-estate/,2026-07-19T04:19:51+00:00,en-US,US,ETF,ETF,Delayed Quote,False,LOW,1.93,31.615555,11.91863,153.3366,USD,0.98,PCX,11.86,8.05,1.93,,Direxion Daily Real Estate Bull,11.77,11.46,-0.347826,True,1247751000000,2,0.0,1784325938.0,11.46,0.0,-0.04,1784318400,11.46,11.86,11.33 - 11.86,11.33,893503,11.5,3500,7600.0,us_market,finmb_61308401,NYSEArca,Direxion Daily Real Estate Bull 3X Shares,11.62,1028825,858510,[],3.4099998,0.42360246,8.05 - 11.86,-0.39999962,-0.03372678,15.991902,0.0,34.375168,0.0,25.08524,23.1018,23.1018,45811100.0,CLOSED,0.3333802,,,10.808,0.6520004,0.060325727,9.71235,1.7476501,0.17994101,,15,0,America/New_York,EDT,-14400000,False,False,False,DRN,,,,,
REIT,real-estate,54,TFFI,Chesapeake Trend-Following Fixed Income ETF,https://finance.yahoo.com/research-hub/screener/sec-ind_sec-top-etfs_real-estate/,2026-07-19T04:19:51+00:00,en-US,US,EQUITY,Equity,Delayed Quote,False,LOW,,,,,USD,,PCX,20.97,19.0,,,Chesapeake Trend-Following Fixe,20.09,20.04,0.187151,True,1771943400000,2,,,,,0.0375004,1784313290,20.075,20.075,19.985 - 20.075,19.985,3311,20.0375,400,300.0,us_market,finmb_1977176303,NYSEArca,Chesapeake Trend-Following Fixed Income ETF,20.0,7396,5410,[],1.0750008,0.056578986,19.0 - 20.97,-0.89499855,-0.04267995,0.09970665,0.0,28.682077,0.0,,,,,CLOSED,0.69991446,,,19.9674,0.107601166,0.0053888424,19.902,0.17300034,0.00869261,,15,0,America/New_York,EDT,-14400000,False,False,False,TFFI,,,,,
REIT,real-estate,55,CRDT,Simplify Opportunistic Income ETF,https://finance.yahoo.com/research-hub/screener/sec-ind_sec-top-etfs_real-estate/,2026-07-19T04:19:51+00:00,en-US,US,ETF,ETF,Delayed Quote,False,LOW,6.11,8.604371,,,USD,0.99,PCX,24.315,21.69,6.11,,Simplify Opportunistic Income E,26.44,20.44,-0.342026,True,1687872600000,2,0.0,1784322300.0,23.31,0.0,-0.0799999,1784318400,23.31,23.31,23.3099 - 23.31,23.3099,988,23.39,1700,100.0,us_market,finmb_1833658146,NYSEArca,Simplify Opportunistic Income ETF,23.31,5091,3070,[],1.6199989,0.07468875,21.69 - 24.315,-1.0050011,-0.041332554,-2.915454,0.0,8.525589,0.0,3.21548,5.88159,5.88159,36268136.0,CLOSED,2.734122,,,23.32892,-0.018920898,-0.000811049,23.25631,0.053689957,0.002308619,,15,0,America/New_York,EDT,-14400000,False,False,False,CRDT,,,,,
REIT,real-estate,56,NURE,Nuveen Short-Term REIT ETF,https://finance.yahoo.com/research-hub/screener/sec-ind_sec-top-etfs_real-estate/,2026-07-19T04:19:51+00:00,en-US,US,ETF,ETF,Delayed Quote,False,LOW,4.06,30.30303,12.99172,53.18652,USD,0.36,BTS,32.99,26.85,4.06,,Nuveen Short-Term REIT ETF,48.85,16.29,-0.58987,True,1482244200000,2,0.0,1784322300.0,32.6104,0.0,-0.193501,1784302189,32.6104,32.931,32.6104 - 32.931,32.6104,2397,32.8039,1100,600.0,us_market,finmb_408238149,Cboe US,Nuveen Short-Term REIT ETF,32.99,4758,2860,[],5.760401,0.21454006,26.85 - 32.99,-0.37960052,-0.011506532,9.679806,0.0,30.5564,0.0,17.41371,19.9451,19.9451,35572212.0,CLOSED,1.06722,,,31.45908,1.1513214,0.036597427,29.218515,3.3918858,0.11608686,,15,0,America/New_York,EDT,-14400000,False,False,False,NURE,,,,,
REIT,real-estate,57,PPTY,Vident U.S. Diversified Real Estate ETF,https://finance.yahoo.com/research-hub/screener/sec-ind_sec-top-etfs_real-estate/,2026-07-19T04:19:51+00:00,en-US,US,ETF,ETF,Delayed Quote,False,LOW,2.54,28.54696,12.72955,40.12877,USD,0.53,PCX,35.43,29.2,2.54,,U.S. Diversified Real Estate ET,52.65,17.69,-0.204608,True,1522157400000,2,0.0,1784322300.0,35.165,0.0,-0.0720978,1784311197,35.165,35.43,34.99 - 35.43,34.99,6336,35.2371,300,200.0,us_market,finmb_556325300,NYSEArca,Vident U.S. Diversified Real Estate ETF,35.43,2341,4560,[],5.965,0.20428082,29.2 - 35.43,-0.2649994,-0.00747952,15.8610935,0.0,29.340784,0.0,14.63107,14.45341,14.45341,25660194.0,CLOSED,1.1985024,,,33.61678,1.5482216,0.046055023,31.474146,3.690855,0.11726625,,15,0,America/New_York,EDT,-14400000,False,False,False,PPTY,1529539200.0,,,,
REIT,real-estate,58,BYRE,Principal Real Estate Active Opportunities ETF,https://finance.yahoo.com/research-hub/screener/sec-ind_sec-top-etfs_real-estate/,2026-07-19T04:19:51+00:00,en-US,US,ETF,ETF,Delayed Quote,False,LOW,2.45,31.357792,,,USD,0.6,PCX,28.15,24.235,2.45,,Principal Real Estate Active Op,36.04,19.99,0.300832,True,1652967000000,2,0.0,1784322300.0,27.9734,0.0,0.0839005,1784308779,27.9734,28.15,27.83 - 28.15,27.83,2429,27.8895,1200,1200.0,us_market,finmb_1782541086,NYSEArca,Principal Real Estate Active Opportunities ETF,28.04,2945,2580,[],3.7383995,0.15425621,24.235 - 28.15,-0.1765995,-0.006273517,9.214067,0.0,32.11893,0.0,12.23664,9.66153,9.66153,25611928.0,CLOSED,0.87093186,,,27.34968,0.62372017,0.022805393,25.89494,2.0784607,0.08026513,,15,0,America/New_York,EDT,-14400000,False,False,False,BYRE,,,,,
REIT,real-estate,59,CBON,VanEck China Bond ETF,https://finance.yahoo.com/research-hub/screener/sec-ind_sec-top-etfs_real-estate/,2026-07-19T04:19:51+00:00,en-US,US,ETF,ETF,Delayed Quote,False,LOW,3.03,5.271481286241434,0.95967,6.11132,USD,0.5,PCX,24.0,22.11,1.54,,VanEck China Bond ETF,23.88,21.97,0.0910995,True,1415716200000,2,0.0,1784325614.0,23.8417,0.0,0.0216999,1784318173,23.8417,23.845,23.8417 - 23.845,23.8417,768,23.82,700,100.0,us_market,finmb_269374353,NYSEArca,VanEck China Bond ETF,23.87,7459,8370,[],1.731699,0.07832198,22.11 - 24.0,-0.1583004,-0.00659585,6.723368,0.0,,0.0,4.18189,2.3554,2.3554,23741844.0,CLOSED,,,,23.83304,0.008659363,0.00036333437,23.140884,0.7008152,0.03028472,,15,0,America/New_York,EDT,-14400000,False,False,False,CBON,,,,,
REIT,real-estate,60,USAF,Atlas America Fund,https://finance.yahoo.com/research-hub/screener/sec-ind_sec-top-etfs_real-estate/,2026-07-19T04:19:51+00:00,en-US,US,ETF,ETF,Nasdaq Real Time Price,False,LOW,2.45,31.113877,,,USD,0.89,NGM,30.4,26.25,2.45,,Atlas America Fund,35.43,19.92,0.05427387,True,1732113000000,2,-0.16245514,1784319005.0,27.655,-0.045000076,0.015001297,1784318400,27.655,27.7,27.6428 - 27.7,27.6428,850,27.64,1,2.0,us_market,finmb_1889476706,NasdaqGM,Atlas America Fund,27.6428,1930,370,[],1.4050007,0.053523835,26.25 - 30.4,-2.744999,-0.090296015,3.8568377,0.0,31.444752,0.0,2.1121,-0.14961,-0.14961,17513128.0,CLOSED,0.87947905,,,27.46634,0.18866158,0.0068688286,27.506975,0.14802551,0.005381381,,15,0,America/New_York,EDT,-14400000,False,False,False,USAF,,2024-11-20,,,
REIT,real-estate,61,FPRO,Fidelity Real Estate Investment ETF,https://finance.yahoo.com/research-hub/screener/sec-ind_sec-top-etfs_real-estate/,2026-07-19T04:19:51+00:00,en-US,US,ETF,ETF,Delayed Quote,False,LOW,2.51,32.372936,,,USD,0.57,BTS,25.92,21.95,2.51,,Fidelity Real Estate Investment,25.74,12.85,0.0704402,True,1612449000000,2,0.0,1784322300.0,25.7147,0.0,0.0181007,1784317280,25.7147,25.92,25.66 - 25.92,25.66,8676,25.6966,300,300.0,us_market,finmb_698702280,Cboe US,Fidelity Real Estate Investment ETF,25.69,4833,8690,[],3.7647,0.17151251,21.95 - 25.92,-0.20529938,-0.007920501,12.854385,0.0,0.81633973,0.0,12.97788,9.20224,9.20224,16727392.0,CLOSED,31.5,,,24.90518,0.8095207,0.03250411,23.572205,2.142496,0.09089078,,15,0,America/New_York,EDT,-14400000,False,False,False,FPRO,,,,,
REIT,real-estate,62,WTRE,WisdomTree New Economy Real Estate ETF,https://finance.yahoo.com/research-hub/screener/sec-ind_sec-top-etfs_real-estate/,2026-07-19T04:19:51+00:00,en-US,US,ETF,ETF,Delayed Quote,False,LOW,2.27,24.378352,13.90711,0.0724,USD,0.58,PCX,28.95,18.82,2.27,,WisdomTree New Economy Real Est,23.65,17.74,0.439486,True,1181050200000,2,,,,,0.103399,1784225907,23.6307,23.6307,23.6307 - 23.6307,23.6307,354,23.5273,100,400.0,us_market,finmb_34870244,NYSEArca,WisdomTree New Economy Real Estate ETF,23.54,3325,1650,[],4.8106995,0.25561634,18.82 - 28.95,-5.3193016,-0.18374099,18.803417,0.0,23.016401,0.0,18.37325,16.61079,16.61079,16268614.0,CLOSED,1.0266895,,,25.2998,-1.6691017,-0.06597292,23.44655,0.18414879,0.007853982,,15,0,America/New_York,EDT,-14400000,False,False,False,WTRE,,,Watford,,
REIT,real-estate,63,DTRE,First Trust Alerian Disruptive Technology Real Estate ETF,https://finance.yahoo.com/research-hub/screener/sec-ind_sec-top-etfs_real-estate/,2026-07-19T04:19:51+00:00,en-US,US,ETF,ETF,Delayed Quote,False,LOW,3.77,25.157233,13.56009,26.69837,USD,0.6,PCX,43.51,38.31,3.77,,First Trust Alerian Disruptive ,65.41,43.38,0.190024,True,1188480600000,2,0.0,1784322300.0,43.4983,0.0,0.0825005,1784303848,43.4983,43.51,43.43 - 43.51,43.43,448,43.4158,200,400.0,us_market,finmb_36593828,NYSEArca,First Trust Alerian Disruptive Technology Real Estate ETF,43.51,448,340,[],5.1882973,0.13542932,38.31 - 43.51,-0.0116996765,-0.00026889628,7.913673,0.0,26.374956,0.0,6.26381,7.08619,7.08619,14172267.0,CLOSED,1.6492274,,,42.494,1.0042992,0.023633905,40.985,2.513298,0.061322387,,15,0,America/New_York,EDT,-14400000,False,False,False,DTRE,,,,,
REIT,real-estate,64,ERET,Ishares Environmentally Aware Real Estate ETF,https://finance.yahoo.com/research-hub/screener/sec-ind_sec-top-etfs_real-estate/,2026-07-19T04:19:51+00:00,en-US,US,ETF,ETF,Nasdaq Real Time Price,False,LOW,3.35,21.729683,,,USD,0.3,NGM,29.75,26.072,3.35,,iShares Environmentally Aware R,38.27,21.46,0.3713663,True,1668781800000,2,0.3713663,1784319004.0,29.73,0.1099987,0.1099987,1784318400,29.73,29.73,29.73 - 29.73,29.73,55,29.62,2,2.0,us_market,finmb_1790157418,NasdaqGM,Ishares Environmentally Aware Real Estate ETF,29.73,3358,720,[],3.657999,0.14030373,26.072 - 29.75,-0.020000458,-0.0006722843,11.893118,0.0,22.459944,0.0,9.13244,7.89985,7.89985,13806411.0,CLOSED,1.3236898,,,28.93406,0.7959404,0.027508771,28.06132,1.6686802,0.059465494,,15,0,America/New_York,EDT,-14400000,False,False,False,ERET,,2022-11-17,,,
REIT,real-estate,65,RDOG,ALPS REIT Dividend Dogs ETF,https://finance.yahoo.com/research-hub/screener/sec-ind_sec-top-etfs_real-estate/,2026-07-19T04:19:51+00:00,en-US,US,ETF,ETF,Delayed Quote,False,LOW,6.12,29.682398,10.36794,35.36494,USD,0.35,PCX,42.76,34.76,6.12,,ALPS REIT Dividend Dogs ETF,42.34,42.24,-0.35157,True,1211463000000,2,0.0,1784322300.0,42.3183,0.0,-0.149303,1784296316,42.3183,42.76,42.3183 - 42.76,42.3183,547,42.4676,600,600.0,us_market,finmb_44679015,NYSEArca,ALPS REIT Dividend Dogs ETF,42.6,1575,1770,[],7.5583,0.21744247,34.76 - 42.76,-0.44169998,-0.010329748,17.100166,0.0,30.241806,0.0,19.28594,18.39165,18.39165,11411847.0,CLOSED,1.3993311,,,40.9216,1.396698,0.03413107,37.9008,4.4174995,0.11655426,,15,0,America/New_York,EDT,-14400000,False,False,False,RDOG,,,,,
REIT,real-estate,66,FIXP,FolioBeyond Enhanced Fixed Income Premium ETF,https://finance.yahoo.com/research-hub/screener/sec-ind_sec-top-etfs_real-estate/,2026-07-19T04:19:51+00:00,en-US,US,ETF,ETF,Delayed Quote,False,LOW,5.27,8.992806,,,USD,1.01,PCX,20.46,19.46,5.27,,FolioBeyond Enhanced Fixed Inco,29.91,19.86,-0.0305809,True,1737642600000,2,0.0,1784322300.0,19.94,0.0,-0.0060997,1784318390,19.94,19.978,19.94 - 19.978,19.94,710,19.9461,100,100.0,us_market,finmb_1911769011,NYSEArca,FolioBeyond Enhanced Fixed Income Premium ETF,19.978,1912,620,[],0.48000145,0.024666058,19.46 - 20.46,-0.51999855,-0.025415376,1.0182858,0.0,9.029759,0.0,1.98989,2.38838,2.38838,9929188.0,CLOSED,2.2082539,,,19.85784,0.08216095,0.0041374564,19.88826,0.051740646,0.0026015672,,15,0,America/New_York,EDT,-14400000,False,False,False,FIXP,,,,,
REIT,real-estate,67,RITA,ETFB Green SRI REITs ETF,https://finance.yahoo.com/research-hub/screener/sec-ind_sec-top-etfs_real-estate/,2026-07-19T04:19:51+00:00,en-US,US,ETF,ETF,Delayed Quote,False,LOW,2.4,23.923445,,,USD,0.5,PCX,23.86,18.82,2.4,,ETFB Green SRI REITs ETF,33.09,11.03,0.0652414,True,1639060200000,2,,,,,0.0144005,1784122547,22.087,22.087,22.087 - 22.087,22.087,365,22.0726,300,300.0,us_market,finmb_691541758,NYSEArca,ETFB Green SRI REITs ETF,21.58,1685,1270,[],3.2670002,0.17359194,18.82 - 23.86,-1.7730007,-0.07430849,14.588844,0.0,25.052374,0.0,10.5215,10.32387,10.32387,9491245.0,CLOSED,0.88163304,,,21.01596,1.0710392,0.050963134,20.11914,1.9678593,0.097810306,,15,0,America/New_York,EDT,-14400000,False,False,False,RITA,,,,,
REIT,real-estate,68,HAUS,Residential REIT ETF,https://finance.yahoo.com/research-hub/screener/sec-ind_sec-top-etfs_real-estate/,2026-07-19T04:19:51+00:00,en-US,US,ETF,ETF,Delayed Quote,False,LOW,4.05,31.87759,,,USD,0.6,BTS,19.56,16.6,4.05,,Residential REIT ETF,19.03,18.98,-1.07231,True,1646145000000,2,2.713258,1784332325.0,19.53,0.51590157,-0.2061,1784298928,19.0141,19.36,19.0141 - 19.36,19.0141,318,19.2202,4100,4100.0,us_market,finmb_1765407876,Cboe US,Residential REIT ETF,19.36,2725,720,[],2.4140987,0.14542763,16.6 - 19.56,-0.54590034,-0.027909016,4.800749,0.0,32.11455,0.0,8.83981,12.20552,12.20552,8681933.0,CLOSED,0.5920711,,,18.8297,0.18439865,0.009792968,18.028654,0.985445,0.054659933,,15,0,America/New_York,EDT,-14400000,False,False,False,HAUS,,,,,
REIT,real-estate,69,SJCP,SanJac Alpha Core Plus Bond ETF,https://finance.yahoo.com/research-hub/screener/sec-ind_sec-top-etfs_real-estate/,2026-07-19T04:19:51+00:00,en-US,US,ETF,ETF,Nasdaq Real Time Price,False,LOW,3.79,6.775068,,,USD,0.65,NGM,25.51,24.68,3.79,,SanJac Alpha Core Plus Bond ETF,32.16,18.0,-0.10328968,True,1725975000000,2,-0.10328968,1784319005.0,25.0491,-0.025899887,-0.025899887,1784318400,25.0491,25.0491,25.0491 - 25.0491,25.0491,49,25.075,2,2.0,us_market,finmb_1877929240,NasdaqGM,SanJac Alpha Core Plus Bond ETF,25.0491,3461,640,[],0.36910057,0.014955453,24.68 - 25.51,-0.46089935,-0.018067399,0.236094,0.0,6.8021693,0.0,0.70354,1.12951,1.12951,7484792.0,CLOSED,3.6825166,,,25.06318,-0.014080048,-0.00056178216,25.190655,-0.14155388,-0.0056193015,,15,0,America/New_York,EDT,-14400000,False,False,False,SJCP,,2024-09-10,,,
REIT,real-estate,70,RNTY,YieldMax Target 12 Real Estate Option Income ETF,https://finance.yahoo.com/research-hub/screener/sec-ind_sec-top-etfs_real-estate/,2026-07-19T04:19:51+00:00,en-US,US,ETF,ETF,Delayed Quote,False,LOW,9.05,33.818059,,,USD,0.99,PCX,52.5,47.67,9.05,,YieldMax Target 12 Real Estate ,50.36,50.05,-0.427763,True,1744896600000,2,0.0,1784322300.0,50.2321,0.0,-0.215797,1784310434,50.2321,50.545,50.125 - 50.545,50.125,1053,50.4479,500,500.0,us_market,finmb_1892614387,NYSEArca,YieldMax Target 12 Real Estate Option Income ETF,50.545,1577,1810,[],2.5621033,0.053746663,47.67 - 52.5,-2.2678986,-0.043198068,-3.2660604,0.0,33.748188,0.0,8.66785,6.83194,6.83194,6292015.0,CLOSED,1.4884385,,,50.10868,0.123420715,0.0024630607,49.92318,0.3089218,0.0061879433,,15,0,America/New_York,EDT,-14400000,False,False,False,RNTY,,,,,
REIT,real-estate,71,FTHB,FIS Faith Income ETF,https://finance.yahoo.com/research-hub/screener/sec-ind_sec-top-etfs_real-estate/,2026-07-19T04:19:51+00:00,en-US,US,EQUITY,Equity,Nasdaq Real Time Price,False,LOW,,,,,USD,,PCX,25.41,24.81,,,FIS Faith Income ETF,26.72,23.89,0.0201791,True,1773927000000,2,0.020179112,1784318691.0,25.28,0.0051002502,0.00510025,1784301966,25.28,25.28,25.28 - 25.28,25.28,106,25.2749,100,200.0,us_market,finmb_1978487347,NYSEArca,FIS Faith Income ETF,25.31,4135,14130,[],0.47000122,0.018944023,24.81 - 25.41,-0.12999916,-0.005116063,1.0391712,,11.200603,,,,,,CLOSED,2.2570214,,,25.2618,0.01819992,0.0007204522,25.195663,0.084337234,0.0033472916,,15,0,America/New_York,EDT,-14400000,False,False,False,FTHB,,,,,
REIT,real-estate,72,JRE,Janus Henderson U.S. Real Estate ETF,https://finance.yahoo.com/research-hub/screener/sec-ind_sec-top-etfs_real-estate/,2026-07-19T04:19:51+00:00,en-US,US,ETF,ETF,Delayed Quote,False,LOW,4.77,34.506556,,,USD,0.65,PCX,28.2723,23.05,4.77,,Janus Henderson U.S. Real Estat,42.42,14.14,0.13743,True,1624455000000,2,0.0,1784322300.0,28.2723,0.0,0.0388012,1784307522,28.2723,28.2723,28.24 - 28.2723,28.24,232,28.2335,100,300.0,us_market,finmb_705428716,NYSEArca,Janus Henderson U.S. Real Estate ETF,28.24,1195,1550,[],5.2223015,0.22656406,23.05 - 28.2723,0.0,0.0,18.307734,0.0,35.72244,0.0,17.88552,11.63228,11.63228,4097022.0,CLOSED,0.79144377,,,27.07742,1.1948814,0.044128336,25.2916,2.9807014,0.11785342,,15,0,America/New_York,EDT,-14400000,False,False,False,JRE,,,,,
REIT,real-estate,73,PRVT,Tema ETF Trust - Tema Listed Private Managers ETF,https://finance.yahoo.com/research-hub/screener/sec-ind_sec-top-etfs_real-estate/,2026-07-19T04:19:51+00:00,en-US,US,ETF,ETF,Delayed Quote,False,LOW,3.58,22.789425706472194,,,USD,,BTS,25.906,18.59,,,Tema Alternative Asset Managers,21.25,21.12,0.117923,True,1759411800000,2,,,,,0.0250015,1784209986,21.2266,21.2266,21.2266 - 21.2266,21.2266,9,21.2016,400,300.0,us_market,finmb_1954808143,Cboe US,Tema ETF Trust - Tema Listed Private Managers ETF,21.05,398,310,[],2.6366005,0.14182897,18.59 - 25.906,-4.6793995,-0.18062995,-13.931799,0.0,,0.0,,,,,CLOSED,,,,20.63902,0.5875797,0.028469361,22.099874,-0.87327385,-0.039514877,,15,0,America/New_York,EDT,-14400000,False,False,False,PRVT,,2023-06-13,,,
REIT,real-estate,74,DPRE,Virtus Duff & Phelps Real Estat,https://finance.yahoo.com/research-hub/screener/sec-ind_sec-top-etfs_real-estate/,2026-07-19T04:19:51+00:00,en-US,US,EQUITY,Equity,Delayed Quote,False,LOW,,,,,USD,,PCX,26.86,24.89,,,Virtus Duff & Phelps Real Estat,40.24,13.42,0.160345,True,1776259800000,2,,,,,0.0429993,1784308361,26.8597,26.8597,26.77 - 26.8597,26.77,506,26.8167,500,500.0,us_market,finmb_1969890822,NYSEArca,,26.77,2267,4450,[],1.9696999,0.07913619,24.89 - 26.86,-0.00030136108,-1.1219698e-05,7.3541164,,32.918472,,,,,,CLOSED,0.8159461,,,25.9124,0.94729996,0.036557786,25.771847,1.0878525,0.042210884,,15,0,America/New_York,EDT,-14400000,False,False,False,DPRE,,,,,
REIT,real-estate,75,CRED,Columbia Research Enhanced Real Estate ETF,https://finance.yahoo.com/research-hub/screener/sec-ind_sec-top-etfs_real-estate/,2026-07-19T04:19:51+00:00,en-US,US,ETF,ETF,Delayed Quote,False,LOW,2.91,25.608195,,,USD,0.33,PCX,23.486,19.815,2.91,,Columbia Research Enhanced Real,34.99,11.67,0.0154709,True,1682515800000,2,0.0,1784322300.0,23.28,0.0,0.00360107,1784308364,23.28,23.486,23.28 - 23.486,23.28,1217,23.2764,600,300.0,us_market,finmb_1828999432,NYSEArca,Columbia Research Enhanced Real Estate ETF,23.4,380,350,[],3.4650002,0.17486753,19.815 - 23.486,-0.20599937,-0.008771156,7.0098877,0.0,26.31699,0.0,14.24587,10.61018,10.61018,3394234.0,CLOSED,0.8845997,,,22.8107,0.46930122,0.020573732,21.50147,1.7785301,0.08271667,,15,0,America/New_York,EDT,-14400000,False,False,False,CRED,1522972800.0,,,,
REIT,real-estate,76,DESK,Vaneck Office And Commercial REIT ETF,https://finance.yahoo.com/research-hub/screener/sec-ind_sec-top-etfs_real-estate/,2026-07-19T04:19:51+00:00,en-US,US,ETF,ETF,Delayed Quote,False,LOW,4.66,23.764259,,,USD,0.51,PCX,43.811,31.999,4.66,,VanEck Office and Commercial RE,43.08,43.01,-0.666362,True,1695303000000,2,0.0,1784322300.0,43.23,0.0,-0.290001,1784318400,43.23,43.811,42.87 - 43.811,42.87,22911,43.52,500,500.0,us_market,finmb_1854476349,NYSEArca,Vaneck Office And Commercial REIT ETF,43.811,8648,45490,[],11.230999,0.3509797,31.999 - 43.811,-0.5810013,-0.013261539,8.773875,0.0,24.707285,0.0,15.62172,28.3597,28.3597,3326288.0,CLOSED,1.7496864,,,39.70274,3.5272598,0.08884172,37.613735,5.6162643,0.1493142,,15,0,America/New_York,EDT,-14400000,False,False,False,DESK,,,,,
REIT,real-estate,77,DVDN,Kingsbarn Dividend Opportunity ETF,https://finance.yahoo.com/research-hub/screener/sec-ind_sec-top-etfs_real-estate/,2026-07-19T04:19:51+00:00,en-US,US,ETF,ETF,Delayed Quote,False,LOW,14.71,9.412651,,,USD,1.65,PCX,23.435,15.6,14.71,,Kingsbarn Dividend Opportunity ,17.0,11.41,-1.68603,True,1698931800000,2,,,,,-0.2728,1784231990,15.9072,15.9072,15.9072 - 15.9072,15.9072,56,16.18,4000,100.0,us_market,finmb_1830036043,NYSEArca,Kingsbarn Dividend Opportunity ETF,16.02,1950,3700,[],0.30719948,0.019692274,15.6 - 23.435,-7.5277996,-0.3212204,-28.175371,0.0,9.0529175,0.0,-9.3292,0.14784,0.14784,3302245.0,CLOSED,1.7571352,,,16.48488,-0.5776806,-0.035043057,18.20729,-2.3000908,-0.126328,,15,0,America/New_York,EDT,-14400000,False,False,False,DVDN,,,,,
REIT,real-estate,78,TSRS,Truth Social American Red State REITs ETF,https://finance.yahoo.com/research-hub/screener/sec-ind_sec-top-etfs_real-estate/,2026-07-19T04:19:51+00:00,en-US,US,EQUITY,Equity,Delayed Quote,False,LOW,,,,,USD,,PCX,29.0,24.76,,,Truth Social American Red State,28.7,28.65,-0.189216,True,1767105000000,2,0.0,1784322300.0,28.6956,0.0,-0.0543995,1784295566,28.6956,28.6956,28.6956 - 28.6956,28.6956,1241,28.75,100,300.0,us_market,finmb_1966752497,NYSEArca,Truth Social American Red State REITs ETF,29.0,1269,760,[],3.9356003,0.15894993,24.76 - 29.0,-0.3043995,-0.010496534,14.31303,0.0,27.453335,0.0,,,,,CLOSED,1.04525,,,27.27282,1.422781,0.05216846,26.605095,2.0905056,0.07857539,,15,0,America/New_York,EDT,-14400000,False,False,False,TSRS,,,,Truth Social Funds - Truth Social American Red State Reits Etf,2026-07-19
REIT,real-estate,79,XLRI,State Street Real Estate Select Sector SPDR Premium Income ETF,https://finance.yahoo.com/research-hub/screener/sec-ind_sec-top-etfs_real-estate/,2026-07-19T04:19:51+00:00,en-US,US,EQUITY,Equity,Delayed Quote,False,LOW,,,,,USD,,PCX,25.42,22.44,,,State Street Real Estate Select,23.87,23.79,-0.234884,True,1753882200000,2,0.0,1784322300.0,23.8276,0.0,-0.0560989,1784315826,23.8276,24.0,23.765 - 24.0,23.765,3564,23.8837,100,100.0,us_market,finmb_1944986286,NYSEArca,State Street Real Estate Select Sector SPDR Premium Income ETF,23.99,2567,2410,[],1.3876,0.061836004,22.44 - 25.42,-1.5923996,-0.06264357,-5.3693414,0.0,31.855026,0.0,,,,,CLOSED,0.7480013,,,23.62166,0.20594025,0.00871828,23.861515,-0.033914566,-0.0014213081,,15,0,America/New_York,EDT,-14400000,False,False,False,XLRI,,,,The Select Sector SPDR Trust - The Real Estate Select Sector SPDR Premium Income Fund,2026-07-19
REIT,real-estate,80,DIME,CoinShares Altcoins ETF,https://finance.yahoo.com/research-hub/screener/sec-ind_sec-top-etfs_real-estate/,2026-07-19T04:19:51+00:00,en-US,US,ETF,ETF,Nasdaq Real Time Price,False,LOW,,,,,USD,0.0,NGM,28.1,7.23,,,CoinShares Altcoins ETF,9.98,5.53,-0.8917158,True,1759843800000,2,-0.51150846,1784318695.0,7.78,-0.03999996,-0.069999695,1784318400,7.78,7.82,7.78 - 7.82,7.78,1438,7.85,2,1.0,us_market,finmb_1932180508,NasdaqGM,CoinShares Altcoins ETF,7.82,2900,1790,[],0.5500002,0.07607195,7.23 - 28.1,-20.32,-0.72313166,-69.42304,0.0,,0.0,-35.26581,-2.24366,-2.24366,1096118.0,CLOSED,,,,8.66042,-0.8804202,-0.101660214,11.284323,-3.5043225,-0.3105479,,15,0,America/New_York,EDT,-14400000,False,False,False,DIME,,2025-10-07,,,
REIT,real-estate,81,REAI,Intelligent Real Estate ETF,https://finance.yahoo.com/research-hub/screener/sec-ind_sec-top-etfs_real-estate/,2026-07-19T04:19:51+00:00,en-US,US,ETF,ETF,Nasdaq Real Time Price,False,LOW,3.28,24.826216,,,USD,0.59,NGM,21.922,18.296,3.28,,Intelligent Real Estate ETF,27.75,15.51,0.13782474,True,1686663000000,2,0.13782476,1784319005.0,21.5797,0.029701233,0.029701233,1784318400,21.5797,21.5797,21.5797 - 21.5797,21.5797,23,21.55,1,1.0,us_market,finmb_1832285385,NasdaqGM,Intelligent Real Estate ETF,21.5797,246,390,[],3.283701,0.17947644,18.296 - 21.922,-0.34230042,-0.01561447,9.432054,0.0,24.97412,0.0,13.19853,8.74108,8.74108,1055430.0,CLOSED,0.8640825,,,21.4121,0.16760063,0.00782738,20.34258,1.2371197,0.060814295,,15,0,America/New_York,EDT,-14400000,False,False,False,REAI,,,,,
