sector,yahoo_sector_key,rank,ticker,etf_name,source_url,retrieved_at_utc,screen_language,screen_region,screen_quote_type,screen_type_disp,screen_quote_source_name,screen_triggerable,screen_custom_price_alert_confidence,screen_yield_ttm,screen_pe_ttm,screen_annual_return_nav_y3,screen_annual_return_nav_y5,screen_regular_market_time,screen_regular_market_price,screen_regular_market_day_high,screen_post_market_price,screen_post_market_change,screen_regular_market_change,screen_regular_market_day_range,screen_regular_market_day_low,screen_regular_market_volume,screen_post_market_time,screen_esg_populated,screen_tradeable,screen_crypto_tradeable,screen_currency,screen_first_trade_date_milliseconds,screen_bid,screen_ask,screen_long_name,screen_has_pre_post_market_data,screen_full_exchange_name,screen_price_hint,screen_post_market_change_percent,screen_trailing_annual_dividend_yield,screen_ytd_return,screen_trailing_three_month_returns,screen_trailing_three_month_nav_returns,screen_net_assets,screen_market_state,screen_regular_market_change_percent,screen_regular_market_open,screen_average_daily_volume3_month,screen_average_daily_volume10_day,screen_corporate_actions,screen_fifty_two_week_low_change,screen_bid_size,screen_market,screen_fifty_two_week_low_change_percent,screen_fifty_two_week_range,screen_fifty_two_week_high_change,screen_ask_size,screen_fifty_two_week_high_change_percent,screen_fifty_two_week_change_percent,screen_eps_trailing_twelve_months,screen_shares_outstanding,screen_regular_market_previous_close,screen_message_board_id,screen_book_value,screen_fifty_day_average,screen_fifty_day_average_change,screen_fifty_day_average_change_percent,screen_two_hundred_day_average,screen_two_hundred_day_average_change,screen_price_to_book,screen_source_interval,screen_exchange_data_delayed_by,screen_exchange_timezone_name,screen_exchange_timezone_short_name,screen_gmt_off_set_milliseconds,screen_exchange,screen_fifty_two_week_high,screen_fifty_two_week_low,screen_dividend_yield,screen_financial_currency,screen_short_name,screen_net_expense_ratio,screen_two_hundred_day_average_change_percent,screen_trailing_annual_dividend_rate,screen_trailing_pe,screen_symbol,screen_eps_forward,screen_forward_pe,screen_dividend_date,screen_ipo_expected_date,screen_display_name,screen_market_cap,screen_implied_shares_outstanding,screen_earnings_timestamp_start,screen_earnings_timestamp_end,screen_prev_name,screen_name_change_date
Utilities,utilities,1,XLU,State Street Utilities Select Sector SPDR ETF,https://finance.yahoo.com/research-hub/screener/sec-ind_sec-top-etfs_utilities/,2026-07-19T02:51:50+00:00,en-US,US,ETF,ETF,Delayed Quote,False,LOW,2.64,20.93364,-7.14123,17.58388,1784318400,45.17,46.14,45.3,0.13000107,-0.300003,45.055 - 46.14,45.055,20919897,1784332550.0,False,False,False,USD,914337000000,45.15,45.16,State Street Utilities Select Sector SPDR ETF,True,NYSEArca,2,0.287804,0.04288542,7.64233,-0.5478,-0.5478,23111417900.0,CLOSED,-0.659782,45.9,20276435,17228860,[],4.0199966,32100,us_market,0.09769129,41.15 - 47.8,-2.630001,28300,-0.055020943,7.5220227,2.166051,163274000.0,45.47,finmb_8795452,63.99,44.8704,0.2995987,0.0066769784,44.836224,0.33377457,0.7058915,15,0,America/New_York,EDT,-14400000,PCX,47.8,41.15,2.64,USD,State Street Utilities Select S,0.08,0.007444306,1.95,20.853619,XLU,,,,,,,,,,,
Utilities,utilities,2,HYG,iShares iBoxx $ High Yield Corporate Bond ETF,https://finance.yahoo.com/research-hub/screener/sec-ind_sec-top-etfs_utilities/,2026-07-19T02:51:50+00:00,en-US,US,ETF,ETF,Delayed Quote,False,LOW,5.88,10.989010989010989,12.41463,4.12229,1784318400,79.65,79.835,79.683,0.03299713,-0.150002,79.63 - 79.835,79.63,35716275,1784331391.0,False,False,False,USD,1176298200000,79.68,79.68,iShares iBoxx $ High Yield Corporate Bond ETF,True,NYSEArca,2,0.04142766,0.04765664,1.70104,2.22732,2.22732,17626118100.0,CLOSED,-0.187972,79.75,34510835,28305190,[],1.0800018,29000,us_market,0.013745728,78.57 - 81.36,-1.7099991,30200,-0.021017687,-0.8835256,7.2726674,195600000.0,79.8,finmb_33837611,87.966,79.83,-0.1800003,-0.0022547953,80.3111,-0.66109467,0.90546346,15,0,America/New_York,EDT,-14400000,PCX,81.36,78.57,5.9,USD,iShares iBoxx $ High Yield Corp,0.49,-0.008231672,3.803,10.951965,HYG,0.06,1327.5,,,,,,,,,
Utilities,utilities,3,PFF,iShares Preferred and Income Securities ETF,https://finance.yahoo.com/research-hub/screener/sec-ind_sec-top-etfs_utilities/,2026-07-19T02:51:50+00:00,en-US,US,ETF,ETF,Nasdaq Real Time Price,False,LOW,,,9.32043,7.08736,1784318400,30.35,30.42,30.4,0.049999237,-0.0200005,30.21 - 30.42,30.21,2175930,1784324075.0,False,False,False,USD,1175261400000,29.34,31.23,iShares Preferred and Income Securities ETF,True,NasdaqGM,2,0.16474213,0.059993412,0.42885,2.22101,2.22101,13096669200.0,CLOSED,-0.065856,30.259,2913545,2503600,[],0.25,1,us_market,0.008305647,30.1 - 32.26,-1.9099979,1,-0.059206385,-2.5056243,8.066,418449984.0,30.37,finmb_33508791,38.275,30.9964,-0.64640045,-0.020854048,31.1595,-0.80949974,0.79294574,15,0,America/New_York,EDT,-14400000,NGM,32.26,30.1,5.6,USD,iShares Preferred and Income Se,0.45,-0.025979228,1.822,3.7627077,PFF,,,1522972800.0,,,,,,,,
Utilities,utilities,4,VPU,Vanguard Utilities Index Fund ETF Shares,https://finance.yahoo.com/research-hub/screener/sec-ind_sec-top-etfs_utilities/,2026-07-19T02:51:50+00:00,en-US,US,ETF,ETF,Delayed Quote,False,LOW,2.64,20.820321,-7.4652,17.33085,1784318400,195.22,199.225,196.75,1.5299988,-1.27,194.81 - 199.225,194.81,183282,1784332586.0,False,False,False,USD,1075473000000,194.25,199.99,Vanguard Utilities Index Fund ETF Shares,True,NYSEArca,2,0.78373057,0.022133442,7.28538,-0.45253,-0.45253,10763640800.0,CLOSED,-0.646345,197.73,218714,196130,[],16.710007,500,us_market,0.093608245,178.51 - 206.1,-10.880005,400,-0.05278993,7.5059175,9.400912,26720900.0,196.49,finmb_22939110,103.697,194.3136,0.9064026,0.004664638,194.20676,1.0132446,1.8826003,15,0,America/New_York,EDT,-14400000,PCX,206.1,178.51,2.64,USD,Vanguard Utilities ETF,0.09,0.00521735,4.349,20.76607,VPU,,,,,,,,,,,
Utilities,utilities,5,ICSH,iShares Ultra Short Duration Bond Active ETF,https://finance.yahoo.com/research-hub/screener/sec-ind_sec-top-etfs_utilities/,2026-07-19T02:51:50+00:00,en-US,US,ETF,ETF,Nasdaq Real Time Price,False,LOW,,,5.59496,0.15969,1784318401,50.52,50.52,50.5006,-0.01940155,0.0200005,50.5 - 50.52,50.5,2167478,1784332291.0,False,False,False,USD,1387204200000,50.5,50.51,iShares Ultra Short Duration Bond Active ETF,True,Cboe US,2,-0.0384037,0.0,1.7129,0.91268,0.91268,7771527200.0,CLOSED,0.0396049,50.5,1450262,1564560,[],0.11999893,22200,us_market,0.002380931,50.4 - 50.77,-0.25,27500,-0.004924168,-0.23696423,,,50.5,finmb_249281599,,50.505,0.01499939,0.0002969882,50.59305,-0.07304764,,15,0,America/New_York,EDT,-14400000,BTS,50.77,50.4,4.33,,iShares Ultra Short Duration Bo,0.08,-0.0014438275,0.0,,ICSH,,,,,,,,,,,
Utilities,utilities,6,SHYG,iShares 0-5 Year High Yield Corporate Bond ETF,https://finance.yahoo.com/research-hub/screener/sec-ind_sec-top-etfs_utilities/,2026-07-19T02:51:50+00:00,en-US,US,ETF,ETF,Delayed Quote,False,LOW,6.89,10.989010989010989,10.95511,4.97304,1784318400,42.23,42.29,43.06,0.83000183,-0.0299988,42.215 - 42.29,42.215,1210334,1784322300.0,False,False,False,USD,1382016600000,41.5,42.24,iShares 0-5 Year High Yield Corporate Bond ETF,True,NYSEArca,2,1.9654318,0.0,1.92994,2.20198,2.20198,7603882000.0,CLOSED,-0.0709862,42.26,1278464,1314200,[],0.3999977,30800,us_market,0.00956246,41.83 - 43.39,-1.1599998,10200,-0.026734268,-1.7678559,3.927258,64800000.0,42.26,finmb_243961960,,42.3378,-0.10779953,-0.002546177,42.65465,-0.4246521,,15,0,America/New_York,EDT,-14400000,PCX,43.39,41.83,7.0,,iShares 0-5 Year High Yield Cor,0.3,-0.009955587,0.0,10.75305,SHYG,,,,,,,,,,,
Utilities,utilities,7,FPE,First Trust Preferred Securities and Income ETF,https://finance.yahoo.com/research-hub/screener/sec-ind_sec-top-etfs_utilities/,2026-07-19T02:51:50+00:00,en-US,US,ETF,ETF,Delayed Quote,False,LOW,5.59,22.321428571428573,6.61563,4.9554,1784318400,17.94,17.965,17.94,0.0,-0.0100002,17.92 - 17.965,17.92,1255613,1784322300.0,False,False,False,USD,1360679400000,17.94,17.95,First Trust Preferred Securities and Income ETF,True,NYSEArca,2,0.0,0.0,0.79067,2.15114,2.15114,6320397800.0,CLOSED,-0.0557116,17.93,1044720,958580,[],0.39999962,6600,us_market,0.022804994,17.54 - 18.51,-0.5699997,5200,-0.03079415,0.33557415,0.81715196,,17.95,finmb_225218946,,17.9752,-0.03520012,-0.00195826,18.157,-0.21699905,,15,0,America/New_York,EDT,-14400000,PCX,18.51,17.54,5.96,,First Trust Preferred Securitie,0.83,-0.011951262,0.0,21.954302,FPE,,,,,,,,,,,
Utilities,utilities,8,CWB,State Street SPDR Bloomberg Convertible Securities ETF,https://finance.yahoo.com/research-hub/screener/sec-ind_sec-top-etfs_utilities/,2026-07-19T02:51:50+00:00,en-US,US,ETF,ETF,Delayed Quote,False,LOW,,,14.30877,2.25825,1784318400,101.49,102.18,101.49,0.0,-0.0500031,99.23 - 102.18,99.23,1155873,1784322896.0,False,False,False,USD,1239888600000,95.95,107.54,State Street SPDR Bloomberg Convertible Securities ETF,True,NYSEArca,2,0.0,0.0,21.57483,18.25767,18.25767,6197490700.0,CLOSED,-0.0492447,100.38,951116,706220,[],18.309998,600,us_market,0.220125,83.18 - 112.02,-10.529999,800,-0.09400106,19.456219,,,101.54,finmb_54917357,,106.0948,-4.604805,-0.04340274,96.39705,5.092949,,15,0,America/New_York,EDT,-14400000,PCX,112.02,83.18,1.37,,State Street SPDR Bloomberg Con,0.4,0.05283304,0.0,,CWB,1.88,53.984043,,,,,,,,,
Utilities,utilities,9,ISTB,iShares Core 1-5 Year USD Bond ETF,https://finance.yahoo.com/research-hub/screener/sec-ind_sec-top-etfs_utilities/,2026-07-19T02:51:50+00:00,en-US,US,ETF,ETF,Nasdaq Real Time Price,False,LOW,3.84,10.989010989010989,5.55334,-0.60967,1784318401,48.11,48.15,48.11,0.0,0.0100021,48.0901 - 48.15,48.0901,224636,1784319005.0,False,False,False,USD,1351085400000,48.07,48.11,iShares Core 1-5 Year USD Bond ETF,True,NasdaqGM,2,0.0,0.0,0.72621,0.58872,0.58872,5038184400.0,CLOSED,0.0207945,48.12,530422,401030,[],0.15999985,2,us_market,0.0033368059,47.95 - 49.05,-0.9399986,10,-0.019164091,-0.82457066,4.3980303,,48.1,finmb_223235655,,48.1714,-0.061397552,-0.0012745644,48.5726,-0.4626007,,15,0,America/New_York,EDT,-14400000,NGM,49.05,47.95,4.24,,iShares Core 1-5 Year USD Bond ,0.06,-0.009523902,0.0,10.938988,ISTB,,,1522972800.0,,,,,,,,
Utilities,utilities,10,PGX,Invesco Preferred ETF,https://finance.yahoo.com/research-hub/screener/sec-ind_sec-top-etfs_utilities/,2026-07-19T02:51:50+00:00,en-US,US,ETF,ETF,Delayed Quote,False,LOW,5.92,24.752475247524753,9.31731,3.08092,1784318400,10.86,10.87,10.87,0.010000229,-0.0100002,10.84 - 10.87,10.84,1563810,1784322300.0,False,False,False,USD,1201789800000,10.86,10.87,Invesco Preferred ETF,True,NYSEArca,2,0.09208314,0.0,-0.73026,0.983,0.983,3857212160.0,CLOSED,-0.0919984,10.84,2404616,2579510,[],0.09999943,72200,us_market,0.009293627,10.76 - 11.92,-1.0600004,40500,-0.08892621,-2.7752936,,,10.87,finmb_40538756,,10.9494,-0.08940029,-0.0081648575,11.22715,-0.3671503,,15,0,America/New_York,EDT,-14400000,PCX,11.92,10.76,6.27,,Invesco Preferred ETF,0.5,-0.032702003,0.0,,PGX,,,,,,,,,,,
Utilities,utilities,11,FIXD,First Trust Smith Opportunistic Fixed Income ETF,https://finance.yahoo.com/research-hub/screener/sec-ind_sec-top-etfs_utilities/,2026-07-19T02:51:50+00:00,en-US,US,ETF,ETF,Nasdaq Real Time Price,False,LOW,4.28,22.321428571428573,5.71582,-0.91271,1784318400,43.365,43.45,43.365,0.0,0.045001984,43.175 - 43.45,43.175,302694,1784319004.0,False,False,False,USD,1487255400000,39.94,46.89,First Trust Smith Opportunistic Fixed Income ETF,True,NasdaqGM,2,0.0,0.0,0.87102,1.16196,1.16196,3286956290.0,CLOSED,0.1038827,43.38,410380,293810,[],0.85100174,2,us_market,0.020016976,42.514 - 45.155,-1.7899971,2,-0.03964117,-0.70296526,1.9900159,,43.32,finmb_412887648,,43.52808,-0.16307831,-0.0037465082,44.110207,-0.7452049,,15,0,America/New_York,EDT,-14400000,NGM,45.155,42.514,4.71,,First Trust Smith Opportunistic,0.65,-0.016894162,0.0,21.791285,FIXD,,,1496188800.0,,,,,,,,
Utilities,utilities,12,UCON,First Trust Smith Unconstrained Plus Bond ETF,https://finance.yahoo.com/research-hub/screener/sec-ind_sec-top-etfs_utilities/,2026-07-19T02:51:50+00:00,en-US,US,ETF,ETF,Delayed Quote,False,LOW,4.51,22.321428571428573,7.55258,1.01988,1784318400,24.78,24.87,24.78,0.0,-0.0199986,24.78 - 24.87,24.78,609729,1784322300.0,False,False,False,USD,1528205400000,24.78,37.18,First Trust Smith Unconstrained Plus Bond ETF,True,NYSEArca,2,0.0,0.0,1.08993,1.33661,1.33661,3285839100.0,CLOSED,-0.0806393,24.81,546198,472090,[],0.37000084,2500,us_market,0.015157756,24.41 - 25.625,-0.8449993,3700,-0.032975584,-0.46194196,1.1284425,,24.8,finmb_556963123,,24.8651,-0.085100174,-0.0034224745,25.06024,-0.2802391,,15,0,America/New_York,EDT,-14400000,PCX,25.625,24.41,4.69,,First Trust Smith Unconstrained,0.86,-0.011182618,0.0,21.95947,UCON,,,1532995200.0,,,,,,,,
Utilities,utilities,13,HYMB,State Street SPDR Nuveen ICE High Yield Municipal Bond ETF,https://finance.yahoo.com/research-hub/screener/sec-ind_sec-top-etfs_utilities/,2026-07-19T02:51:50+00:00,en-US,US,ETF,ETF,Delayed Quote,False,LOW,,,7.37005,5.44919,1784318400,25.17,25.18,25.17,0.0,0.0,25.1423 - 25.18,25.1423,851729,1784322300.0,False,False,False,USD,1302787800000,25.17,25.18,State Street SPDR Nuveen ICE High Yield Municipal Bond ETF,True,NYSEArca,2,0.0,0.0,3.65822,3.40748,3.40748,3091741440.0,CLOSED,0.0,25.17,967338,1061230,[],1.1399994,6800,us_market,0.047440674,24.03 - 25.49,-0.3199997,2400,-0.012553931,3.7938118,,,25.17,finmb_129842776,,25.1748,-0.0048007965,-0.00019069848,25.0987,0.07130051,,15,0,America/New_York,EDT,-14400000,PCX,25.49,24.03,4.51,,State Street SPDR Nuveen ICE Hi,0.35,0.0028408049,0.0,,HYMB,,,,,,,,,,,
Utilities,utilities,14,VRP,Invesco Variable Rate Preferred ETF,https://finance.yahoo.com/research-hub/screener/sec-ind_sec-top-etfs_utilities/,2026-07-19T02:51:50+00:00,en-US,US,ETF,ETF,Delayed Quote,False,LOW,,,10.42886,4.08598,1784318400,24.38,24.513,24.38,0.0,0.0199986,24.319 - 24.513,24.319,1007890,1784322300.0,False,False,False,USD,1398951000000,24.3,24.39,Invesco Variable Rate Preferred ETF,True,NYSEArca,2,0.0,0.0,2.31814,2.60015,2.60015,2978023940.0,CLOSED,0.0820959,24.36,785524,487810,[],0.6700001,900,us_market,0.028258123,23.71 - 24.93,-0.55000114,1200,-0.02206182,-0.041002035,,,24.36,finmb_255959630,,24.3434,0.036600113,0.0015034922,24.4106,-0.030601501,,15,0,America/New_York,EDT,-14400000,PCX,24.93,23.71,6.23,,Invesco Variable Rate Preferred,0.5,-0.0012536152,0.0,,VRP,,,,,,,,,,,
Utilities,utilities,15,ICLN,iShares Global Clean Energy ETF,https://finance.yahoo.com/research-hub/screener/sec-ind_sec-top-etfs_utilities/,2026-07-19T02:51:50+00:00,en-US,US,ETF,ETF,Nasdaq Real Time Price,False,LOW,0.9,22.197558,-20.32937,-23.79633,1784318401,18.37,18.615,18.5,0.12999916,0.0200005,17.95 - 18.615,17.95,4323352,1784332234.0,False,False,False,USD,1214400600000,18.2,18.51,iShares Global Clean Energy ETF,True,NasdaqGM,2,0.707671,0.0,25.50067,13.20088,13.20088,2908022020.0,CLOSED,0.108994,18.075,5996945,3887330,[],5.010001,8,us_market,0.3750001,13.36 - 23.78,-5.41,8,-0.2275021,33.697235,0.9251864,,18.35,finmb_61565163,,20.9566,-2.5865993,-0.123426475,18.5468,-0.17679977,,15,0,America/New_York,EDT,-14400000,NGM,23.78,13.36,0.9,,iShares Global Clean Energy ETF,0.39,-0.0095326295,0.0,19.85546,ICLN,,,1482969600.0,,,,,,,,
Utilities,utilities,16,PFXF,VanEck Preferred Securities ex Financials ETF,https://finance.yahoo.com/research-hub/screener/sec-ind_sec-top-etfs_utilities/,2026-07-19T02:51:50+00:00,en-US,US,ETF,ETF,Delayed Quote,False,LOW,,,11.40761,11.54616,1784318400,17.47,17.565,17.47,0.0,-0.0700016,17.3299 - 17.565,17.3299,924663,1784322300.0,False,False,False,USD,1342704600000,17.33,17.48,VanEck Preferred Securities ex Financials ETF,True,NYSEArca,2,0.0,0.0,2.98304,3.11223,3.11223,2628590080.0,CLOSED,-0.399097,17.47,983143,762930,[],0.43999863,7300,us_market,0.025836676,17.03 - 19.07,-1.6000004,6600,-0.083901435,-0.73863864,,,17.54,finmb_214279555,,18.2972,-0.82719994,-0.045209102,18.04395,-0.5739498,,15,0,America/New_York,EDT,-14400000,PCX,19.07,17.03,6.42,,VanEck Preferred Securities ex ,0.4,-0.031808436,0.0,,PFXF,,,,,,,,,,,
Utilities,utilities,17,FUTY,Fidelity MSCI Utilities Index ETF,https://finance.yahoo.com/research-hub/screener/sec-ind_sec-top-etfs_utilities/,2026-07-19T02:51:50+00:00,en-US,US,ETF,ETF,Delayed Quote,False,LOW,2.59,20.837675,-7.44503,17.37839,1784318400,58.28,59.43,58.5,0.22000122,-0.380001,58.1499 - 59.43,58.1499,303581,1784326510.0,False,False,False,USD,1382621400000,58.24,58.26,Fidelity MSCI Utilities Index ETF,True,NYSEArca,2,0.3774901,0.0,7.33952,-0.41757,-0.41757,2349204480.0,CLOSED,-0.647803,58.99,339103,302220,[],5.049999,900,us_market,0.0948713,53.23 - 61.51,-3.2299995,900,-0.05251178,7.686627,2.804436,,58.66,finmb_243638577,,57.9584,0.32159805,0.005548774,57.9325,0.34749985,,15,0,America/New_York,EDT,-14400000,PCX,61.51,53.23,2.59,,Fidelity MSCI Utilities Index E,0.084,0.0059983577,0.0,20.781363,FUTY,,,,,,,,,,,
Utilities,utilities,18,PFFD,Global X U.S. Preferred ETF,https://finance.yahoo.com/research-hub/screener/sec-ind_sec-top-etfs_utilities/,2026-07-19T02:51:50+00:00,en-US,US,ETF,ETF,Delayed Quote,False,LOW,,,7.48208,4.9116,1784318400,18.59,18.6,18.6,0.010000229,0.0200005,18.5 - 18.6,18.5,536140,1784326210.0,False,False,False,USD,1505395800000,18.55,18.57,Global X U.S. Preferred ETF,True,NYSEArca,2,0.05379359,,1.04309,3.32668,3.32668,2150502140.0,CLOSED,0.107703,18.53,595651,739810,[],0.375,2500,us_market,0.020587428,18.215 - 19.89,-1.2999992,2000,-0.06535944,-2.4658978,,,18.57,finmb_528855653,,18.7982,-0.20820045,-0.011075553,19.01235,-0.42234993,,15,0,America/New_York,EDT,-14400000,PCX,19.89,18.215,6.43,,Global X U.S. Preferred ETF,0.23,-0.022214504,,,PFFD,,,,,,,,,,,
Utilities,utilities,19,UTES,Virtus Reaves Utilities ETF,https://finance.yahoo.com/research-hub/screener/sec-ind_sec-top-etfs_utilities/,2026-07-19T02:51:50+00:00,en-US,US,ETF,ETF,Nasdaq Real Time Price,False,LOW,1.44,24.624477,-2.40363,20.63862,1784318400,79.99,81.1268,80.62,0.6300049,-0.43,79.95 - 81.1268,79.95,74899,1784330687.0,False,False,False,USD,1443101400000,79.99,80.07,Virtus Reaves Utilities ETF,True,NYSEArca,2,0.7876046,0.0,4.40065,2.70829,2.70829,1398241660.0,CLOSED,-0.534693,80.44,173875,112300,[],5.3899994,500,us_market,0.072252005,74.6 - 88.429,-8.439003,600,-0.09543253,3.2528758,3.3194616,,80.42,finmb_309843798,,80.5408,-0.55080414,-0.0068388213,81.32455,-1.334549,,15,0,America/New_York,EDT,-14400000,PCX,88.429,74.6,1.44,,Virtus Reaves Utilities ETF,0.49,-0.01641016,0.0,24.09728,UTES,,,1522195200.0,,,,,,,,
Utilities,utilities,20,IDU,iShares U.S. Utilities ETF,https://finance.yahoo.com/research-hub/screener/sec-ind_sec-top-etfs_utilities/,2026-07-19T02:51:50+00:00,en-US,US,ETF,ETF,Delayed Quote,False,LOW,2.19,21.574973,-5.04694,16.76347,1784318400,114.84,117.09,114.84,0.0,-0.830002,114.61 - 117.09,114.61,32711,1784326510.0,False,False,False,USD,961507800000,114.8,114.84,iShares U.S. Utilities ETF,True,NYSEArca,2,0.0,0.019711247,7.04992,-0.63981,-0.63981,1393440130.0,CLOSED,-0.71756,116.36,160548,52390,[],9.779999,400,us_market,0.093089655,105.06 - 120.82,-5.9800034,500,-0.049495146,7.186854,5.3157163,5850000.0,115.67,finmb_8796481,82.622,113.468,1.371994,0.012091462,113.37855,1.4614487,1.3899446,15,0,America/New_York,EDT,-14400000,PCX,120.82,105.06,2.19,USD,iShares U.S. Utilities ETF,0.38,0.012889992,2.28,21.60386,IDU,,,,,,,,,,,
Utilities,utilities,21,FXU,First Trust Utilities AlphaDEX Fund,https://finance.yahoo.com/research-hub/screener/sec-ind_sec-top-etfs_utilities/,2026-07-19T02:51:50+00:00,en-US,US,ETF,ETF,Delayed Quote,False,LOW,2.15,17.93722,-2.22015,17.70079,1784318400,49.64,50.7888,50.0,0.3600006,-0.369999,49.54 - 50.7888,49.54,275173,1784330352.0,False,False,False,USD,1178803800000,49.5,50.09,First Trust Utilities AlphaDEX Fund,True,NYSEArca,2,0.7252228,,10.70816,-0.00882,-0.00882,814476860.0,CLOSED,-0.73985,50.34,257474,255610,[],6.450001,200,us_market,0.14934015,43.19 - 51.62,-1.9799995,500,-0.038357217,13.957763,2.75182,,50.01,finmb_34336517,,48.6504,0.98960114,0.02034107,47.7952,1.844799,,15,0,America/New_York,EDT,-14400000,PCX,51.62,43.19,2.15,,First Trust Utilities AlphaDEX ,0.61,0.038597997,,18.038969,FXU,,,,,,,,,,,
Utilities,utilities,22,PSK,State Street SPDR ICE Preferred Securities ETF,https://finance.yahoo.com/research-hub/screener/sec-ind_sec-top-etfs_utilities/,2026-07-19T02:51:50+00:00,en-US,US,ETF,ETF,Delayed Quote,False,LOW,,,9.01438,1.61451,1784318394,30.45,30.48,30.45,0.0,-0.00999832,30.43 - 30.48,30.43,98650,1784322300.0,False,False,False,USD,1253194200000,15.22,30.44,State Street SPDR ICE Preferred Securities ETF,True,NYSEArca,2,0.0,0.0,-0.97753,0.98639,0.98639,707818750.0,CLOSED,-0.0328244,30.43,77114,100980,[],0.12000084,3400,us_market,0.0039565065,30.33 - 33.77,-3.3199997,500,-0.0983121,-4.664999,,,30.46,finmb_65922825,,30.7822,-0.3321991,-0.010791922,31.71895,-1.2689495,,15,0,America/New_York,EDT,-14400000,PCX,33.77,30.33,7.06,,State Street SPDR ICE Preferred,0.45,-0.040006038,0.0,,PSK,0.23,132.39131,,,,,,,,,
Utilities,utilities,23,FTRB,Federated Hermes Total Return Bond ETF,https://finance.yahoo.com/research-hub/screener/sec-ind_sec-top-etfs_utilities/,2026-07-19T02:51:50+00:00,en-US,US,ETF,ETF,Delayed Quote,False,LOW,4.5,10.395010395010395,,,1784318191,24.9766,25.0,24.9766,0.0,0.0216007,24.97 - 25.0,24.97,27464,1784322300.0,False,False,False,USD,1704378600000,21.94,31.22,Federated Hermes Total Return Bond ETF,True,NYSEArca,2,0.0,0.0,0.61611,0.83245,0.83245,592248640.0,CLOSED,0.0865587,25.02,136483,93750,[],0.19659996,200,us_market,0.007933816,24.78 - 25.84,-0.8633995,200,-0.033413295,-0.1319468,3.4886134,,24.955,finmb_1854828840,,25.06916,-0.092559814,-0.0036921785,25.340176,-0.36357498,,15,0,America/New_York,EDT,-14400000,PCX,25.84,24.78,4.31,,Federated Hermes Total Return B,0.39,-0.014347768,0.0,7.159464,FTRB,,,,,,,,,,,
Utilities,utilities,24,RSPU,Invesco S&P 500 Equal Weight Utilities ETF,https://finance.yahoo.com/research-hub/screener/sec-ind_sec-top-etfs_utilities/,2026-07-19T02:51:50+00:00,en-US,US,ETF,ETF,Delayed Quote,False,LOW,2.49,19.77457,-3.51487,16.98823,1784318391,80.6,82.35,80.6,0.0,-0.620003,80.49 - 82.35,80.49,34103,1784322300.0,False,False,False,USD,1162909800000,80.58,80.6,Invesco S&P 500 Equal Weight Utilities ETF,True,NYSEArca,2,0.0,0.0,9.94347,0.72793,0.72793,553843520.0,CLOSED,-0.763362,81.69,40862,27130,[],8.089996,100,us_market,0.11157076,72.51 - 84.52,-3.9199982,200,-0.046379536,9.899103,4.102744,,81.22,finmb_30119287,,79.7908,0.8091965,0.010141476,78.9666,1.6334,,15,0,America/New_York,EDT,-14400000,PCX,84.52,72.51,2.49,,Invesco S&P 500 Equal Weight Ut,0.4,0.020684695,0.0,19.645388,RSPU,,,,,,,,,,,
Utilities,utilities,25,HYGH,iShares Interest Rate Hedged High Yield Bond ETF,https://finance.yahoo.com/research-hub/screener/sec-ind_sec-top-etfs_utilities/,2026-07-19T02:51:50+00:00,en-US,US,ETF,ETF,Delayed Quote,False,LOW,7.73,10.989010989010989,12.29089,5.72647,1784318392,86.4,86.66,86.4,0.0,-0.139999,86.4 - 86.66,86.4,44956,1784322300.0,False,False,False,USD,1401370200000,86.43,86.5,iShares Interest Rate Hedged High Yield Bond ETF,True,NYSEArca,2,0.0,0.0,3.19708,2.84848,2.84848,549573120.0,CLOSED,-0.161774,86.41,56770,60370,[],1.6200027,100,us_market,0.019108312,84.78 - 87.19,-0.7900009,200,-0.009060683,0.08108616,7.8924303,,86.54,finmb_259653076,,86.48308,-0.08307648,-0.00096060964,86.22388,0.17612457,,15,0,America/New_York,EDT,-14400000,PCX,87.19,84.78,6.61,,iShares Interest Rate Hedged Hi,0.52,0.0020426428,0.0,10.947199,HYGH,,,,,,,,,,,
Utilities,utilities,26,ZAP,Global X U.S. Electrification ETF,https://finance.yahoo.com/research-hub/screener/sec-ind_sec-top-etfs_utilities/,2026-07-19T02:51:50+00:00,en-US,US,ETF,ETF,Nasdaq Real Time Price,False,LOW,1.5,22.376371,,,1784318400,33.17,33.63,33.17,-0.010002136,-0.15000153,33.12 - 33.63,33.12,67518,1784319005.0,False,False,False,USD,1734532200000,33.15,33.26,Global X U.S. Electrification ETF,True,NasdaqGM,2,-0.030145075,0.0,19.64718,8.17417,8.17417,484599456.0,CLOSED,-0.45018467,33.31,117729,85540,[],5.8499985,1,us_market,0.21412879,27.32 - 35.39,-2.2200012,4,-0.06272962,20.662058,1.546721,,33.32,finmb_1899070904,,33.7797,-0.60970306,-0.018049391,31.84696,1.3230381,,15,0,America/New_York,EDT,-14400000,NGM,35.39,27.32,1.5,,Global X U.S. Electrification E,0.5,0.04154362,0.0,21.445366,ZAP,,,,2024-12-18,,,,,,,
Utilities,utilities,27,PFLD,AAM Low Duration Preferred and Income Securities ETF,https://finance.yahoo.com/research-hub/screener/sec-ind_sec-top-etfs_utilities/,2026-07-19T02:51:50+00:00,en-US,US,ETF,ETF,Delayed Quote,False,LOW,,,,,1784318237,19.6306,19.65,19.6306,0.0,-0.00939941,19.61 - 19.65,19.61,26101,1784322300.0,False,False,False,USD,1574260200000,19.62,19.65,AAM Low Duration Preferred and Income Securities ETF,True,NYSEArca,2,0.0,0.0,2.51839,2.63653,2.63653,420170336.0,CLOSED,-0.0478585,19.58,66383,52180,[],0.34059906,400,us_market,0.017656768,19.29 - 19.9,-0.26939964,600,-0.0135376705,0.4143238,,,19.64,finmb_639845855,,19.6299,0.00069999695,3.565973e-05,19.65232,-0.021720886,,15,0,America/New_York,EDT,-14400000,PCX,19.9,19.29,5.47,,AAM Low Duration Preferred and ,0.45,-0.0011052581,0.0,,PFLD,,,,,,,,,,,
Utilities,utilities,28,CDX,Simplify High Yield ETF,https://finance.yahoo.com/research-hub/screener/sec-ind_sec-top-etfs_utilities/,2026-07-19T02:51:50+00:00,en-US,US,ETF,ETF,Delayed Quote,False,LOW,8.27,27.570995,,,1784318371,20.91,20.93,21.3,0.3899994,0.0100002,20.83 - 20.93,20.83,41408,1784323472.0,False,False,False,USD,1645108200000,20.77,21.41,Simplify High Yield ETF,True,NYSEArca,2,1.8651334,0.0,-1.74665,0.07801,0.07801,393534944.0,CLOSED,0.047848,20.86,148111,102940,[],0.07999992,100,us_market,0.0038406109,20.83 - 23.33,-2.42,600,-0.10372911,-8.928574,0.7660224,,20.9,finmb_1777213266,,21.12612,-0.21611977,-0.01022998,21.91871,-1.0087109,,15,0,America/New_York,EDT,-14400000,PCX,23.33,20.83,8.27,,Simplify High Yield ETF,0.25,-0.046020538,0.0,27.296852,CDX,,,,,,,,,,,
Utilities,utilities,29,JXI,iShares Global Utilities ETF,https://finance.yahoo.com/research-hub/screener/sec-ind_sec-top-etfs_utilities/,2026-07-19T02:51:50+00:00,en-US,US,ETF,ETF,Delayed Quote,False,LOW,2.41,20.169423,0.8418,10.81794,1784318395,84.96,86.235,84.96,0.0,0.0199966,84.93 - 86.235,84.93,20045,1784322300.0,False,False,False,USD,1158931800000,84.9,85.07,iShares Global Utilities ETF,True,NYSEArca,2,0.0,0.0,9.63847,-0.09717,-0.09717,322841760.0,CLOSED,0.0235421,85.68,28561,24640,[],11.309998,1200,us_market,0.15356413,73.65 - 90.09,-5.1299973,800,-0.05694303,13.476694,4.212236,,84.94,finmb_29103222,,84.5678,0.39219666,0.0046376595,83.17085,1.7891464,,15,0,America/New_York,EDT,-14400000,PCX,90.09,73.65,2.41,,iShares Global Utilities ETF,0.39,0.0215117,0.0,20.16981,JXI,,,,,,,,,,,
Utilities,utilities,30,PFFV,Global X Variable Rate Preferred ETF,https://finance.yahoo.com/research-hub/screener/sec-ind_sec-top-etfs_utilities/,2026-07-19T02:51:50+00:00,en-US,US,ETF,ETF,Delayed Quote,False,LOW,,,,,1784317900,22.055,22.0764,22.055,0.0,-0.0349998,22.05 - 22.0764,22.05,50692,1784322300.0,False,False,False,USD,1593091800000,21.7,22.35,Global X Variable Rate Preferred ETF,True,NYSEArca,2,0.0,,1.58566,2.87103,2.87103,304621024.0,CLOSED,-0.158442,22.06,57212,66690,[],0.35499954,200,us_market,0.016359426,21.7 - 23.38,-1.3249989,100,-0.056672323,-4.0210605,,,22.09,finmb_659514826,,22.17226,-0.11725998,-0.0052885893,22.426125,-0.37112427,,15,0,America/New_York,EDT,-14400000,PCX,23.38,21.7,8.19,,Global X Variable Rate Preferre,0.25,-0.016548747,,,PFFV,,,,,Global X Variable Rate Preferred ETF,,,,,,
Utilities,utilities,31,FAN,First Trust Global Wind Energy ETF,https://finance.yahoo.com/research-hub/screener/sec-ind_sec-top-etfs_utilities/,2026-07-19T02:51:50+00:00,en-US,US,ETF,ETF,Nasdaq Real Time Price,False,LOW,0.94,24.962556,-3.12824,-10.86142,1784317483,24.0421,24.0999,24.04,-0.0020999908,-0.0978985,23.8245 - 24.0999,23.8245,28292,1784332781.0,False,False,False,USD,1214573400000,22.61,24.04,First Trust Global Wind Energy ETF,True,NYSEArca,2,-0.00873464,0.0,21.7819,1.49314,1.49314,304370880.0,CLOSED,-0.405545,23.85,99408,81440,[],5.9021015,200,us_market,0.32536393,18.14 - 27.3,-3.2578983,800,-0.11933694,26.459753,0.999497,,24.14,finmb_46091667,,25.3096,-1.2674999,-0.050079808,22.9922,1.0499,,15,0,America/New_York,EDT,-14400000,PCX,27.3,18.14,0.94,,First Trust Global Wind Energy ,0.6,0.045663312,0.0,24.054201,FAN,,,,,,,,,,,
Utilities,utilities,32,MUSI,American Century Multisector Income ETF,https://finance.yahoo.com/research-hub/screener/sec-ind_sec-top-etfs_utilities/,2026-07-19T02:51:50+00:00,en-US,US,ETF,ETF,Delayed Quote,False,LOW,,,,,1784316418,43.435,43.49,43.435,0.0,0.0245018,43.4311 - 43.49,43.4311,2857,1784322300.0,False,False,False,USD,1625146200000,40.46,54.3,American Century Multisector Income ETF,True,NYSEArca,2,0.0,0.0,1.17855,1.41451,1.41451,238255504.0,CLOSED,0.0564421,43.48,18741,20280,[],0.28499985,100,us_market,0.006604863,43.15 - 44.8,-1.3649979,100,-0.030468702,-1.0366797,,,43.4105,finmb_712366534,,43.56934,-0.13433838,-0.0030833238,44.023945,-0.5889435,,15,0,America/New_York,EDT,-14400000,PCX,44.8,43.15,5.51,,American Century Multisector In,0.38,-0.013377799,0.0,,MUSI,,,,,,,,,,,
Utilities,utilities,33,TMB,Thornburg Multi Sector Bond ETF,https://finance.yahoo.com/research-hub/screener/sec-ind_sec-top-etfs_utilities/,2026-07-19T02:51:50+00:00,en-US,US,ETF,ETF,Nasdaq Real Time Price,False,LOW,,,,,1784318400,25.395,25.5,25.395,-0.0049991608,0.020000458,25.38 - 25.5,25.38,14527,1784319005.0,False,False,False,USD,1738765800000,18.28,32.51,Thornburg Multi Sector Bond ETF,True,NasdaqGM,2,-0.019681735,0.0,1.11121,0.97489,0.97489,224120048.0,CLOSED,0.07881954,25.38,61614,51550,[],0.16500092,2,us_market,0.00653987,25.23 - 26.52,-1.125,2,-0.042420812,0.118267536,,,25.375,finmb_1900636162,,25.41226,-0.017259598,-0.00067918387,25.60644,-0.21143913,,15,0,America/New_York,EDT,-14400000,NGM,26.52,25.23,4.2,,Thornburg Multi Sector Bond ETF,0.55,-0.008257264,0.0,,TMB,,,,2025-02-05,,,,,,,
Utilities,utilities,34,JHPI,John Hancock Preferred Income ETF,https://finance.yahoo.com/research-hub/screener/sec-ind_sec-top-etfs_utilities/,2026-07-19T02:51:50+00:00,en-US,US,ETF,ETF,Delayed Quote,False,LOW,6.21,19.37984496124031,,,1784318400,22.75,22.77,22.75,0.0,-0.0200005,22.73 - 22.77,22.73,29173,1784322300.0,False,False,False,USD,1639578600000,21.64,24.42,John Hancock Preferred Income ETF,True,NYSEArca,2,0.0,0.0,1.75125,2.31298,2.31298,206558752.0,CLOSED,-0.0878369,22.76,51311,47330,[],0.32500076,100,us_market,0.014492788,22.425 - 23.56,-0.80999947,100,-0.034380283,0.54359436,1.1517121,,22.77,finmb_1758766137,,22.82676,-0.07675934,-0.003362691,22.9802,-0.23019981,,15,0,America/New_York,EDT,-14400000,PCX,23.56,22.425,5.68,,John Hancock Preferred Income E,0.54,-0.010017311,0.0,19.7532,JHPI,,,,,,,,,,,
Utilities,utilities,35,GHYG,iShares US & Intl High Yield Corp Bond ETF,https://finance.yahoo.com/research-hub/screener/sec-ind_sec-top-etfs_utilities/,2026-07-19T02:51:50+00:00,en-US,US,ETF,ETF,Delayed Quote,False,LOW,6.05,10.989010989010989,13.7334,2.01723,1784317484,45.2198,45.235,45.2198,0.0,-0.0401993,45.17 - 45.235,45.17,21405,1784322300.0,False,False,False,USD,1333978200000,45.17,45.23,iShares US & Intl High Yield Corp Bond ETF,True,Cboe US,2,0.0,0.0,0.93825,2.21302,2.21302,199005888.0,CLOSED,-0.0888186,45.18,24220,35020,[],0.82979965,700,us_market,0.018693391,44.39 - 46.88,-1.660202,100,-0.035413865,-2.1423936,4.08499,,45.26,finmb_183612145,,45.248,-0.028202057,-0.0006232774,45.72225,-0.50245285,,15,0,America/New_York,EDT,-14400000,BTS,46.88,44.39,6.24,,iShares US & Intl High Yield Co,0.4,-0.010989241,0.0,11.069745,GHYG,,,,,,,,,,,
Utilities,utilities,36,MAMB,Monarch Ambassador Income ETF,https://finance.yahoo.com/research-hub/screener/sec-ind_sec-top-etfs_utilities/,2026-07-19T02:51:50+00:00,en-US,US,ETF,ETF,Delayed Quote,False,LOW,,,,,1784317315,23.8089,23.82,23.8089,0.0,-0.0110989,23.8089 - 23.82,23.8089,13818,1784322300.0,False,False,False,USD,1617024600000,23.8,23.81,Monarch Ambassador Income ETF,True,Cboe US,2,0.0,0.0,1.69111,0.51007,0.51007,186910688.0,CLOSED,-0.0465947,23.82,26191,39160,[],0.8389015,200,us_market,0.036521617,22.97 - 24.83,-1.0210991,600,-0.041123603,3.3376694,,,23.82,finmb_704720611,,24.13408,-0.32518005,-0.013473894,24.187004,-0.37810326,,15,0,America/New_York,EDT,-14400000,BTS,24.83,22.97,2.66,,Monarch Ambassador Income Index,1.15,-0.015632497,0.0,,MAMB,,,,,,,,,,,
Utilities,utilities,37,KNRG,Simplify Kayne Anderson Energy and Infrastructure Credit ETF,https://finance.yahoo.com/research-hub/screener/sec-ind_sec-top-etfs_utilities/,2026-07-19T02:51:50+00:00,en-US,US,ETF,ETF,Delayed Quote,False,LOW,,,,,1784314624,25.8089,25.85,25.8089,0.0,0.00900078,25.79 - 25.85,25.79,94721,1784322300.0,False,False,False,USD,1748439000000,19.35,32.24,Simplify Kayne Anderson Energy and Infrastructure Credit ETF,True,NYSEArca,2,0.0,0.0,2.73235,2.97697,2.97697,150456800.0,CLOSED,0.0348869,25.82,17651,27550,[],0.59890175,200,us_market,0.023756515,25.21 - 26.31,-0.50109863,400,-0.019045938,0.88734627,,,25.7999,finmb_1940118709,,25.77178,0.03712082,0.001440367,25.85827,-0.049369812,,15,0,America/New_York,EDT,-14400000,PCX,26.31,25.21,6.92,,Simplify Kayne Anderson Energy ,0.76,-0.0019092464,0.0,,KNRG,,,,,,,,,,,
Utilities,utilities,38,JHCP,JHancock Core Plus Bond ETF,https://finance.yahoo.com/research-hub/screener/sec-ind_sec-top-etfs_utilities/,2026-07-19T02:51:50+00:00,en-US,US,ETF,ETF,Nasdaq Real Time Price,False,LOW,,,,,1784318352,24.9992,25.0092,24.9992,0.0,0.0392017,24.985 - 25.0092,24.985,79945,1784318695.0,False,False,False,USD,1734532200000,21.84,31.23,JHancock Core Plus Bond ETF,True,NYSEArca,2,0.0,0.0,0.79156,1.00785,1.00785,131428640.0,CLOSED,0.157058,25.0,85600,331780,[],0.2091999,300,us_market,0.008438882,24.79 - 26.14,-1.1407986,100,-0.043641873,-0.2871871,,,24.96,finmb_1898879479,,25.04578,-0.04657936,-0.0018597688,25.34837,-0.34916878,,15,0,America/New_York,EDT,-14400000,PCX,26.14,24.79,4.62,,John Hancock Core Plus Bond ETF,0.36,-0.013774802,0.0,,JHCP,,,,,,,,,,,
Utilities,utilities,39,TPZ,Tortoise Electrification Infrastructure ETF,https://finance.yahoo.com/research-hub/screener/sec-ind_sec-top-etfs_utilities/,2026-07-19T02:51:50+00:00,en-US,US,ETF,ETF,Delayed Quote,False,LOW,3.7,23.34812,,,1784318412,22.03,22.15,22.03,0.0,-0.0349998,21.9799 - 22.15,21.9799,3997,1784322300.0,False,False,False,USD,1248874200000,18.89,23.03,Tortoise Electrification Infrastructure ETF,True,NYSE,2,0.0,0.0,9.4672,0.88658,0.88658,127860640.0,CLOSED,-0.158622,22.16,10298,7640,[],2.1000004,200,us_market,0.10536881,19.93 - 23.03,-1.0,1000,-0.043421622,7.884431,0.9366921,5890170.0,22.065,finmb_36142071,,22.002,0.027999878,0.001272606,21.55905,0.47095108,,15,0,America/New_York,EDT,-14400000,NYQ,23.03,19.93,3.7,,Tortoise Electrification Infras,0.85,0.021844706,0.0,23.518934,TPZ,-0.01,-2203.0,1551312000.0,,Tortoise Power and Energy Infrastructure Fund,129760448.0,5890170.0,1524760200.0,1524846600.0,,
Utilities,utilities,40,FCVT,First Trust SSI Strategic Convertible Securities ETF,https://finance.yahoo.com/research-hub/screener/sec-ind_sec-top-etfs_utilities/,2026-07-19T02:51:50+00:00,en-US,US,ETF,ETF,Nasdaq Real Time Price,False,LOW,1.1,40.48583,6.8567,3.68648,1784318400,49.3731,49.47,49.3731,-0.056900024,0.04309845,48.49 - 49.47,48.49,41107,1784319005.0,False,False,False,USD,1446647400000,49.16,49.61,First Trust SSI Strategic Convertible Securities ETF,True,NasdaqGM,2,-0.11511233,0.0,25.16613,21.25553,21.25553,120864240.0,CLOSED,0.087367624,49.15,20408,18530,[],10.4081,3,us_market,0.26711407,38.965 - 54.9,-5.5269012,4,-0.10067215,24.049652,1.328245,,49.33,finmb_307331502,,52.19098,-2.8178787,-0.053991683,46.795647,2.5774536,,15,0,America/New_York,EDT,-14400000,NGM,54.9,38.965,1.1,,First Trust SSI Strategic Conve,0.95,0.05507892,0.0,37.17168,FCVT,,,1496188800.0,,,,,,,,
Utilities,utilities,41,HYGW,iShares High Yield Corporate Bond Buywrite Strategy ETF,https://finance.yahoo.com/research-hub/screener/sec-ind_sec-top-etfs_utilities/,2026-07-19T02:51:50+00:00,en-US,US,ETF,ETF,Delayed Quote,False,LOW,12.06,10.989010989010989,,,1784318400,28.92,29.0,28.92,0.0,-0.0499992,28.92 - 29.0,28.92,14432,1784322300.0,False,False,False,USD,1661175000000,28.92,28.94,iShares High Yield Corporate Bond Buywrite Strategy ETF,True,Cboe US,2,0.0,0.0,2.43091,2.10088,2.10088,109794752.0,CLOSED,-0.17259,29.03,78467,26310,[],0.09000015,4300,us_market,0.0031217535,28.83 - 30.456,-1.5359993,100,-0.05043339,-4.4914126,2.8966484,,28.97,finmb_1780838005,,29.00054,-0.0805397,-0.0027771795,29.59179,-0.67178917,,15,0,America/New_York,EDT,-14400000,BTS,30.456,28.83,9.24,,iShares High Yield Corporate Bo,0.69,-0.022701878,0.0,9.9839525,HYGW,,,,,,,,,,,
Utilities,utilities,42,WTBN,Wisdomtree Bianco Fixed Income Total Return Fund,https://finance.yahoo.com/research-hub/screener/sec-ind_sec-top-etfs_utilities/,2026-07-19T02:51:50+00:00,en-US,US,ETF,ETF,Nasdaq Real Time Price,False,LOW,,,,,1784318400,24.925,24.965,24.925,0.0049991608,0.0,24.87 - 24.965,24.87,14054,1784319005.0,False,False,False,USD,1703082600000,17.97,31.97,Wisdomtree Bianco Fixed Income Total Return Fund,True,NasdaqGM,2,0.020060837,0.0,0.29609,0.68672,0.68672,107324560.0,CLOSED,0.0,24.952,23250,34050,[],0.074998856,2,us_market,0.0030180626,24.85 - 26.0,-1.0750008,2,-0.041346185,-1.7036736,,,24.925,finmb_1861385923,,25.12274,-0.19774055,-0.007870979,25.45819,-0.5331917,,15,0,America/New_York,EDT,-14400000,NGM,26.0,24.85,4.05,,WisdomTree Bianco Total Return ,0.6,-0.020943817,0.0,,WTBN,,,,2023-12-20,,,,,,,
Utilities,utilities,43,HISF,First Trust High Income Strategic Focus ETF,https://finance.yahoo.com/research-hub/screener/sec-ind_sec-top-etfs_utilities/,2026-07-19T02:51:50+00:00,en-US,US,ETF,ETF,Nasdaq Real Time Price,False,LOW,4.6,22.321428571428573,6.4996,9.53016,1784318400,44.23,44.255,44.23,0.020000458,9.918213e-05,44.21 - 44.255,44.21,3722,1784319004.0,False,False,False,USD,1408023000000,31.85,56.67,First Trust High Income Strategic Focus ETF,True,NasdaqGM,2,0.04523967,0.0,0.51855,1.16741,1.16741,97459280.0,CLOSED,0.00022424226,44.255,7633,8420,[],0.34000015,2,us_market,0.007746643,43.89 - 45.615,-1.3850021,2,-0.030362865,-0.75170994,,,44.2299,finmb_264493463,,44.32614,-0.096141815,-0.0021689641,44.885845,-0.65584564,,15,0,America/New_York,EDT,-14400000,NGM,45.615,43.89,5.03,,First Trust High Income Strateg,0.83,-0.014611414,0.0,,HISF,,,,,,,,,,,
Utilities,utilities,44,PUI,Invesco Dorsey Wright Utilities Momentum ETF,https://finance.yahoo.com/research-hub/screener/sec-ind_sec-top-etfs_utilities/,2026-07-19T02:51:50+00:00,en-US,US,ETF,ETF,Nasdaq Real Time Price,False,LOW,1.97,21.317416,-4.40543,14.95354,1784318400,46.5564,46.815,46.5564,-0.0036010742,-0.2635994,46.5564 - 46.815,46.5564,1045,1784319005.0,False,False,False,USD,1130333400000,46.47,46.63,Invesco Dorsey Wright Utilities Momentum ETF,True,NasdaqGM,2,-0.0077342656,0.019906024,10.16827,1.4692,1.4692,76488904.0,CLOSED,-0.563006,46.815,14233,48210,[],3.9063988,15,us_market,0.091592,42.65 - 49.3,-2.743599,15,-0.055651095,9.11647,2.2308426,6200000.0,46.82,finmb_25333490,40.805,46.8746,-0.31819916,-0.006788307,46.39135,0.1650505,1.1409484,15,0,America/New_York,EDT,-14400000,NGM,49.3,42.65,1.97,USD,Invesco Dorsey Wright Utilities,0.6,0.0035577863,0.932,20.869425,PUI,,,1522281600.0,,,,,,,,
Utilities,utilities,45,DUKZ,Ocean Park Diversified Income ETF,https://finance.yahoo.com/research-hub/screener/sec-ind_sec-top-etfs_utilities/,2026-07-19T02:51:50+00:00,en-US,US,ETF,ETF,Delayed Quote,False,LOW,4.32,24.752475247524753,,,1784318385,25.33,25.35,25.33,0.0,-0.0499992,25.31 - 25.35,25.31,4502,1784322300.0,False,False,False,USD,1720704600000,23.95,26.9,Ocean Park Diversified Income ETF,True,NYSEArca,2,0.0,0.0,2.87314,3.65291,3.65291,46821300.0,CLOSED,-0.197003,25.35,23048,29890,[],0.6100006,2100,us_market,0.024676401,24.72 - 25.941,-0.61100006,2000,-0.02355345,1.3443232,,,25.38,finmb_1879271265,,25.49074,-0.1607399,-0.006305815,25.42785,-0.0978508,,15,0,America/New_York,EDT,-14400000,PCX,25.941,24.72,3.81,,Ocean Park Diversified Income E,1.03,-0.0038481741,0.0,,DUKZ,,,,,,,,,,,
Utilities,utilities,46,UTSL,Direxion Daily Utilities Bull 3X Shares,https://finance.yahoo.com/research-hub/screener/sec-ind_sec-top-etfs_utilities/,2026-07-19T02:51:50+00:00,en-US,US,ETF,ETF,Delayed Quote,False,LOW,1.54,20.93364,-35.54238,48.10649,1784318400,44.79,47.72,44.89,0.099998474,-1.02,44.52 - 47.72,44.52,117042,1784330620.0,False,False,False,USD,1493818200000,44.55,47.07,Direxion Daily Utilities Bull 3X Shares,True,NYSEArca,2,0.22326072,0.0,13.82815,-6.15046,-6.15046,45702228.0,CLOSED,-2.22659,46.55,99340,78340,[],7.959999,100,us_market,0.21612813,36.83 - 55.21,-10.419998,100,-0.18873389,12.283778,2.1831846,,45.81,finmb_424861530,,44.3026,0.48740005,0.011001613,45.89095,-1.1009483,,15,0,America/New_York,EDT,-14400000,PCX,55.21,36.83,1.54,,Direxion Daily Utilities Bull 3,0.97,-0.023990532,0.0,20.515902,UTSL,,,,,,,,,,,
Utilities,utilities,47,JHMU,John Hancock Dynamic Municipal Bond ETF,https://finance.yahoo.com/research-hub/screener/sec-ind_sec-top-etfs_utilities/,2026-07-19T02:51:50+00:00,en-US,US,ETF,ETF,Delayed Quote,False,LOW,2.47,17.956545160711077,23.18502,11.25287,1784225139,26.14,26.14,,,0.00489998,26.14 - 26.14,26.14,31,,False,False,False,USD,1698931800000,23.26,29.26,John Hancock Dynamic Municipal Bond ETF,True,NYSEArca,2,,0.0,2.3621,2.41966,2.41966,44071684.0,CLOSED,0.0187487,26.1565,4448,3680,[],0.86999893,300,us_market,0.034428135,25.27 - 26.695,-0.5550003,200,-0.020790422,3.0350804,,,26.1351,finmb_1849974960,,26.21298,-0.07298088,-0.0027841504,26.24442,-0.10441971,,15,0,America/New_York,EDT,-14400000,PCX,26.695,25.27,3.74,,John Hancock Dynamic Municipal ,0.39,-0.0039787395,0.0,,JHMU,,,,,,,,,,,
Utilities,utilities,48,CFIT,Cambria Fixed Income Trend ETF,https://finance.yahoo.com/research-hub/screener/sec-ind_sec-top-etfs_utilities/,2026-07-19T02:51:50+00:00,en-US,US,ETF,ETF,Delayed Quote,False,LOW,,,,,1784311689,25.723,25.723,25.723,0.0,-0.0170002,25.7229 - 25.723,25.7229,626,1784322300.0,False,False,False,USD,1743168600000,25.7,38.59,,True,Cboe US,2,0.0,0.0,5.32233,5.53639,5.53639,38450264.0,CLOSED,-0.0660458,25.7229,20661,12570,[],1.3029995,3000,us_market,0.053357884,24.42 - 26.45,-0.7270012,3000,-0.027485866,4.2472124,3.3202972,,25.74,finmb_1916062868,,26.03472,-0.3117199,-0.011973238,25.5526,0.17039871,,15,0,America/New_York,EDT,-14400000,BTS,26.45,24.42,3.86,,Cambria Fixed Income Trend ETF,0.5,0.0066685467,0.0,7.7471976,CFIT,,,,,,,,,,,
Utilities,utilities,49,CVRT,Calamos Convertible Equity Alternative ETF,https://finance.yahoo.com/research-hub/screener/sec-ind_sec-top-etfs_utilities/,2026-07-19T02:51:50+00:00,en-US,US,ETF,ETF,Delayed Quote,False,LOW,,,,,1784318035,47.24,47.56,47.24,0.0,0.0437012,46.92 - 47.56,46.92,2749,1784322300.0,False,False,False,USD,1696426200000,35.43,59.03,Calamos Convertible Equity Alternative ETF,True,NYSEArca,2,0.0,0.0,35.23711,23.56934,23.56934,33271060.0,CLOSED,0.0925945,46.92,9219,11150,[],14.440002,200,us_market,0.440244,32.8 - 54.09,-6.8499985,200,-0.12664075,40.43641,,,47.1963,finmb_1858147647,,50.80822,-3.5682182,-0.07022915,43.29812,3.941883,,15,0,America/New_York,EDT,-14400000,PCX,54.09,32.8,1.49,,Calamos Convertible Equity Alte,0.69,0.091040514,0.0,,CVRT,,,,,,,,,,,
Utilities,utilities,50,RNRG,Global X Renewable Energy Producers ETF,https://finance.yahoo.com/research-hub/screener/sec-ind_sec-top-etfs_utilities/,2026-07-19T02:51:50+00:00,en-US,US,ETF,ETF,Nasdaq Real Time Price,False,LOW,1.65,21.440823,-12.32919,-12.26593,1784318400,35.07,35.07,35.07,-0.3199997,-0.3199997,35.07 - 35.07,35.07,283,1784319005.0,False,False,False,USD,1432819800000,25.15,44.96,Global X Renewable Energy Producers ETF,True,NasdaqGM,2,-0.9042094,0.0,7.38083,-1.52335,-1.52335,30895296.0,CLOSED,-0.9042094,34.81,7285,2020,[],6.539999,1,us_market,0.22923234,28.53 - 39.7,-4.630001,1,-0.11662471,15.628088,1.6608131,,35.39,finmb_311031290,,37.12188,-2.05188,-0.055274136,35.672085,-0.6020851,,15,0,America/New_York,EDT,-14400000,NGM,39.7,28.53,1.65,,Global X Renewable Energy Produ,0.65,-0.016878327,0.0,21.116163,RNRG,,,,,Global X Renewable Energy Producers ETF,,,,,,
Utilities,utilities,51,FPWR,First Trust EIP Power Solutions ETF,https://finance.yahoo.com/research-hub/screener/sec-ind_sec-top-etfs_utilities/,2026-07-19T02:51:50+00:00,en-US,US,EQUITY,Equity,Delayed Quote,False,LOW,1.9,20.34588,,,1784317529,37.3803,37.965,37.3803,0.0,-0.139702,37.3803 - 37.965,37.3803,1151,1784326575.0,False,False,False,USD,1566394200000,27.04,48.08,First Trust EIP Power Solutions ETF,True,NYSEArca,2,0.0,0.0,,,,,CLOSED,-0.37234,37.965,4248,4490,[],5.530298,100,us_market,0.17363574,31.85 - 38.28,-0.89970016,100,-0.02350314,15.270758,1.8421421,,37.52,finmb_618778536,,37.27736,0.102939606,0.002761451,35.70673,1.6735687,,15,0,America/New_York,EDT,-14400000,PCX,38.28,31.85,,,First Trust EIP Power Solutions,,0.04686984,0.0,20.291756,FPWR,,,,,,,,,,First Trust Exchange-Traded Fund IV - First Trust EIP Carbon Impact ETF,2026-07-19
Utilities,utilities,52,RMIF,LHA Risk-Managed Income ETF,https://finance.yahoo.com/research-hub/screener/sec-ind_sec-top-etfs_utilities/,2026-07-19T02:51:50+00:00,en-US,US,ETF,ETF,Nasdaq Real Time Price,False,LOW,,,,,1784311180,24.1932,24.21,24.1932,0.0031986237,-0.00680161,24.19 - 24.21,24.19,2215,1784319005.0,False,False,False,USD,1686317400000,22.77,25.68,LHA Risk-Managed Income ETF,True,Cboe US,2,0.013222917,0.0,-0.61144,0.93626,0.93626,25263180.0,CLOSED,-0.0281058,24.21,14579,71820,[],0.08319855,100,us_market,0.00345079,24.11 - 25.18,-0.98680115,100,-0.03918988,-3.1505227,,,24.2,finmb_1837605981,,24.21726,-0.024061203,-0.000993556,24.592964,-0.399765,,15,0,America/New_York,EDT,-14400000,BTS,25.18,24.11,5.41,,LHA Risk-Managed Income ETF,1.55,-0.01625526,0.0,,RMIF,,,,,,,,,,,
Utilities,utilities,53,DUKH,Ocean Park High Income ETF,https://finance.yahoo.com/research-hub/screener/sec-ind_sec-top-etfs_utilities/,2026-07-19T02:51:50+00:00,en-US,US,ETF,ETF,Nasdaq Real Time Price,False,LOW,,,,,1784318400,23.8626,23.89,23.8626,0.022500992,-0.0074005127,23.83 - 23.89,23.83,6312,1784318667.0,False,False,False,USD,1720704600000,23.82,23.89,Ocean Park High Income ETF,True,NasdaqGM,2,0.094382964,0.0,0.45715,1.57732,1.57732,21567474.0,CLOSED,-0.031003403,23.84,13890,21200,[],0.18260002,20,us_market,0.0077111493,23.68 - 24.75,-0.8873997,20,-0.035854533,-1.9597352,1.5163838,699950016.0,23.87,finmb_1879271264,59.617,23.97076,-0.10816002,-0.0045121647,24.24878,-0.38617897,0.40026504,15,0,America/New_York,EDT,-14400000,NGM,24.75,23.68,5.64,USD,Ocean Park High Income ETF,1.07,-0.015925707,0.0,15.736518,DUKH,,,1547510400.0,2024-07-11,,,,,,,
Utilities,utilities,54,XLUI,State Street Utilities Select Sector SPDR Premium Income ETF,https://finance.yahoo.com/research-hub/screener/sec-ind_sec-top-etfs_utilities/,2026-07-19T02:51:50+00:00,en-US,US,EQUITY,Equity,Delayed Quote,False,LOW,,,,,1784318390,24.46,24.795,24.46,0.0,-0.110001,24.41 - 24.795,24.41,26621,1784326105.0,False,False,False,USD,1753882200000,24.41,26.15,State Street Utilities Select Sector SPDR Premium Income ETF,True,NYSEArca,2,0.0,0.0,,,,,CLOSED,-0.447703,24.62,25506,26410,[],1.0999985,200,us_market,0.047088973,23.36 - 26.339,-1.8790016,400,-0.07133914,-3.5793126,1.1818298,,24.57,finmb_1945101984,,24.30884,0.15115929,0.006218285,24.73567,-0.275671,,15,0,America/New_York,EDT,-14400000,PCX,26.339,23.36,,,State Street Utilities Select S,,-0.011144675,0.0,20.696718,XLUI,,,,,,,,,,The Select Sector SPDR Trust - The Utilities Select Sector SPDR Premium Income Fund,2026-07-19
Utilities,utilities,55,TPLS,Thornburg Core Plus Bond ETF,https://finance.yahoo.com/research-hub/screener/sec-ind_sec-top-etfs_utilities/,2026-07-19T02:51:50+00:00,en-US,US,ETF,ETF,Nasdaq Real Time Price,False,LOW,,,,,1784318400,25.01,25.01,25.01,0.0,0.040000916,25.0001 - 25.01,25.0001,2130,1784319005.0,False,False,False,USD,1738765800000,25.25,25.27,Thornburg Core Plus Bond ETF,True,NasdaqGM,2,0.0,0.0,0.99248,1.10046,1.10046,20100658.0,CLOSED,0.1601959,25.0001,5458,24720,[],0.19000053,1,us_market,0.0076551386,24.82 - 26.0,-0.9899998,1,-0.038076915,-0.7342756,,,24.97,finmb_1900837358,,25.09954,-0.08954048,-0.003567415,25.43913,-0.42913055,,15,0,America/New_York,EDT,-14400000,NGM,26.0,24.82,4.66,,Thornburg Core Plus Bond ETF,0.45,-0.016868915,0.0,,TPLS,,,,2025-02-05,,,,,,,
Utilities,utilities,56,MFLX,First Trust Flexible Municipal High Income ETF,https://finance.yahoo.com/research-hub/screener/sec-ind_sec-top-etfs_utilities/,2026-07-19T02:51:50+00:00,en-US,US,ETF,ETF,Nasdaq Real Time Price,False,LOW,3.55,21.186440677966104,8.00064,8.11191,1784318400,17.265,17.265,17.265,-0.07500076,-0.07500076,17.265 - 17.265,17.265,18,1784319005.0,False,False,False,USD,1475155800000,17.2,17.33,First Trust Flexible Municipal High Income ETF,True,NasdaqGM,2,-0.43253034,0.0,3.81797,3.76255,3.76255,19926344.0,CLOSED,-0.4325303,17.265,6101,6830,[],1.0849991,1,us_market,0.06705804,16.18 - 17.95,-0.6850014,1,-0.038161635,5.1461577,,,17.34,finmb_346872599,,17.24576,0.019239426,0.0011156033,17.1186,0.14639854,,15,0,America/New_York,EDT,-14400000,NGM,17.95,16.18,4.04,,First Trust Flexible Municipal ,0.75,0.008552016,0.0,,MFLX,,,,,,,,,,,
Utilities,utilities,57,UPW,ProShares Ultra Utilities,https://finance.yahoo.com/research-hub/screener/sec-ind_sec-top-etfs_utilities/,2026-07-19T02:51:50+00:00,en-US,US,ETF,ETF,Delayed Quote,False,LOW,1.41,20.93364,-22.33155,32.6365,1784318400,23.58,24.65,23.58,0.0,-0.393101,23.41 - 24.65,23.41,22900,1784327010.0,False,False,False,USD,1170340200000,23.53,23.65,ProShares Ultra Utilities,True,NYSEArca,2,0.0,0.0,11.08149,-3.17709,-3.17709,18183712.0,CLOSED,-1.63976,24.65,16377,10940,[],3.334999,500,us_market,0.16473198,20.245 - 26.8,-3.2199993,1700,-0.12014923,10.730219,1.1473733,,23.9731,finmb_32432008,,23.4122,0.167799,0.00716716,23.702362,-0.12236214,,15,0,America/New_York,EDT,-14400000,PCX,26.8,20.245,1.41,,ProShares Ultra Utilities,0.95,-0.005162445,0.0,20.551289,UPW,,,,,,,,,,,
Utilities,utilities,58,BILD,Nomura Global Listed Infrastructure ETF,https://finance.yahoo.com/research-hub/screener/sec-ind_sec-top-etfs_utilities/,2026-07-19T02:51:50+00:00,en-US,US,ETF,ETF,Delayed Quote,False,LOW,4.76,21.070375,,,1784227678,30.1204,30.1204,,,0.0606003,30.1204 - 30.1204,30.1204,8,,False,False,False,USD,1701268200000,22.79,37.63,Nomura Global Listed Infrastructure ETF,True,NYSEArca,2,,0.0,8.79004,0.12166,0.12166,7386811.0,CLOSED,0.201599,30.03,770,1810,[],3.3204002,500,us_market,0.12389553,26.8 - 31.785,-1.6646004,3500,-0.052370626,11.262978,1.4133397,,30.0598,finmb_1845137186,,30.1504,-0.030000687,-0.0009950345,29.556265,0.5641346,,15,0,America/New_York,EDT,-14400000,PCX,31.785,26.8,4.76,,Nomura Global Listed Infrastruc,0.5,0.019086802,0.0,21.311506,BILD,,,,,,,,,,,
Utilities,utilities,59,PWRZ,TrueShares Eagle Global Next Gen Power Infrastructure ETF,https://finance.yahoo.com/research-hub/screener/sec-ind_sec-top-etfs_utilities/,2026-07-19T02:51:50+00:00,en-US,US,ETF,ETF,Nasdaq Real Time Price,False,LOW,,,,,1784301750,31.0751,31.195,31.0751,-0.11989975,0.0592995,31.0751 - 31.195,31.0751,121,1784319005.0,False,False,False,USD,1670596200000,15.55,46.65,TrueShares Eagle Global Next Gen Power Infrastructure ETF,True,Cboe US,2,-0.38435566,,14.87339,-0.37817,-0.37817,5952393.0,CLOSED,0.191191,31.195,2166,440,[],8.6331005,900,us_market,0.384685,22.442 - 33.54,-2.464901,300,-0.07349138,25.251913,1.3562835,,31.0158,finmb_1804332262,,31.6269,-0.5517998,-0.017447166,29.877785,1.1973152,,15,0,America/New_York,EDT,-14400000,BTS,33.54,22.442,1.81,,TrueShares Eagle Global Renewab,0.75,0.04007376,,22.91195,PWRZ,,,,,,,,,,,
Utilities,utilities,60,JOJO,ATAC Credit Rotation ETF,https://finance.yahoo.com/research-hub/screener/sec-ind_sec-top-etfs_utilities/,2026-07-19T02:51:50+00:00,en-US,US,ETF,ETF,Delayed Quote,False,LOW,4.88,16.611295681063122,,,1784302222,15.2601,15.295,15.2601,0.0,0.0472002,15.2601 - 15.295,15.2601,1730,1784322300.0,False,False,False,USD,1626442200000,12.27,18.27,ATAC Credit Rotation ETF,True,NYSEArca,2,0.0,0.0,2.48838,1.45363,1.45363,5838439.0,CLOSED,0.310264,15.29,6225,16280,[],0.14010048,900,us_market,0.009265904,15.12 - 16.24,-0.9798994,1700,-0.060338635,0.52701235,0.88925034,,15.2129,finmb_717895295,,15.51902,-0.25891972,-0.016684026,15.6236,-0.36349964,,15,0,America/New_York,EDT,-14400000,PCX,16.24,15.12,5.12,,ATAC Credit Rotation ETF,1.24,-0.023266062,0.0,17.160635,JOJO,,,,,,,,,,,
